factura,fecha,vendedor,producto_id,cantidad_vendida,precio_unitario,costo_asociado_simulado
FAC-1000,2026-01-01,Vendedor_A,PROD002,4,18.2,13.0
FAC-1001,2026-01-01,Vendedor_C,PROD021,5,56.79,42.0
FAC-1002,2026-01-01,Vendedor_A,PROD025,11,71.03,50.0
FAC-1003,2026-01-01,Vendedor_C,PROD005,1,25.43,18.0
FAC-1004,2026-01-01,Vendedor_A,PROD003,5,17.02,12.5
FAC-1005,2026-01-01,Vendedor_B,PROD012,4,6.69,4.9
FAC-1006,2026-01-01,Vendedor_B,PROD009,4,8.82,6.5
FAC-1007,2026-01-01,Vendedor_A,PROD016,14,6.72,4.8
FAC-1008,2026-01-01,Vendedor_A,PROD019,1,32.6,24.0
FAC-1009,2026-01-01,Vendedor_A,PROD019,4,31.53,24.0
FAC-1010,2026-01-01,Vendedor_A,PROD019,5,32.97,24.0
FAC-1011,2026-01-01,Vendedor_B,PROD003,5,17.38,12.5
FAC-1012,2026-01-01,Vendedor_B,PROD004,5,17.3,12.0
FAC-1013,2026-01-01,Vendedor_A,PROD021,6,57.71,42.0
FAC-1014,2026-01-01,Vendedor_A,PROD003,2,17.91,12.5
FAC-1015,2026-01-01,Vendedor_B,PROD015,13,5.68,4.3
FAC-1016,2026-01-01,Vendedor_A,PROD017,5,32.88,25.0
FAC-1017,2026-01-01,Vendedor_C,PROD008,2,10.49,8.0
FAC-1018,2026-01-01,Vendedor_A,PROD002,5,18.2,13.0
FAC-1019,2026-01-01,Vendedor_A,PROD006,1,27.51,19.0
FAC-1020,2026-01-01,Vendedor_C,PROD022,14,63.99,45.0
FAC-1021,2026-01-01,Vendedor_B,PROD004,3,16.23,12.0
FAC-1022,2026-01-01,Vendedor_A,PROD012,20,6.78,4.9
FAC-1023,2026-01-01,Vendedor_A,PROD007,5,25.9,18.5
FAC-1024,2026-01-01,Vendedor_B,PROD013,21,5.72,4.2
FAC-1025,2026-01-01,Vendedor_B,PROD008,1,10.54,8.0
FAC-1026,2026-01-01,Vendedor_C,PROD003,4,17.34,12.5
FAC-1027,2026-01-01,Vendedor_B,PROD017,5,32.81,25.0
FAC-1028,2026-01-01,Vendedor_C,PROD006,5,26.99,19.0
FAC-1029,2026-01-01,Vendedor_B,PROD015,12,6.16,4.3
FAC-1030,2026-01-01,Vendedor_B,PROD005,1,24.08,18.0
FAC-1031,2026-01-01,Vendedor_A,PROD018,1,29.15,22.0
FAC-1032,2026-01-01,Vendedor_A,PROD021,12,58.99,42.0
FAC-1033,2026-01-01,Vendedor_A,PROD012,7,7.07,4.9
FAC-1034,2026-01-01,Vendedor_A,PROD012,5,6.45,4.9
FAC-1035,2026-01-01,Vendedor_B,PROD008,4,10.82,8.0
FAC-1036,2026-01-01,Vendedor_C,PROD005,1,26.03,18.0
FAC-1037,2026-01-01,Vendedor_C,PROD009,4,8.75,6.5
FAC-1038,2026-01-01,Vendedor_A,PROD016,15,6.72,4.8
FAC-1039,2026-01-01,Vendedor_C,PROD003,5,17.79,12.5
FAC-1040,2026-01-01,Vendedor_A,PROD015,19,6.18,4.3
FAC-1041,2026-01-01,Vendedor_A,PROD013,23,5.56,4.2
FAC-1042,2026-01-01,Vendedor_A,PROD001,1,19.6,14.0
FAC-1043,2026-01-01,Vendedor_A,PROD011,3,9.72,7.0
FAC-1044,2026-01-02,Vendedor_A,PROD017,3,37.07,26.0
FAC-1045,2026-01-02,Vendedor_A,PROD001,4,19.6,14.0
FAC-1046,2026-01-02,Vendedor_B,PROD017,3,35.88,26.0
FAC-1047,2026-01-02,Vendedor_B,PROD021,11,58.29,42.0
FAC-1048,2026-01-02,Vendedor_A,PROD010,1,8.14,6.0
FAC-1049,2026-01-02,Vendedor_A,PROD014,5,6.02,4.5
FAC-1050,2026-01-02,Vendedor_B,PROD001,2,19.6,14.0
FAC-1051,2026-01-02,Vendedor_A,PROD008,3,10.64,8.16
FAC-1052,2026-01-02,Vendedor_B,PROD018,5,31.41,22.0
FAC-1053,2026-01-02,Vendedor_A,PROD025,16,69.42,50.0
FAC-1054,2026-01-02,Vendedor_B,PROD005,3,25.07,18.0
FAC-1055,2026-01-02,Vendedor_A,PROD007,4,25.9,18.5
FAC-1056,2026-01-02,Vendedor_A,PROD002,2,18.2,13.0
FAC-1057,2026-01-02,Vendedor_A,PROD018,2,29.89,22.0
FAC-1058,2026-01-02,Vendedor_B,PROD020,2,68.6,49.0
FAC-1059,2026-01-02,Vendedor_A,PROD024,11,68.96,48.0
FAC-1060,2026-01-02,Vendedor_B,PROD019,2,33.71,24.0
FAC-1061,2026-01-02,Vendedor_B,PROD024,21,68.46,48.0
FAC-1062,2026-01-02,Vendedor_B,PROD024,3,62.73,48.0
FAC-1063,2026-01-02,Vendedor_B,PROD013,12,5.59,4.2
FAC-1064,2026-01-02,Vendedor_A,PROD019,3,33.13,24.0
FAC-1065,2026-01-02,Vendedor_A,PROD022,5,63.21,45.0
FAC-1066,2026-01-02,Vendedor_C,PROD024,19,65.36,48.0
FAC-1067,2026-01-02,Vendedor_A,PROD019,4,31.35,24.0
FAC-1068,2026-01-02,Vendedor_A,PROD010,1,7.96,6.0
FAC-1069,2026-01-02,Vendedor_A,PROD005,2,24.64,18.0
FAC-1070,2026-01-02,Vendedor_B,PROD017,1,35.76,26.0
FAC-1071,2026-01-02,Vendedor_B,PROD025,12,68.61,50.0
FAC-1072,2026-01-02,Vendedor_A,PROD016,5,6.72,4.8
FAC-1073,2026-01-02,Vendedor_A,PROD001,3,19.6,14.0
FAC-1074,2026-01-02,Vendedor_A,PROD020,23,68.6,49.0
FAC-1075,2026-01-02,Vendedor_A,PROD014,3,6.27,4.5
FAC-1076,2026-01-02,Vendedor_A,PROD013,20,5.5,4.2
FAC-1077,2026-01-02,Vendedor_B,PROD007,3,25.9,18.5
FAC-1078,2026-01-02,Vendedor_C,PROD015,7,5.61,4.3
FAC-1079,2026-01-02,Vendedor_A,PROD003,5,16.99,12.5
FAC-1080,2026-01-02,Vendedor_C,PROD010,2,8.31,6.0
FAC-1081,2026-01-02,Vendedor_A,PROD012,5,6.76,5.06
FAC-1082,2026-01-02,Vendedor_A,PROD010,4,8.51,6.0
FAC-1083,2026-01-02,Vendedor_B,PROD015,9,6.07,4.3
FAC-1084,2026-01-02,Vendedor_A,PROD017,5,36.0,26.0
FAC-1085,2026-01-02,Vendedor_B,PROD006,3,28.12,19.6
FAC-1086,2026-01-02,Vendedor_A,PROD024,2,65.99,48.0
FAC-1087,2026-01-02,Vendedor_A,PROD021,17,55.24,42.0
FAC-1088,2026-01-02,Vendedor_A,PROD004,1,17.13,12.0
FAC-1089,2026-01-03,Vendedor_A,PROD003,4,17.23,12.5
FAC-1090,2026-01-03,Vendedor_A,PROD024,12,63.21,48.0
FAC-1091,2026-01-03,Vendedor_C,PROD004,3,16.08,12.36
FAC-1092,2026-01-03,Vendedor_B,PROD025,20,70.39,50.0
FAC-1093,2026-01-03,Vendedor_A,PROD013,23,5.94,4.2
FAC-1094,2026-01-03,Vendedor_B,PROD004,1,16.86,12.36
FAC-1095,2026-01-03,Vendedor_B,PROD012,7,6.67,5.06
FAC-1096,2026-01-03,Vendedor_C,PROD005,5,27.68,20.12
FAC-1097,2026-01-03,Vendedor_A,PROD011,2,11.17,8.04
FAC-1098,2026-01-03,Vendedor_C,PROD005,5,26.35,20.12
FAC-1099,2026-01-03,Vendedor_A,PROD008,5,11.6,8.16
FAC-1100,2026-01-03,Vendedor_B,PROD009,3,9.19,6.5
FAC-1101,2026-01-03,Vendedor_B,PROD017,2,37.12,26.0
FAC-1102,2026-01-03,Vendedor_C,PROD014,3,6.48,4.5
FAC-1103,2026-01-03,Vendedor_C,PROD012,23,6.87,5.06
FAC-1104,2026-01-03,Vendedor_B,PROD008,4,11.62,8.16
FAC-1105,2026-01-03,Vendedor_C,PROD003,3,16.56,12.5
FAC-1106,2026-01-03,Vendedor_A,PROD014,14,6.2,4.5
FAC-1107,2026-01-03,Vendedor_C,PROD010,3,8.15,6.0
FAC-1108,2026-01-03,Vendedor_A,PROD006,1,27.07,19.6
FAC-1109,2026-01-03,Vendedor_A,PROD025,3,67.67,50.0
FAC-1110,2026-01-03,Vendedor_A,PROD014,8,5.89,4.5
FAC-1111,2026-01-03,Vendedor_A,PROD019,3,32.75,24.0
FAC-1112,2026-01-03,Vendedor_A,PROD008,5,11.46,8.16
FAC-1113,2026-01-03,Vendedor_B,PROD001,3,19.6,14.0
FAC-1114,2026-01-03,Vendedor_B,PROD004,5,17.92,12.36
FAC-1115,2026-01-03,Vendedor_A,PROD005,4,28.51,20.12
FAC-1116,2026-01-03,Vendedor_A,PROD022,11,63.32,45.0
FAC-1117,2026-01-03,Vendedor_A,PROD001,5,19.6,14.0
FAC-1118,2026-01-03,Vendedor_A,PROD015,16,6.14,4.3
FAC-1119,2026-01-03,Vendedor_A,PROD008,4,10.79,8.16
FAC-1120,2026-01-03,Vendedor_B,PROD013,20,5.91,4.2
FAC-1121,2026-01-03,Vendedor_A,PROD004,5,17.07,12.36
FAC-1122,2026-01-03,Vendedor_A,PROD020,11,68.6,49.0
FAC-1123,2026-01-03,Vendedor_A,PROD008,2,11.32,8.16
FAC-1124,2026-01-03,Vendedor_C,PROD014,9,6.27,4.5
FAC-1125,2026-01-03,Vendedor_A,PROD018,4,30.62,22.0
FAC-1126,2026-01-03,Vendedor_B,PROD011,4,11.58,8.04
FAC-1127,2026-01-03,Vendedor_B,PROD005,2,28.94,20.12
FAC-1128,2026-01-03,Vendedor_B,PROD017,3,36.05,26.0
FAC-1129,2026-01-03,Vendedor_C,PROD014,2,6.48,4.5
FAC-1130,2026-01-04,Vendedor_C,PROD005,1,29.13,20.12
FAC-1131,2026-01-04,Vendedor_C,PROD001,5,12.6,14.0
FAC-1132,2026-01-04,Vendedor_A,PROD015,21,5.74,4.39
FAC-1133,2026-01-04,Vendedor_A,PROD025,21,73.16,56.25
FAC-1134,2026-01-04,Vendedor_C,PROD025,3,50.62,56.25
FAC-1135,2026-01-04,Vendedor_A,PROD017,3,36.09,26.0
FAC-1136,2026-01-04,Vendedor_B,PROD019,4,32.09,24.0
FAC-1137,2026-01-04,Vendedor_A,PROD006,5,25.58,19.6
FAC-1138,2026-01-04,Vendedor_A,PROD011,5,11.21,8.04
FAC-1139,2026-01-04,Vendedor_C,PROD017,1,34.49,26.0
FAC-1140,2026-01-04,Vendedor_A,PROD020,9,68.6,49.0
FAC-1141,2026-01-04,Vendedor_A,PROD017,3,34.97,26.0
FAC-1142,2026-01-04,Vendedor_A,PROD024,18,68.87,48.0
FAC-1143,2026-01-04,Vendedor_C,PROD013,20,5.7,4.2
FAC-1144,2026-01-04,Vendedor_B,PROD018,2,30.01,22.33
FAC-1145,2026-01-04,Vendedor_B,PROD002,1,18.2,13.0
FAC-1146,2026-01-04,Vendedor_B,PROD018,4,30.69,22.33
FAC-1147,2026-01-04,Vendedor_A,PROD001,3,19.6,14.0
FAC-1148,2026-01-04,Vendedor_B,PROD010,4,8.19,6.11
FAC-1149,2026-01-04,Vendedor_A,PROD001,4,19.6,14.0
FAC-1150,2026-01-04,Vendedor_A,PROD018,1,31.93,22.33
FAC-1151,2026-01-04,Vendedor_A,PROD023,9,63.14,47.19
FAC-1152,2026-01-04,Vendedor_B,PROD022,20,60.79,45.0
FAC-1153,2026-01-04,Vendedor_B,PROD001,2,19.6,14.0
FAC-1154,2026-01-04,Vendedor_B,PROD003,3,16.71,12.5
FAC-1155,2026-01-04,Vendedor_A,PROD016,6,6.72,5.4
FAC-1156,2026-01-04,Vendedor_A,PROD022,17,59.88,45.0
FAC-1157,2026-01-04,Vendedor_A,PROD018,5,29.07,22.33
FAC-1158,2026-01-04,Vendedor_C,PROD019,5,31.64,24.0
FAC-1159,2026-01-04,Vendedor_C,PROD018,4,32.02,22.33
FAC-1160,2026-01-04,Vendedor_A,PROD011,4,10.76,8.04
FAC-1161,2026-01-04,Vendedor_B,PROD020,7,68.6,49.0
FAC-1162,2026-01-04,Vendedor_A,PROD009,4,8.88,6.5
FAC-1163,2026-01-04,Vendedor_A,PROD022,15,63.76,45.0
FAC-1164,2026-01-04,Vendedor_A,PROD023,20,67.01,47.19
FAC-1165,2026-01-04,Vendedor_B,PROD017,5,34.85,26.0
FAC-1166,2026-01-04,Vendedor_A,PROD025,12,75.3,56.25
FAC-1167,2026-01-04,Vendedor_B,PROD014,14,6.51,4.5
FAC-1168,2026-01-04,Vendedor_A,PROD002,3,18.2,13.0
FAC-1169,2026-01-04,Vendedor_A,PROD006,4,28.17,19.6
FAC-1170,2026-01-04,Vendedor_B,PROD009,1,8.72,6.5
FAC-1171,2026-01-04,Vendedor_A,PROD006,2,27.92,19.6
FAC-1172,2026-01-04,Vendedor_C,PROD022,7,59.42,45.0
FAC-1173,2026-01-04,Vendedor_B,PROD008,5,10.91,8.16
FAC-1174,2026-01-04,Vendedor_B,PROD007,1,25.9,20.75
FAC-1175,2026-01-04,Vendedor_B,PROD021,3,57.01,42.0
FAC-1176,2026-01-04,Vendedor_A,PROD022,5,63.48,45.0
FAC-1177,2026-01-04,Vendedor_A,PROD019,3,32.08,24.0
FAC-1178,2026-01-05,Vendedor_B,PROD017,2,36.61,26.0
FAC-1179,2026-01-05,Vendedor_C,PROD023,6,66.04,47.19
FAC-1180,2026-01-05,Vendedor_A,PROD024,21,63.95,48.0
FAC-1181,2026-01-05,Vendedor_A,PROD019,3,33.34,24.0
FAC-1182,2026-01-05,Vendedor_B,PROD013,3,5.77,4.36
FAC-1183,2026-01-05,Vendedor_A,PROD021,2,58.04,42.94
FAC-1184,2026-01-05,Vendedor_B,PROD025,8,79.07,56.25
FAC-1185,2026-01-05,Vendedor_B,PROD003,4,17.79,12.5
FAC-1186,2026-01-05,Vendedor_B,PROD019,3,32.18,24.0
FAC-1187,2026-01-05,Vendedor_C,PROD005,5,26.43,20.12
FAC-1188,2026-01-05,Vendedor_A,PROD017,4,37.51,26.0
FAC-1189,2026-01-05,Vendedor_C,PROD016,9,6.72,5.4
FAC-1190,2026-01-05,Vendedor_B,PROD021,17,60.71,42.94
FAC-1191,2026-01-05,Vendedor_C,PROD006,4,28.36,19.6
FAC-1192,2026-01-05,Vendedor_A,PROD015,16,6.16,4.39
FAC-1193,2026-01-05,Vendedor_C,PROD010,2,8.48,6.11
FAC-1194,2026-01-05,Vendedor_A,PROD021,16,58.87,42.94
FAC-1195,2026-01-05,Vendedor_A,PROD021,9,60.53,42.94
FAC-1196,2026-01-05,Vendedor_B,PROD018,4,30.44,22.33
FAC-1197,2026-01-05,Vendedor_A,PROD007,3,25.9,20.75
FAC-1198,2026-01-05,Vendedor_B,PROD010,3,8.53,6.11
FAC-1199,2026-01-05,Vendedor_A,PROD012,6,6.67,5.06
FAC-1200,2026-01-05,Vendedor_B,PROD011,4,10.86,8.04
FAC-1201,2026-01-05,Vendedor_A,PROD007,1,25.9,20.75
FAC-1202,2026-01-05,Vendedor_A,PROD004,2,17.53,12.36
FAC-1203,2026-01-05,Vendedor_C,PROD001,2,12.6,14.0
FAC-1204,2026-01-05,Vendedor_C,PROD023,14,64.62,47.19
FAC-1205,2026-01-05,Vendedor_C,PROD013,8,5.92,4.36
FAC-1206,2026-01-05,Vendedor_B,PROD014,22,6.09,4.5
FAC-1207,2026-01-05,Vendedor_C,PROD012,16,7.05,5.06
FAC-1208,2026-01-05,Vendedor_A,PROD025,8,79.61,56.25
FAC-1209,2026-01-05,Vendedor_B,PROD020,18,68.6,49.0
FAC-1210,2026-01-05,Vendedor_A,PROD003,2,17.13,12.5
FAC-1211,2026-01-05,Vendedor_B,PROD004,1,17.39,12.36
FAC-1212,2026-01-05,Vendedor_A,PROD021,18,62.18,42.94
FAC-1213,2026-01-05,Vendedor_A,PROD025,6,78.86,56.25
FAC-1214,2026-01-05,Vendedor_A,PROD005,3,26.43,20.12
FAC-1215,2026-01-05,Vendedor_B,PROD013,5,6.31,4.36
FAC-1216,2026-01-06,Vendedor_B,PROD008,5,11.76,8.16
FAC-1217,2026-01-06,Vendedor_A,PROD019,2,33.05,24.0
FAC-1218,2026-01-06,Vendedor_A,PROD025,4,74.99,56.25
FAC-1219,2026-01-06,Vendedor_A,PROD024,16,64.92,48.0
FAC-1220,2026-01-06,Vendedor_C,PROD023,18,67.6,47.19
FAC-1221,2026-01-06,Vendedor_A,PROD010,1,8.42,6.11
FAC-1222,2026-01-06,Vendedor_A,PROD024,14,68.86,48.0
FAC-1223,2026-01-06,Vendedor_A,PROD024,5,67.78,48.0
FAC-1224,2026-01-06,Vendedor_A,PROD014,4,6.67,4.67
FAC-1225,2026-01-06,Vendedor_C,PROD009,2,8.81,6.74
FAC-1226,2026-01-06,Vendedor_C,PROD009,3,9.09,6.74
FAC-1227,2026-01-06,Vendedor_A,PROD002,3,18.2,13.0
FAC-1228,2026-01-06,Vendedor_B,PROD005,5,26.3,20.12
FAC-1229,2026-01-06,Vendedor_B,PROD016,6,6.72,5.4
FAC-1230,2026-01-06,Vendedor_A,PROD013,20,6.22,4.36
FAC-1231,2026-01-06,Vendedor_B,PROD003,3,16.9,12.5
FAC-1232,2026-01-06,Vendedor_C,PROD013,20,5.84,4.36
FAC-1233,2026-01-06,Vendedor_B,PROD016,2,6.72,5.4
FAC-1234,2026-01-06,Vendedor_B,PROD016,12,6.72,5.4
FAC-1235,2026-01-06,Vendedor_B,PROD013,7,6.12,4.36
FAC-1236,2026-01-06,Vendedor_C,PROD007,5,25.9,20.75
FAC-1237,2026-01-06,Vendedor_C,PROD025,12,73.37,56.25
FAC-1238,2026-01-06,Vendedor_A,PROD021,5,60.61,42.94
FAC-1239,2026-01-06,Vendedor_C,PROD002,5,18.2,13.0
FAC-1240,2026-01-06,Vendedor_A,PROD012,15,6.58,5.06
FAC-1241,2026-01-06,Vendedor_A,PROD017,2,35.98,26.0
FAC-1242,2026-01-06,Vendedor_A,PROD024,20,68.29,48.0
FAC-1243,2026-01-06,Vendedor_B,PROD007,2,25.9,20.75
FAC-1244,2026-01-06,Vendedor_A,PROD015,5,6.32,4.39
FAC-1245,2026-01-06,Vendedor_B,PROD020,19,68.6,49.0
FAC-1246,2026-01-06,Vendedor_B,PROD004,1,16.63,12.36
FAC-1247,2026-01-06,Vendedor_A,PROD010,3,8.38,6.11
FAC-1248,2026-01-06,Vendedor_C,PROD018,5,31.95,22.33
FAC-1249,2026-01-06,Vendedor_A,PROD012,13,7.15,5.06
FAC-1250,2026-01-06,Vendedor_A,PROD007,1,25.9,20.75
FAC-1251,2026-01-06,Vendedor_C,PROD006,3,26.57,19.6
FAC-1252,2026-01-06,Vendedor_A,PROD023,5,64.5,47.19
FAC-1253,2026-01-06,Vendedor_C,PROD017,5,34.2,26.0
FAC-1254,2026-01-06,Vendedor_A,PROD011,4,10.72,8.04
FAC-1255,2026-01-06,Vendedor_C,PROD022,13,59.39,45.0
FAC-1256,2026-01-06,Vendedor_C,PROD024,17,65.51,48.0
FAC-1257,2026-01-06,Vendedor_A,PROD005,1,28.08,20.12
FAC-1258,2026-01-06,Vendedor_A,PROD005,4,29.13,20.12
FAC-1259,2026-01-06,Vendedor_A,PROD006,1,26.16,19.6
FAC-1260,2026-01-06,Vendedor_B,PROD025,13,79.16,56.25
FAC-1261,2026-01-07,Vendedor_A,PROD008,5,10.8,8.16
FAC-1262,2026-01-07,Vendedor_A,PROD021,19,56.81,42.94
FAC-1263,2026-01-07,Vendedor_A,PROD020,13,68.6,49.97
FAC-1264,2026-01-07,Vendedor_C,PROD021,21,61.7,42.94
FAC-1265,2026-01-07,Vendedor_A,PROD014,8,6.39,4.67
FAC-1266,2026-01-07,Vendedor_A,PROD017,1,36.17,26.0
FAC-1267,2026-01-07,Vendedor_A,PROD006,5,26.14,19.6
FAC-1268,2026-01-07,Vendedor_A,PROD021,14,59.62,42.94
FAC-1269,2026-01-07,Vendedor_A,PROD017,2,33.85,26.0
FAC-1270,2026-01-07,Vendedor_B,PROD014,12,6.75,4.67
FAC-1271,2026-01-07,Vendedor_C,PROD013,10,6.16,4.36
FAC-1272,2026-01-07,Vendedor_B,PROD008,1,11.49,8.16
FAC-1273,2026-01-07,Vendedor_B,PROD017,4,34.2,26.0
FAC-1274,2026-01-07,Vendedor_A,PROD020,9,68.6,49.97
FAC-1275,2026-01-07,Vendedor_B,PROD018,1,30.12,22.33
FAC-1276,2026-01-07,Vendedor_A,PROD009,4,9.12,6.74
FAC-1277,2026-01-07,Vendedor_C,PROD022,15,60.67,45.0
FAC-1278,2026-01-07,Vendedor_A,PROD018,4,31.78,22.33
FAC-1279,2026-01-07,Vendedor_A,PROD017,3,37.51,26.0
FAC-1280,2026-01-07,Vendedor_B,PROD006,1,27.23,19.6
FAC-1281,2026-01-07,Vendedor_C,PROD018,4,32.16,22.33
FAC-1282,2026-01-07,Vendedor_A,PROD020,8,68.6,49.97
FAC-1283,2026-01-07,Vendedor_B,PROD011,2,11.53,8.04
FAC-1284,2026-01-07,Vendedor_B,PROD022,10,61.55,45.0
FAC-1285,2026-01-07,Vendedor_B,PROD010,4,8.34,6.11
FAC-1286,2026-01-07,Vendedor_A,PROD023,20,65.95,47.19
FAC-1287,2026-01-07,Vendedor_A,PROD019,5,34.71,24.0
FAC-1288,2026-01-07,Vendedor_A,PROD023,13,64.42,47.19
FAC-1289,2026-01-07,Vendedor_B,PROD018,5,29.1,22.33
FAC-1290,2026-01-07,Vendedor_B,PROD024,11,71.43,49.39
FAC-1291,2026-01-07,Vendedor_A,PROD019,1,33.65,24.0
FAC-1292,2026-01-07,Vendedor_A,PROD007,5,25.9,20.75
FAC-1293,2026-01-07,Vendedor_A,PROD024,13,67.36,49.39
FAC-1294,2026-01-07,Vendedor_B,PROD020,19,68.6,49.97
FAC-1295,2026-01-07,Vendedor_B,PROD017,2,35.8,26.0
FAC-1296,2026-01-07,Vendedor_B,PROD021,16,58.37,42.94
FAC-1297,2026-01-07,Vendedor_B,PROD002,2,18.2,14.04
FAC-1298,2026-01-07,Vendedor_C,PROD019,4,33.33,24.0
FAC-1299,2026-01-07,Vendedor_B,PROD003,1,17.42,12.5
FAC-1300,2026-01-07,Vendedor_A,PROD003,2,17.71,12.5
FAC-1301,2026-01-07,Vendedor_B,PROD012,6,6.86,5.06
FAC-1302,2026-01-07,Vendedor_A,PROD005,4,26.36,20.12
FAC-1303,2026-01-07,Vendedor_B,PROD015,21,6.1,4.39
FAC-1304,2026-01-07,Vendedor_A,PROD002,1,18.2,14.04
FAC-1305,2026-01-07,Vendedor_A,PROD025,6,81.3,56.25
FAC-1306,2026-01-08,Vendedor_B,PROD001,4,19.6,14.47
FAC-1307,2026-01-08,Vendedor_A,PROD013,11,5.82,4.36
FAC-1308,2026-01-08,Vendedor_A,PROD003,5,17.34,12.69
FAC-1309,2026-01-08,Vendedor_A,PROD010,5,8.56,6.11
FAC-1310,2026-01-08,Vendedor_B,PROD020,13,68.6,49.97
FAC-1311,2026-01-08,Vendedor_A,PROD001,4,19.6,14.47
FAC-1312,2026-01-08,Vendedor_A,PROD025,13,78.23,56.25
FAC-1313,2026-01-08,Vendedor_B,PROD005,4,28.52,20.12
FAC-1314,2026-01-08,Vendedor_A,PROD015,21,6.28,4.39
FAC-1315,2026-01-08,Vendedor_A,PROD018,5,32.33,22.33
FAC-1316,2026-01-08,Vendedor_A,PROD020,2,68.6,49.97
FAC-1317,2026-01-08,Vendedor_A,PROD023,6,62.94,47.19
FAC-1318,2026-01-08,Vendedor_B,PROD001,4,19.6,14.47
FAC-1319,2026-01-08,Vendedor_A,PROD010,3,8.31,6.11
FAC-1320,2026-01-08,Vendedor_A,PROD011,5,10.47,8.04
FAC-1321,2026-01-08,Vendedor_A,PROD025,12,78.02,56.25
FAC-1322,2026-01-08,Vendedor_B,PROD018,5,30.18,22.33
FAC-1323,2026-01-08,Vendedor_B,PROD020,11,68.6,49.97
FAC-1324,2026-01-08,Vendedor_A,PROD023,9,62.5,47.19
FAC-1325,2026-01-08,Vendedor_A,PROD006,2,28.03,19.6
FAC-1326,2026-01-08,Vendedor_C,PROD001,2,13.02,14.47
FAC-1327,2026-01-08,Vendedor_C,PROD018,1,29.85,22.33
FAC-1328,2026-01-08,Vendedor_B,PROD012,5,6.66,5.06
FAC-1329,2026-01-08,Vendedor_B,PROD001,5,19.6,14.47
FAC-1330,2026-01-08,Vendedor_B,PROD016,3,6.72,5.4
FAC-1331,2026-01-08,Vendedor_A,PROD018,1,31.06,22.33
FAC-1332,2026-01-08,Vendedor_B,PROD009,5,9.77,6.74
FAC-1333,2026-01-08,Vendedor_A,PROD013,3,5.86,4.36
FAC-1334,2026-01-08,Vendedor_B,PROD006,2,26.44,19.6
FAC-1335,2026-01-08,Vendedor_A,PROD018,5,31.97,22.33
FAC-1336,2026-01-08,Vendedor_A,PROD011,1,10.91,8.04
FAC-1337,2026-01-08,Vendedor_A,PROD021,8,57.91,42.94
FAC-1338,2026-01-08,Vendedor_A,PROD015,2,6.16,4.39
FAC-1339,2026-01-08,Vendedor_A,PROD017,2,35.93,26.0
FAC-1340,2026-01-08,Vendedor_B,PROD011,2,11.18,8.04
FAC-1341,2026-01-08,Vendedor_A,PROD002,3,18.2,14.04
FAC-1342,2026-01-08,Vendedor_B,PROD021,7,61.38,42.94
FAC-1343,2026-01-08,Vendedor_A,PROD021,6,61.06,42.94
FAC-1344,2026-01-08,Vendedor_B,PROD002,4,18.2,14.04
FAC-1345,2026-01-09,Vendedor_B,PROD015,15,5.97,4.39
FAC-1346,2026-01-09,Vendedor_B,PROD018,5,31.43,22.33
FAC-1347,2026-01-09,Vendedor_C,PROD023,22,64.4,47.19
FAC-1348,2026-01-09,Vendedor_C,PROD015,16,5.87,4.39
FAC-1349,2026-01-09,Vendedor_A,PROD004,2,17.8,12.36
FAC-1350,2026-01-09,Vendedor_A,PROD014,21,6.41,4.67
FAC-1351,2026-01-09,Vendedor_C,PROD014,4,6.29,4.67
FAC-1352,2026-01-09,Vendedor_B,PROD008,2,10.99,8.16
FAC-1353,2026-01-09,Vendedor_A,PROD002,4,18.2,14.04
FAC-1354,2026-01-09,Vendedor_A,PROD025,13,77.53,56.25
FAC-1355,2026-01-09,Vendedor_A,PROD010,1,8.68,6.11
FAC-1356,2026-01-09,Vendedor_C,PROD010,4,8.11,6.11
FAC-1357,2026-01-09,Vendedor_C,PROD004,4,16.23,12.36
FAC-1358,2026-01-09,Vendedor_A,PROD024,14,68.11,49.39
FAC-1359,2026-01-09,Vendedor_B,PROD023,10,65.86,47.19
FAC-1360,2026-01-09,Vendedor_A,PROD009,1,9.42,6.74
FAC-1361,2026-01-09,Vendedor_A,PROD010,2,8.77,6.11
FAC-1362,2026-01-09,Vendedor_B,PROD005,4,27.07,20.12
FAC-1363,2026-01-09,Vendedor_B,PROD007,2,25.9,20.75
FAC-1364,2026-01-09,Vendedor_A,PROD019,2,34.07,24.45
FAC-1365,2026-01-09,Vendedor_B,PROD005,2,26.66,20.12
FAC-1366,2026-01-09,Vendedor_A,PROD001,1,19.6,14.47
FAC-1367,2026-01-09,Vendedor_B,PROD022,8,60.0,46.03
FAC-1368,2026-01-09,Vendedor_A,PROD011,5,10.73,8.04
FAC-1369,2026-01-09,Vendedor_C,PROD025,22,77.32,56.25
FAC-1370,2026-01-09,Vendedor_A,PROD018,1,30.38,22.33
FAC-1371,2026-01-09,Vendedor_A,PROD017,3,33.86,26.0
FAC-1372,2026-01-09,Vendedor_B,PROD004,5,17.41,12.36
FAC-1373,2026-01-09,Vendedor_B,PROD014,5,6.26,4.67
FAC-1374,2026-01-09,Vendedor_A,PROD003,1,17.26,12.69
FAC-1375,2026-01-09,Vendedor_A,PROD007,1,25.9,20.75
FAC-1376,2026-01-09,Vendedor_B,PROD002,4,18.2,14.04
FAC-1377,2026-01-09,Vendedor_B,PROD021,4,57.57,42.94
FAC-1378,2026-01-09,Vendedor_A,PROD022,23,61.43,46.03
FAC-1379,2026-01-09,Vendedor_A,PROD006,1,25.63,19.6
FAC-1380,2026-01-09,Vendedor_A,PROD003,4,17.89,12.69
FAC-1381,2026-01-09,Vendedor_B,PROD004,1,17.85,12.36
FAC-1382,2026-01-09,Vendedor_A,PROD023,17,65.14,47.19
FAC-1383,2026-01-10,Vendedor_C,PROD017,3,34.97,26.0
FAC-1384,2026-01-10,Vendedor_A,PROD016,20,6.72,5.4
FAC-1385,2026-01-10,Vendedor_B,PROD008,4,10.63,8.16
FAC-1386,2026-01-10,Vendedor_C,PROD001,2,13.02,14.47
FAC-1387,2026-01-10,Vendedor_A,PROD008,4,11.53,8.16
FAC-1388,2026-01-10,Vendedor_A,PROD006,4,25.95,19.6
FAC-1389,2026-01-10,Vendedor_A,PROD001,5,19.6,14.47
FAC-1390,2026-01-10,Vendedor_A,PROD002,2,18.2,14.04
FAC-1391,2026-01-10,Vendedor_A,PROD025,21,77.8,56.25
FAC-1392,2026-01-10,Vendedor_C,PROD023,7,68.02,47.19
FAC-1393,2026-01-10,Vendedor_B,PROD003,4,17.99,12.69
FAC-1394,2026-01-10,Vendedor_B,PROD005,1,27.34,20.12
FAC-1395,2026-01-10,Vendedor_B,PROD010,2,8.44,6.11
FAC-1396,2026-01-10,Vendedor_B,PROD014,21,6.64,4.67
FAC-1397,2026-01-10,Vendedor_A,PROD014,3,6.13,4.67
FAC-1398,2026-01-10,Vendedor_A,PROD002,4,18.2,14.04
FAC-1399,2026-01-10,Vendedor_C,PROD018,1,31.18,22.33
FAC-1400,2026-01-10,Vendedor_B,PROD022,2,62.01,46.03
FAC-1401,2026-01-10,Vendedor_C,PROD014,21,6.7,4.67
FAC-1402,2026-01-10,Vendedor_C,PROD003,5,18.31,12.69
FAC-1403,2026-01-10,Vendedor_A,PROD021,5,56.61,42.94
FAC-1404,2026-01-10,Vendedor_A,PROD025,13,75.09,56.25
FAC-1405,2026-01-10,Vendedor_C,PROD013,7,6.28,4.36
FAC-1406,2026-01-10,Vendedor_B,PROD011,3,11.2,8.04
FAC-1407,2026-01-10,Vendedor_A,PROD019,1,33.86,24.45
FAC-1408,2026-01-10,Vendedor_A,PROD002,2,18.2,14.04
FAC-1409,2026-01-10,Vendedor_A,PROD024,10,66.41,49.39
FAC-1410,2026-01-10,Vendedor_B,PROD003,3,16.64,12.69
FAC-1411,2026-01-10,Vendedor_B,PROD007,4,25.9,20.75
FAC-1412,2026-01-10,Vendedor_B,PROD001,1,19.6,14.47
FAC-1413,2026-01-10,Vendedor_A,PROD005,4,28.01,20.12
FAC-1414,2026-01-10,Vendedor_A,PROD004,5,17.05,12.36
FAC-1415,2026-01-10,Vendedor_A,PROD020,4,68.6,49.97
FAC-1416,2026-01-10,Vendedor_B,PROD007,5,25.9,20.75
FAC-1417,2026-01-10,Vendedor_A,PROD022,22,66.49,46.03
FAC-1418,2026-01-10,Vendedor_B,PROD022,8,65.3,46.03
FAC-1419,2026-01-10,Vendedor_A,PROD005,2,26.81,20.12
FAC-1420,2026-01-10,Vendedor_C,PROD013,14,6.31,4.36
FAC-1421,2026-01-10,Vendedor_A,PROD004,3,16.76,12.36
FAC-1422,2026-01-10,Vendedor_A,PROD021,5,61.26,42.94
FAC-1423,2026-01-10,Vendedor_A,PROD002,4,18.2,14.04
FAC-1424,2026-01-10,Vendedor_A,PROD018,4,30.62,22.33
FAC-1425,2026-01-10,Vendedor_C,PROD006,1,26.63,19.6
FAC-1426,2026-01-10,Vendedor_B,PROD009,1,8.87,6.74
FAC-1427,2026-01-10,Vendedor_C,PROD001,1,19.6,14.47
FAC-1428,2026-01-10,Vendedor_A,PROD010,5,8.8,6.11
FAC-1429,2026-01-11,Vendedor_A,PROD011,1,11.05,8.04
FAC-1430,2026-01-11,Vendedor_A,PROD015,14,6.29,4.39
FAC-1431,2026-01-11,Vendedor_C,PROD019,5,32.17,24.45
FAC-1432,2026-01-11,Vendedor_A,PROD008,3,10.66,8.16
FAC-1433,2026-01-11,Vendedor_A,PROD001,3,19.6,14.47
FAC-1434,2026-01-11,Vendedor_B,PROD024,9,64.47,49.39
FAC-1435,2026-01-11,Vendedor_C,PROD014,20,6.77,4.67
FAC-1436,2026-01-11,Vendedor_B,PROD007,3,25.9,20.75
FAC-1437,2026-01-11,Vendedor_B,PROD011,2,10.95,8.04
FAC-1438,2026-01-11,Vendedor_B,PROD006,1,25.72,19.6
FAC-1439,2026-01-11,Vendedor_B,PROD008,2,11.55,8.16
FAC-1440,2026-01-11,Vendedor_A,PROD015,5,5.84,4.39
FAC-1441,2026-01-11,Vendedor_C,PROD014,19,6.12,4.67
FAC-1442,2026-01-11,Vendedor_A,PROD010,2,8.68,6.11
FAC-1443,2026-01-11,Vendedor_C,PROD022,17,63.19,46.03
FAC-1444,2026-01-11,Vendedor_A,PROD002,1,18.2,14.04
FAC-1445,2026-01-11,Vendedor_A,PROD008,3,11.34,8.16
FAC-1446,2026-01-11,Vendedor_B,PROD014,23,6.38,4.67
FAC-1447,2026-01-11,Vendedor_A,PROD020,22,68.6,49.97
FAC-1448,2026-01-11,Vendedor_C,PROD012,22,6.73,5.06
FAC-1449,2026-01-11,Vendedor_A,PROD003,1,17.78,12.69
FAC-1450,2026-01-11,Vendedor_A,PROD012,14,7.28,5.06
FAC-1451,2026-01-11,Vendedor_B,PROD021,15,62.12,42.94
FAC-1452,2026-01-11,Vendedor_A,PROD007,3,25.9,20.75
FAC-1453,2026-01-11,Vendedor_A,PROD022,14,65.04,46.03
FAC-1454,2026-01-11,Vendedor_B,PROD018,4,29.39,22.33
FAC-1455,2026-01-11,Vendedor_B,PROD018,4,29.74,22.33
FAC-1456,2026-01-11,Vendedor_B,PROD013,2,5.94,4.36
FAC-1457,2026-01-11,Vendedor_A,PROD024,8,68.74,49.39
FAC-1458,2026-01-11,Vendedor_B,PROD012,16,7.06,5.06
FAC-1459,2026-01-11,Vendedor_A,PROD008,1,11.17,8.16
FAC-1460,2026-01-11,Vendedor_C,PROD012,9,7.13,5.06
FAC-1461,2026-01-11,Vendedor_C,PROD003,3,17.26,12.69
FAC-1462,2026-01-11,Vendedor_B,PROD025,8,77.81,56.25
FAC-1463,2026-01-11,Vendedor_A,PROD002,5,18.2,14.04
FAC-1464,2026-01-11,Vendedor_A,PROD009,2,9.32,6.74
FAC-1465,2026-01-11,Vendedor_A,PROD022,3,65.59,46.03
FAC-1466,2026-01-11,Vendedor_A,PROD021,20,58.19,42.94
FAC-1467,2026-01-11,Vendedor_B,PROD023,5,64.68,47.19
FAC-1468,2026-01-11,Vendedor_B,PROD015,23,6.0,4.39
FAC-1469,2026-01-11,Vendedor_B,PROD003,5,16.76,12.69
FAC-1470,2026-01-11,Vendedor_A,PROD010,1,8.51,6.11
FAC-1471,2026-01-11,Vendedor_B,PROD013,5,5.73,4.36
FAC-1472,2026-01-11,Vendedor_A,PROD014,21,6.58,4.67
FAC-1473,2026-01-11,Vendedor_A,PROD004,2,16.17,12.36
FAC-1474,2026-01-11,Vendedor_C,PROD019,1,32.77,24.45
FAC-1475,2026-01-12,Vendedor_B,PROD014,13,6.18,4.67
FAC-1476,2026-01-12,Vendedor_C,PROD006,3,26.1,19.6
FAC-1477,2026-01-12,Vendedor_A,PROD016,18,6.72,5.4
FAC-1478,2026-01-12,Vendedor_A,PROD023,18,63.02,47.19
FAC-1479,2026-01-12,Vendedor_C,PROD015,14,6.36,4.39
FAC-1480,2026-01-12,Vendedor_A,PROD001,4,19.6,14.47
FAC-1481,2026-01-12,Vendedor_B,PROD020,16,68.6,49.97
FAC-1482,2026-01-12,Vendedor_B,PROD006,1,28.39,19.6
FAC-1483,2026-01-12,Vendedor_A,PROD016,21,6.72,5.4
FAC-1484,2026-01-12,Vendedor_A,PROD010,1,8.25,6.11
FAC-1485,2026-01-12,Vendedor_B,PROD022,14,61.72,46.03
FAC-1486,2026-01-12,Vendedor_A,PROD019,2,35.23,24.45
FAC-1487,2026-01-12,Vendedor_A,PROD019,4,33.17,24.45
FAC-1488,2026-01-12,Vendedor_C,PROD017,4,35.5,26.0
FAC-1489,2026-01-12,Vendedor_A,PROD006,2,27.34,19.6
FAC-1490,2026-01-12,Vendedor_B,PROD003,1,17.33,12.69
FAC-1491,2026-01-12,Vendedor_A,PROD022,21,61.39,46.03
FAC-1492,2026-01-12,Vendedor_A,PROD024,13,67.7,49.39
FAC-1493,2026-01-12,Vendedor_A,PROD010,3,8.2,6.11
FAC-1494,2026-01-12,Vendedor_A,PROD023,17,67.76,47.19
FAC-1495,2026-01-12,Vendedor_B,PROD016,11,6.72,5.4
FAC-1496,2026-01-12,Vendedor_A,PROD025,14,79.68,56.25
FAC-1497,2026-01-12,Vendedor_A,PROD004,2,16.13,12.36
FAC-1498,2026-01-12,Vendedor_B,PROD011,1,10.62,8.04
FAC-1499,2026-01-12,Vendedor_A,PROD007,2,25.9,20.75
FAC-1500,2026-01-12,Vendedor_A,PROD024,17,68.27,49.39
FAC-1501,2026-01-12,Vendedor_A,PROD007,2,25.9,20.75
FAC-1502,2026-01-12,Vendedor_B,PROD012,6,7.18,5.06
FAC-1503,2026-01-12,Vendedor_B,PROD021,6,57.47,42.94
FAC-1504,2026-01-12,Vendedor_A,PROD024,22,66.71,49.39
FAC-1505,2026-01-12,Vendedor_A,PROD012,19,6.84,5.06
FAC-1506,2026-01-12,Vendedor_A,PROD021,8,57.27,42.94
FAC-1507,2026-01-12,Vendedor_B,PROD022,3,63.71,46.03
FAC-1508,2026-01-12,Vendedor_B,PROD011,1,10.53,8.04
FAC-1509,2026-01-12,Vendedor_A,PROD002,2,18.2,14.04
FAC-1510,2026-01-12,Vendedor_A,PROD001,5,19.6,14.47
FAC-1511,2026-01-12,Vendedor_B,PROD002,1,18.2,14.04
FAC-1512,2026-01-12,Vendedor_A,PROD002,3,18.2,14.04
FAC-1513,2026-01-12,Vendedor_B,PROD007,4,25.9,20.75
FAC-1514,2026-01-12,Vendedor_B,PROD010,1,8.84,6.11
FAC-1515,2026-01-12,Vendedor_C,PROD007,2,25.9,20.75
FAC-1516,2026-01-12,Vendedor_B,PROD004,5,17.47,12.36
FAC-1517,2026-01-12,Vendedor_C,PROD015,10,6.29,4.39
FAC-1518,2026-01-12,Vendedor_B,PROD008,2,11.81,8.16
FAC-1519,2026-01-12,Vendedor_A,PROD025,13,73.92,56.25
FAC-1520,2026-01-12,Vendedor_A,PROD001,3,19.6,14.47
FAC-1521,2026-01-12,Vendedor_A,PROD006,3,26.57,19.6
FAC-1522,2026-01-12,Vendedor_A,PROD018,3,29.34,22.33
FAC-1523,2026-01-12,Vendedor_A,PROD024,10,65.59,49.39
FAC-1524,2026-01-13,Vendedor_B,PROD005,2,28.07,20.12
FAC-1525,2026-01-13,Vendedor_B,PROD010,2,8.35,6.11
FAC-1526,2026-01-13,Vendedor_B,PROD007,5,25.9,20.75
FAC-1527,2026-01-13,Vendedor_A,PROD003,1,18.2,12.69
FAC-1528,2026-01-13,Vendedor_A,PROD001,5,19.6,14.47
FAC-1529,2026-01-13,Vendedor_A,PROD016,5,6.72,5.4
FAC-1530,2026-01-13,Vendedor_C,PROD006,1,28.33,19.6
FAC-1531,2026-01-13,Vendedor_A,PROD012,2,7.14,5.06
FAC-1532,2026-01-13,Vendedor_B,PROD013,14,6.31,4.36
FAC-1533,2026-01-13,Vendedor_A,PROD002,2,18.2,14.04
FAC-1534,2026-01-13,Vendedor_B,PROD023,4,62.27,47.19
FAC-1535,2026-01-13,Vendedor_A,PROD001,4,19.6,14.47
FAC-1536,2026-01-13,Vendedor_A,PROD002,5,18.2,14.04
FAC-1537,2026-01-13,Vendedor_C,PROD003,4,16.85,12.69
FAC-1538,2026-01-13,Vendedor_B,PROD006,4,27.07,19.6
FAC-1539,2026-01-13,Vendedor_C,PROD025,22,50.62,56.25
FAC-1540,2026-01-13,Vendedor_C,PROD024,17,67.87,49.39
FAC-1541,2026-01-13,Vendedor_A,PROD021,2,56.55,42.94
FAC-1542,2026-01-13,Vendedor_C,PROD021,20,58.53,42.94
FAC-1543,2026-01-13,Vendedor_B,PROD015,17,5.83,4.39
FAC-1544,2026-01-13,Vendedor_C,PROD022,16,64.93,46.03
FAC-1545,2026-01-13,Vendedor_B,PROD003,2,16.56,12.69
FAC-1546,2026-01-13,Vendedor_A,PROD002,4,18.2,14.04
FAC-1547,2026-01-13,Vendedor_C,PROD015,2,5.82,4.39
FAC-1548,2026-01-13,Vendedor_A,PROD008,3,10.7,8.16
FAC-1549,2026-01-13,Vendedor_A,PROD004,5,17.67,12.36
FAC-1550,2026-01-13,Vendedor_A,PROD003,4,17.95,12.69
FAC-1551,2026-01-13,Vendedor_A,PROD014,10,6.7,4.67
FAC-1552,2026-01-13,Vendedor_C,PROD003,3,16.61,12.69
FAC-1553,2026-01-13,Vendedor_C,PROD001,3,19.6,14.47
FAC-1554,2026-01-13,Vendedor_A,PROD002,4,18.2,14.04
FAC-1555,2026-01-13,Vendedor_A,PROD021,15,59.34,42.94
FAC-1556,2026-01-13,Vendedor_A,PROD020,9,68.6,49.97
FAC-1557,2026-01-13,Vendedor_C,PROD024,23,64.41,49.39
FAC-1558,2026-01-13,Vendedor_B,PROD016,15,6.72,5.4
FAC-1559,2026-01-13,Vendedor_B,PROD019,4,34.81,24.45
FAC-1560,2026-01-13,Vendedor_C,PROD020,15,68.6,49.97
FAC-1561,2026-01-13,Vendedor_C,PROD009,4,9.07,6.74
FAC-1562,2026-01-14,Vendedor_A,PROD015,22,6.0,4.39
FAC-1563,2026-01-14,Vendedor_A,PROD004,1,16.25,12.36
FAC-1564,2026-01-14,Vendedor_C,PROD024,22,66.31,49.39
FAC-1565,2026-01-14,Vendedor_B,PROD003,1,16.93,12.69
FAC-1566,2026-01-14,Vendedor_C,PROD004,2,16.19,12.36
FAC-1567,2026-01-14,Vendedor_A,PROD009,5,9.1,6.74
FAC-1568,2026-01-14,Vendedor_A,PROD017,3,34.91,26.0
FAC-1569,2026-01-14,Vendedor_B,PROD014,6,6.67,4.67
FAC-1570,2026-01-14,Vendedor_C,PROD016,4,6.72,5.4
FAC-1571,2026-01-14,Vendedor_A,PROD012,10,6.67,5.06
FAC-1572,2026-01-14,Vendedor_A,PROD004,1,17.68,12.36
FAC-1573,2026-01-14,Vendedor_A,PROD008,4,11.24,8.16
FAC-1574,2026-01-14,Vendedor_B,PROD022,10,62.84,46.03
FAC-1575,2026-01-14,Vendedor_A,PROD019,5,35.06,24.45
FAC-1576,2026-01-14,Vendedor_B,PROD019,3,33.42,24.45
FAC-1577,2026-01-14,Vendedor_A,PROD004,4,17.32,12.36
FAC-1578,2026-01-14,Vendedor_C,PROD022,13,65.27,46.03
FAC-1579,2026-01-14,Vendedor_A,PROD002,3,18.2,14.04
FAC-1580,2026-01-14,Vendedor_A,PROD023,7,68.31,47.19
FAC-1581,2026-01-14,Vendedor_A,PROD006,5,28.1,19.6
FAC-1582,2026-01-14,Vendedor_C,PROD012,20,7.04,5.06
FAC-1583,2026-01-14,Vendedor_A,PROD010,1,8.83,6.11
FAC-1584,2026-01-14,Vendedor_B,PROD003,5,16.87,12.69
FAC-1585,2026-01-14,Vendedor_A,PROD020,14,68.6,49.97
FAC-1586,2026-01-14,Vendedor_A,PROD006,3,27.99,19.6
FAC-1587,2026-01-14,Vendedor_A,PROD020,8,68.6,49.97
FAC-1588,2026-01-14,Vendedor_A,PROD021,11,58.65,42.94
FAC-1589,2026-01-14,Vendedor_A,PROD011,5,10.51,8.04
FAC-1590,2026-01-14,Vendedor_A,PROD017,3,36.21,26.0
FAC-1591,2026-01-14,Vendedor_B,PROD007,5,25.9,20.75
FAC-1592,2026-01-14,Vendedor_A,PROD011,5,10.51,8.04
FAC-1593,2026-01-14,Vendedor_A,PROD001,3,19.6,14.47
FAC-1594,2026-01-14,Vendedor_B,PROD012,14,7.25,5.06
FAC-1595,2026-01-14,Vendedor_A,PROD012,8,7.09,5.06
FAC-1596,2026-01-14,Vendedor_B,PROD005,5,26.16,20.12
FAC-1597,2026-01-14,Vendedor_B,PROD015,19,5.75,4.39
FAC-1598,2026-01-14,Vendedor_A,PROD018,4,29.41,22.33
FAC-1599,2026-01-15,Vendedor_A,PROD005,4,26.52,20.12
FAC-1600,2026-01-15,Vendedor_A,PROD017,1,34.08,26.0
FAC-1601,2026-01-15,Vendedor_A,PROD007,5,25.9,20.75
FAC-1602,2026-01-15,Vendedor_C,PROD009,5,9.42,6.74
FAC-1603,2026-01-15,Vendedor_A,PROD010,1,8.4,6.11
FAC-1604,2026-01-15,Vendedor_A,PROD025,7,74.43,56.25
FAC-1605,2026-01-15,Vendedor_A,PROD021,17,61.63,42.94
FAC-1606,2026-01-15,Vendedor_B,PROD008,4,11.61,8.16
FAC-1607,2026-01-15,Vendedor_A,PROD003,2,17.35,12.69
FAC-1608,2026-01-15,Vendedor_B,PROD005,1,26.53,20.12
FAC-1609,2026-01-15,Vendedor_A,PROD023,22,67.13,47.19
FAC-1610,2026-01-15,Vendedor_A,PROD022,14,65.72,46.03
FAC-1611,2026-01-15,Vendedor_C,PROD023,13,65.19,47.19
FAC-1612,2026-01-15,Vendedor_A,PROD002,3,18.2,14.04
FAC-1613,2026-01-15,Vendedor_A,PROD012,9,7.27,5.06
FAC-1614,2026-01-15,Vendedor_A,PROD011,1,11.15,8.04
FAC-1615,2026-01-15,Vendedor_B,PROD022,8,64.71,46.03
FAC-1616,2026-01-15,Vendedor_A,PROD002,5,18.2,14.04
FAC-1617,2026-01-15,Vendedor_A,PROD007,1,25.9,20.75
FAC-1618,2026-01-15,Vendedor_C,PROD001,2,19.6,14.47
FAC-1619,2026-01-15,Vendedor_A,PROD018,3,31.16,22.33
FAC-1620,2026-01-15,Vendedor_B,PROD011,5,10.83,8.04
FAC-1621,2026-01-15,Vendedor_A,PROD008,4,11.05,8.16
FAC-1622,2026-01-15,Vendedor_B,PROD006,5,26.81,19.6
FAC-1623,2026-01-15,Vendedor_A,PROD018,3,30.66,22.33
FAC-1624,2026-01-15,Vendedor_A,PROD003,3,18.33,12.69
FAC-1625,2026-01-15,Vendedor_A,PROD014,11,6.09,4.67
FAC-1626,2026-01-15,Vendedor_B,PROD019,5,31.87,24.45
FAC-1627,2026-01-15,Vendedor_A,PROD010,2,8.77,6.11
FAC-1628,2026-01-15,Vendedor_A,PROD005,2,27.59,20.12
FAC-1629,2026-01-15,Vendedor_A,PROD009,4,9.76,6.74
FAC-1630,2026-01-15,Vendedor_A,PROD017,4,35.3,26.0
FAC-1631,2026-01-15,Vendedor_B,PROD005,2,26.62,20.12
FAC-1632,2026-01-15,Vendedor_C,PROD013,20,6.17,4.36
FAC-1633,2026-01-15,Vendedor_A,PROD003,3,17.07,12.69
FAC-1634,2026-01-15,Vendedor_B,PROD017,5,35.78,26.0
FAC-1635,2026-01-16,Vendedor_A,PROD011,4,11.12,8.04
FAC-1636,2026-01-16,Vendedor_A,PROD024,3,71.61,49.39
FAC-1637,2026-01-16,Vendedor_B,PROD011,3,10.7,8.04
FAC-1638,2026-01-16,Vendedor_B,PROD018,2,31.12,22.33
FAC-1639,2026-01-16,Vendedor_A,PROD019,4,32.52,24.45
FAC-1640,2026-01-16,Vendedor_B,PROD005,3,27.59,20.12
FAC-1641,2026-01-16,Vendedor_A,PROD021,16,59.68,42.94
FAC-1642,2026-01-16,Vendedor_B,PROD012,8,6.61,5.06
FAC-1643,2026-01-16,Vendedor_A,PROD005,2,28.55,20.12
FAC-1644,2026-01-16,Vendedor_C,PROD012,17,7.31,5.06
FAC-1645,2026-01-16,Vendedor_C,PROD012,5,6.94,5.06
FAC-1646,2026-01-16,Vendedor_B,PROD006,3,27.02,19.6
FAC-1647,2026-01-16,Vendedor_A,PROD011,1,11.56,8.04
FAC-1648,2026-01-16,Vendedor_A,PROD019,4,35.07,24.45
FAC-1649,2026-01-16,Vendedor_B,PROD019,5,33.99,24.45
FAC-1650,2026-01-16,Vendedor_A,PROD003,4,16.88,12.69
FAC-1651,2026-01-16,Vendedor_C,PROD013,9,5.96,4.36
FAC-1652,2026-01-16,Vendedor_A,PROD019,5,32.93,24.45
FAC-1653,2026-01-16,Vendedor_A,PROD013,17,6.3,4.36
FAC-1654,2026-01-16,Vendedor_B,PROD018,3,30.63,22.33
FAC-1655,2026-01-16,Vendedor_A,PROD003,5,17.82,12.69
FAC-1656,2026-01-16,Vendedor_C,PROD016,10,6.72,5.4
FAC-1657,2026-01-16,Vendedor_B,PROD024,16,69.64,49.39
FAC-1658,2026-01-16,Vendedor_B,PROD003,1,18.4,12.69
FAC-1659,2026-01-16,Vendedor_A,PROD008,1,10.97,8.16
FAC-1660,2026-01-16,Vendedor_B,PROD004,5,17.61,12.36
FAC-1661,2026-01-16,Vendedor_B,PROD013,10,6.16,4.36
FAC-1662,2026-01-16,Vendedor_C,PROD001,1,13.02,14.47
FAC-1663,2026-01-16,Vendedor_A,PROD002,4,18.2,14.04
FAC-1664,2026-01-16,Vendedor_B,PROD006,4,26.38,19.6
FAC-1665,2026-01-16,Vendedor_A,PROD013,20,6.29,4.36
FAC-1666,2026-01-16,Vendedor_A,PROD006,2,26.36,19.6
FAC-1667,2026-01-16,Vendedor_A,PROD010,2,8.17,6.11
FAC-1668,2026-01-16,Vendedor_B,PROD002,4,18.2,14.04
FAC-1669,2026-01-16,Vendedor_A,PROD002,3,18.2,14.04
FAC-1670,2026-01-16,Vendedor_A,PROD022,2,62.06,46.03
FAC-1671,2026-01-16,Vendedor_C,PROD017,5,36.3,26.0
FAC-1672,2026-01-16,Vendedor_B,PROD019,1,33.1,24.45
FAC-1673,2026-01-16,Vendedor_A,PROD023,11,64.91,47.19
FAC-1674,2026-01-16,Vendedor_A,PROD004,2,17.23,12.36
FAC-1675,2026-01-16,Vendedor_A,PROD014,22,6.4,4.67
FAC-1676,2026-01-16,Vendedor_B,PROD024,5,66.36,49.39
FAC-1677,2026-01-16,Vendedor_B,PROD013,13,6.27,4.36
FAC-1678,2026-01-16,Vendedor_C,PROD023,3,62.47,47.19
FAC-1679,2026-01-16,Vendedor_A,PROD011,1,10.78,8.04
FAC-1680,2026-01-16,Vendedor_A,PROD017,1,35.79,26.0
FAC-1681,2026-01-17,Vendedor_A,PROD024,6,70.43,49.39
FAC-1682,2026-01-17,Vendedor_A,PROD012,12,7.14,5.06
FAC-1683,2026-01-17,Vendedor_A,PROD025,3,76.16,56.25
FAC-1684,2026-01-17,Vendedor_C,PROD012,20,7.01,5.06
FAC-1685,2026-01-17,Vendedor_A,PROD013,13,5.94,4.36
FAC-1686,2026-01-17,Vendedor_B,PROD019,2,32.11,24.45
FAC-1687,2026-01-17,Vendedor_C,PROD001,2,13.02,14.47
FAC-1688,2026-01-17,Vendedor_B,PROD015,14,5.82,4.39
FAC-1689,2026-01-17,Vendedor_B,PROD005,1,29.07,20.12
FAC-1690,2026-01-17,Vendedor_A,PROD004,5,17.37,12.36
FAC-1691,2026-01-17,Vendedor_B,PROD020,13,68.6,49.97
FAC-1692,2026-01-17,Vendedor_A,PROD005,4,26.3,20.12
FAC-1693,2026-01-17,Vendedor_A,PROD009,3,9.24,6.74
FAC-1694,2026-01-17,Vendedor_C,PROD012,14,6.58,5.06
FAC-1695,2026-01-17,Vendedor_A,PROD018,2,30.88,22.33
FAC-1696,2026-01-17,Vendedor_A,PROD016,7,6.72,5.4
FAC-1697,2026-01-17,Vendedor_B,PROD011,4,11.33,8.04
FAC-1698,2026-01-17,Vendedor_A,PROD013,10,6.16,4.36
FAC-1699,2026-01-17,Vendedor_A,PROD024,4,71.1,49.39
FAC-1700,2026-01-17,Vendedor_A,PROD006,1,27.38,19.6
FAC-1701,2026-01-17,Vendedor_A,PROD004,5,16.23,12.36
FAC-1702,2026-01-17,Vendedor_B,PROD025,22,80.07,56.25
FAC-1703,2026-01-17,Vendedor_B,PROD012,14,6.65,5.06
FAC-1704,2026-01-17,Vendedor_C,PROD005,1,28.91,20.12
FAC-1705,2026-01-17,Vendedor_A,PROD004,3,17.83,12.36
FAC-1706,2026-01-17,Vendedor_C,PROD015,21,5.92,4.39
FAC-1707,2026-01-17,Vendedor_C,PROD024,7,69.58,49.39
FAC-1708,2026-01-17,Vendedor_A,PROD001,4,19.6,14.47
FAC-1709,2026-01-17,Vendedor_B,PROD016,9,6.72,5.4
FAC-1710,2026-01-17,Vendedor_A,PROD012,16,6.67,5.06
FAC-1711,2026-01-17,Vendedor_A,PROD009,5,8.88,6.74
FAC-1712,2026-01-17,Vendedor_B,PROD025,21,79.65,56.25
FAC-1713,2026-01-17,Vendedor_A,PROD025,12,76.26,56.25
FAC-1714,2026-01-17,Vendedor_C,PROD021,16,59.99,42.94
FAC-1715,2026-01-17,Vendedor_C,PROD019,1,31.87,24.45
FAC-1716,2026-01-17,Vendedor_A,PROD023,23,66.87,47.19
FAC-1717,2026-01-17,Vendedor_B,PROD004,5,17.74,12.36
FAC-1718,2026-01-17,Vendedor_B,PROD002,5,18.2,14.04
FAC-1719,2026-01-17,Vendedor_B,PROD015,5,5.75,4.39
FAC-1720,2026-01-17,Vendedor_B,PROD008,4,11.76,8.16
FAC-1721,2026-01-17,Vendedor_B,PROD018,1,31.19,22.33
FAC-1722,2026-01-18,Vendedor_C,PROD012,11,7.05,5.06
FAC-1723,2026-01-18,Vendedor_C,PROD013,9,5.85,4.36
FAC-1724,2026-01-18,Vendedor_A,PROD008,3,11.72,8.16
FAC-1725,2026-01-18,Vendedor_C,PROD011,4,11.43,8.04
FAC-1726,2026-01-18,Vendedor_B,PROD025,19,80.64,56.25
FAC-1727,2026-01-18,Vendedor_A,PROD017,1,37.43,26.0
FAC-1728,2026-01-18,Vendedor_A,PROD011,3,10.51,8.04
FAC-1729,2026-01-18,Vendedor_A,PROD002,5,18.2,14.04
FAC-1730,2026-01-18,Vendedor_B,PROD021,23,62.02,42.94
FAC-1731,2026-01-18,Vendedor_A,PROD018,3,30.86,22.33
FAC-1732,2026-01-18,Vendedor_A,PROD006,3,26.79,19.6
FAC-1733,2026-01-18,Vendedor_C,PROD012,14,7.22,5.06
FAC-1734,2026-01-18,Vendedor_A,PROD018,1,31.89,22.33
FAC-1735,2026-01-18,Vendedor_B,PROD016,17,6.72,5.4
FAC-1736,2026-01-18,Vendedor_C,PROD024,13,69.48,49.39
FAC-1737,2026-01-18,Vendedor_C,PROD011,2,11.01,8.04
FAC-1738,2026-01-18,Vendedor_B,PROD006,3,26.04,19.6
FAC-1739,2026-01-18,Vendedor_B,PROD002,3,18.2,14.04
FAC-1740,2026-01-18,Vendedor_C,PROD021,9,61.96,42.94
FAC-1741,2026-01-18,Vendedor_B,PROD013,5,6.23,4.36
FAC-1742,2026-01-18,Vendedor_A,PROD015,18,5.86,4.39
FAC-1743,2026-01-18,Vendedor_B,PROD020,23,68.6,49.97
FAC-1744,2026-01-18,Vendedor_C,PROD022,5,64.0,46.03
FAC-1745,2026-01-18,Vendedor_B,PROD005,3,27.29,20.12
FAC-1746,2026-01-18,Vendedor_A,PROD021,3,57.25,42.94
FAC-1747,2026-01-18,Vendedor_A,PROD023,6,66.51,47.19
FAC-1748,2026-01-18,Vendedor_C,PROD025,5,76.52,56.25
FAC-1749,2026-01-18,Vendedor_C,PROD009,2,8.92,6.74
FAC-1750,2026-01-18,Vendedor_B,PROD019,1,33.6,24.45
FAC-1751,2026-01-18,Vendedor_B,PROD003,3,17.24,12.69
FAC-1752,2026-01-18,Vendedor_B,PROD003,1,18.31,12.69
FAC-1753,2026-01-18,Vendedor_A,PROD018,5,32.35,22.33
FAC-1754,2026-01-18,Vendedor_A,PROD018,2,31.23,22.33
FAC-1755,2026-01-18,Vendedor_A,PROD013,12,6.31,4.36
FAC-1756,2026-01-18,Vendedor_A,PROD009,1,8.8,6.74
FAC-1757,2026-01-19,Vendedor_B,PROD002,1,18.2,14.04
FAC-1758,2026-01-19,Vendedor_A,PROD004,3,17.15,12.36
FAC-1759,2026-01-19,Vendedor_B,PROD021,20,59.15,42.94
FAC-1760,2026-01-19,Vendedor_C,PROD013,8,5.9,4.36
FAC-1761,2026-01-19,Vendedor_B,PROD008,2,11.1,8.16
FAC-1762,2026-01-19,Vendedor_A,PROD020,21,68.6,49.97
FAC-1763,2026-01-19,Vendedor_A,PROD013,20,6.05,4.36
FAC-1764,2026-01-19,Vendedor_C,PROD016,15,6.72,5.4
FAC-1765,2026-01-19,Vendedor_A,PROD025,4,76.2,56.25
FAC-1766,2026-01-19,Vendedor_A,PROD005,3,27.54,20.12
FAC-1767,2026-01-19,Vendedor_B,PROD008,5,10.67,8.16
FAC-1768,2026-01-19,Vendedor_C,PROD024,3,66.82,49.39
FAC-1769,2026-01-19,Vendedor_A,PROD025,21,77.03,56.25
FAC-1770,2026-01-19,Vendedor_A,PROD023,22,67.94,47.19
FAC-1771,2026-01-19,Vendedor_A,PROD009,5,8.76,6.74
FAC-1772,2026-01-19,Vendedor_A,PROD025,7,81.34,56.25
FAC-1773,2026-01-19,Vendedor_A,PROD021,20,57.78,42.94
FAC-1774,2026-01-19,Vendedor_C,PROD022,7,64.87,46.03
FAC-1775,2026-01-19,Vendedor_B,PROD019,5,34.22,24.45
FAC-1776,2026-01-19,Vendedor_A,PROD013,6,5.94,4.36
FAC-1777,2026-01-19,Vendedor_A,PROD025,17,75.26,56.25
FAC-1778,2026-01-19,Vendedor_C,PROD015,23,6.24,4.39
FAC-1779,2026-01-19,Vendedor_A,PROD021,17,59.32,42.94
FAC-1780,2026-01-19,Vendedor_B,PROD023,3,65.2,47.19
FAC-1781,2026-01-19,Vendedor_B,PROD009,1,9.03,6.74
FAC-1782,2026-01-19,Vendedor_A,PROD017,1,36.15,26.0
FAC-1783,2026-01-19,Vendedor_B,PROD021,20,59.43,42.94
FAC-1784,2026-01-19,Vendedor_A,PROD004,2,17.87,12.36
FAC-1785,2026-01-19,Vendedor_A,PROD008,1,10.83,8.16
FAC-1786,2026-01-19,Vendedor_B,PROD015,18,6.16,4.39
FAC-1787,2026-01-19,Vendedor_C,PROD002,5,18.2,14.04
FAC-1788,2026-01-19,Vendedor_A,PROD009,4,9.11,6.74
FAC-1789,2026-01-19,Vendedor_B,PROD021,13,61.34,42.94
FAC-1790,2026-01-19,Vendedor_B,PROD016,2,6.72,5.4
FAC-1791,2026-01-19,Vendedor_A,PROD017,4,35.28,26.0
FAC-1792,2026-01-19,Vendedor_B,PROD018,3,29.08,22.33
FAC-1793,2026-01-19,Vendedor_B,PROD008,2,11.58,8.16
FAC-1794,2026-01-19,Vendedor_B,PROD023,20,63.01,47.19
FAC-1795,2026-01-19,Vendedor_C,PROD006,3,27.09,19.6
FAC-1796,2026-01-19,Vendedor_B,PROD021,7,59.07,42.94
FAC-1797,2026-01-20,Vendedor_B,PROD013,20,6.3,4.36
FAC-1798,2026-01-20,Vendedor_C,PROD012,21,6.75,5.06
FAC-1799,2026-01-20,Vendedor_A,PROD004,3,17.23,12.36
FAC-1800,2026-01-20,Vendedor_A,PROD025,4,79.85,56.25
FAC-1801,2026-01-20,Vendedor_C,PROD018,2,31.82,22.33
FAC-1802,2026-01-20,Vendedor_B,PROD020,2,68.6,49.97
FAC-1803,2026-01-20,Vendedor_A,PROD017,5,33.88,26.0
FAC-1804,2026-01-20,Vendedor_A,PROD012,15,7.05,5.06
FAC-1805,2026-01-20,Vendedor_B,PROD005,2,26.36,20.12
FAC-1806,2026-01-20,Vendedor_A,PROD016,23,6.72,5.4
FAC-1807,2026-01-20,Vendedor_A,PROD005,4,26.37,20.12
FAC-1808,2026-01-20,Vendedor_B,PROD001,3,19.6,14.47
FAC-1809,2026-01-20,Vendedor_C,PROD022,19,63.99,46.03
FAC-1810,2026-01-20,Vendedor_A,PROD010,5,8.78,6.11
FAC-1811,2026-01-20,Vendedor_C,PROD010,5,8.11,6.11
FAC-1812,2026-01-20,Vendedor_B,PROD009,1,9.51,6.74
FAC-1813,2026-01-20,Vendedor_A,PROD017,3,35.15,26.0
FAC-1814,2026-01-20,Vendedor_A,PROD003,2,16.89,12.69
FAC-1815,2026-01-20,Vendedor_C,PROD024,12,69.07,49.39
FAC-1816,2026-01-20,Vendedor_A,PROD023,7,61.89,47.19
FAC-1817,2026-01-20,Vendedor_A,PROD020,23,68.6,49.97
FAC-1818,2026-01-20,Vendedor_B,PROD020,21,68.6,49.97
FAC-1819,2026-01-20,Vendedor_A,PROD003,2,17.73,12.69
FAC-1820,2026-01-20,Vendedor_A,PROD022,11,66.5,46.03
FAC-1821,2026-01-20,Vendedor_B,PROD009,1,9.48,6.74
FAC-1822,2026-01-20,Vendedor_A,PROD004,4,16.53,12.36
FAC-1823,2026-01-20,Vendedor_A,PROD001,1,19.6,14.47
FAC-1824,2026-01-20,Vendedor_A,PROD010,3,8.5,6.11
FAC-1825,2026-01-20,Vendedor_A,PROD016,23,6.72,5.4
FAC-1826,2026-01-20,Vendedor_B,PROD004,4,17.37,12.36
FAC-1827,2026-01-20,Vendedor_A,PROD001,4,19.6,14.47
FAC-1828,2026-01-20,Vendedor_A,PROD007,4,25.9,20.75
FAC-1829,2026-01-20,Vendedor_A,PROD019,5,35.3,24.45
FAC-1830,2026-01-20,Vendedor_B,PROD014,17,6.2,4.67
FAC-1831,2026-01-20,Vendedor_A,PROD006,2,25.78,19.6
FAC-1832,2026-01-20,Vendedor_A,PROD003,1,18.19,12.69
FAC-1833,2026-01-20,Vendedor_A,PROD015,10,5.88,4.39
FAC-1834,2026-01-20,Vendedor_B,PROD019,1,33.95,24.45
FAC-1835,2026-01-20,Vendedor_B,PROD009,1,9.01,6.74
FAC-1836,2026-01-20,Vendedor_B,PROD021,16,61.47,42.94
FAC-1837,2026-01-20,Vendedor_A,PROD001,5,19.6,14.47
FAC-1838,2026-01-20,Vendedor_A,PROD011,5,10.75,8.04
FAC-1839,2026-01-21,Vendedor_B,PROD003,2,16.91,12.69
FAC-1840,2026-01-21,Vendedor_A,PROD016,19,6.72,5.4
FAC-1841,2026-01-21,Vendedor_A,PROD006,5,26.61,19.6
FAC-1842,2026-01-21,Vendedor_B,PROD024,2,65.69,49.39
FAC-1843,2026-01-21,Vendedor_B,PROD023,20,66.57,47.19
FAC-1844,2026-01-21,Vendedor_C,PROD014,7,6.33,4.67
FAC-1845,2026-01-21,Vendedor_A,PROD011,4,11.1,8.04
FAC-1846,2026-01-21,Vendedor_C,PROD001,3,13.02,14.47
FAC-1847,2026-01-21,Vendedor_C,PROD021,7,58.47,42.94
FAC-1848,2026-01-21,Vendedor_B,PROD008,5,11.15,8.16
FAC-1849,2026-01-21,Vendedor_C,PROD015,23,5.75,4.39
FAC-1850,2026-01-21,Vendedor_A,PROD011,5,11.17,8.04
FAC-1851,2026-01-21,Vendedor_C,PROD011,1,11.04,8.04
FAC-1852,2026-01-21,Vendedor_A,PROD023,2,66.39,47.19
FAC-1853,2026-01-21,Vendedor_A,PROD006,5,25.95,19.6
FAC-1854,2026-01-21,Vendedor_B,PROD017,3,34.52,26.0
FAC-1855,2026-01-21,Vendedor_A,PROD013,5,6.21,4.36
FAC-1856,2026-01-21,Vendedor_C,PROD005,3,26.18,20.12
FAC-1857,2026-01-21,Vendedor_A,PROD024,21,68.31,49.39
FAC-1858,2026-01-21,Vendedor_A,PROD024,6,70.05,49.39
FAC-1859,2026-01-21,Vendedor_A,PROD004,2,17.24,12.36
FAC-1860,2026-01-21,Vendedor_A,PROD007,1,25.9,20.75
FAC-1861,2026-01-21,Vendedor_A,PROD021,14,61.64,42.94
FAC-1862,2026-01-21,Vendedor_B,PROD003,5,17.16,12.69
FAC-1863,2026-01-21,Vendedor_A,PROD010,3,8.75,6.11
FAC-1864,2026-01-21,Vendedor_A,PROD025,16,73.24,56.25
FAC-1865,2026-01-21,Vendedor_B,PROD005,4,27.4,20.12
FAC-1866,2026-01-21,Vendedor_A,PROD015,9,6.03,4.39
FAC-1867,2026-01-21,Vendedor_B,PROD021,19,60.45,42.94
FAC-1868,2026-01-21,Vendedor_A,PROD022,12,63.58,46.03
FAC-1869,2026-01-21,Vendedor_A,PROD010,4,8.75,6.11
FAC-1870,2026-01-21,Vendedor_B,PROD019,4,32.6,24.45
FAC-1871,2026-01-21,Vendedor_A,PROD011,3,10.75,8.04
FAC-1872,2026-01-21,Vendedor_C,PROD022,9,61.35,46.03
FAC-1873,2026-01-21,Vendedor_A,PROD011,1,11.12,8.04
FAC-1874,2026-01-21,Vendedor_A,PROD019,2,34.28,24.45
FAC-1875,2026-01-22,Vendedor_B,PROD018,1,30.13,22.33
FAC-1876,2026-01-22,Vendedor_A,PROD002,5,18.2,14.04
FAC-1877,2026-01-22,Vendedor_B,PROD016,8,6.72,5.4
FAC-1878,2026-01-22,Vendedor_A,PROD024,6,69.33,49.39
FAC-1879,2026-01-22,Vendedor_B,PROD017,5,36.45,26.0
FAC-1880,2026-01-22,Vendedor_A,PROD001,1,19.6,14.47
FAC-1881,2026-01-22,Vendedor_A,PROD011,5,10.54,8.04
FAC-1882,2026-01-22,Vendedor_B,PROD021,17,57.25,42.94
FAC-1883,2026-01-22,Vendedor_B,PROD025,2,79.3,56.25
FAC-1884,2026-01-22,Vendedor_A,PROD025,13,80.5,56.25
FAC-1885,2026-01-22,Vendedor_B,PROD019,5,32.83,24.45
FAC-1886,2026-01-22,Vendedor_A,PROD019,3,34.79,24.45
FAC-1887,2026-01-22,Vendedor_A,PROD011,2,10.54,8.04
FAC-1888,2026-01-22,Vendedor_A,PROD019,4,32.82,24.45
FAC-1889,2026-01-22,Vendedor_C,PROD015,21,6.06,4.39
FAC-1890,2026-01-22,Vendedor_A,PROD025,14,81.41,56.25
FAC-1891,2026-01-22,Vendedor_A,PROD013,11,6.31,4.36
FAC-1892,2026-01-22,Vendedor_A,PROD003,3,16.92,12.69
FAC-1893,2026-01-22,Vendedor_A,PROD023,21,63.96,47.19
FAC-1894,2026-01-22,Vendedor_B,PROD011,3,11.24,8.04
FAC-1895,2026-01-22,Vendedor_C,PROD011,1,11.45,8.04
FAC-1896,2026-01-22,Vendedor_B,PROD002,1,18.2,14.04
FAC-1897,2026-01-22,Vendedor_B,PROD004,5,17.49,12.36
FAC-1898,2026-01-22,Vendedor_B,PROD016,8,6.72,5.4
FAC-1899,2026-01-22,Vendedor_A,PROD020,6,68.6,49.97
FAC-1900,2026-01-22,Vendedor_B,PROD019,4,34.06,24.45
FAC-1901,2026-01-22,Vendedor_A,PROD009,2,9.11,6.74
FAC-1902,2026-01-22,Vendedor_B,PROD017,5,34.81,26.0
FAC-1903,2026-01-22,Vendedor_B,PROD004,2,17.65,12.36
FAC-1904,2026-01-22,Vendedor_B,PROD012,23,6.94,5.06
FAC-1905,2026-01-22,Vendedor_A,PROD016,9,6.72,5.4
FAC-1906,2026-01-22,Vendedor_A,PROD013,13,5.81,4.36
FAC-1907,2026-01-22,Vendedor_A,PROD010,1,8.41,6.11
FAC-1908,2026-01-22,Vendedor_A,PROD002,3,18.2,14.04
FAC-1909,2026-01-22,Vendedor_B,PROD023,7,66.02,47.19
FAC-1910,2026-01-23,Vendedor_B,PROD015,2,6.13,4.39
FAC-1911,2026-01-23,Vendedor_A,PROD013,15,6.21,4.36
FAC-1912,2026-01-23,Vendedor_C,PROD013,11,6.1,4.36
FAC-1913,2026-01-23,Vendedor_B,PROD007,4,25.9,20.75
FAC-1914,2026-01-23,Vendedor_B,PROD023,6,68.31,47.19
FAC-1915,2026-01-23,Vendedor_A,PROD020,9,68.6,49.97
FAC-1916,2026-01-23,Vendedor_A,PROD001,5,19.6,14.47
FAC-1917,2026-01-23,Vendedor_C,PROD021,15,61.54,42.94
FAC-1918,2026-01-23,Vendedor_A,PROD018,3,31.65,22.33
FAC-1919,2026-01-23,Vendedor_C,PROD024,9,66.62,49.39
FAC-1920,2026-01-23,Vendedor_C,PROD013,12,6.21,4.36
FAC-1921,2026-01-23,Vendedor_B,PROD001,3,19.6,14.47
FAC-1922,2026-01-23,Vendedor_C,PROD020,11,68.6,49.97
FAC-1923,2026-01-23,Vendedor_A,PROD003,5,18.4,12.69
FAC-1924,2026-01-23,Vendedor_A,PROD013,22,5.75,4.36
FAC-1925,2026-01-23,Vendedor_A,PROD019,4,33.27,24.45
FAC-1926,2026-01-23,Vendedor_A,PROD016,23,6.72,5.4
FAC-1927,2026-01-23,Vendedor_C,PROD006,1,25.53,19.6
FAC-1928,2026-01-23,Vendedor_C,PROD004,3,16.14,12.36
FAC-1929,2026-01-23,Vendedor_A,PROD003,5,18.28,12.69
FAC-1930,2026-01-23,Vendedor_A,PROD010,5,8.3,6.11
FAC-1931,2026-01-23,Vendedor_B,PROD019,3,33.41,24.45
FAC-1932,2026-01-23,Vendedor_B,PROD025,12,75.06,56.25
FAC-1933,2026-01-23,Vendedor_B,PROD014,6,6.33,4.67
FAC-1934,2026-01-23,Vendedor_A,PROD019,1,33.41,24.45
FAC-1935,2026-01-23,Vendedor_B,PROD010,3,8.6,6.11
FAC-1936,2026-01-23,Vendedor_A,PROD011,2,11.46,8.04
FAC-1937,2026-01-23,Vendedor_A,PROD024,6,71.18,49.39
FAC-1938,2026-01-23,Vendedor_B,PROD023,10,66.24,47.19
FAC-1939,2026-01-23,Vendedor_A,PROD022,8,61.74,46.03
FAC-1940,2026-01-23,Vendedor_A,PROD004,2,16.84,12.36
FAC-1941,2026-01-23,Vendedor_C,PROD015,19,6.01,4.39
FAC-1942,2026-01-23,Vendedor_B,PROD020,2,68.6,49.97
FAC-1943,2026-01-23,Vendedor_A,PROD023,9,62.56,47.19
FAC-1944,2026-01-23,Vendedor_C,PROD022,14,64.57,46.03
FAC-1945,2026-01-23,Vendedor_C,PROD013,3,6.05,4.36
FAC-1946,2026-01-23,Vendedor_B,PROD004,4,16.21,12.36
FAC-1947,2026-01-23,Vendedor_B,PROD008,5,11.34,8.16
FAC-1948,2026-01-23,Vendedor_C,PROD008,4,10.89,8.16
FAC-1949,2026-01-23,Vendedor_A,PROD020,15,68.6,49.97
FAC-1950,2026-01-23,Vendedor_C,PROD011,3,10.71,8.04
FAC-1951,2026-01-23,Vendedor_C,PROD021,10,60.98,42.94
FAC-1952,2026-01-23,Vendedor_A,PROD003,1,16.88,12.69
FAC-1953,2026-01-24,Vendedor_C,PROD023,22,65.73,47.19
FAC-1954,2026-01-24,Vendedor_A,PROD014,13,6.31,4.67
FAC-1955,2026-01-24,Vendedor_C,PROD017,5,36.41,26.0
FAC-1956,2026-01-24,Vendedor_B,PROD019,4,33.81,24.45
FAC-1957,2026-01-24,Vendedor_A,PROD002,2,18.2,14.04
FAC-1958,2026-01-24,Vendedor_A,PROD006,5,28.25,19.6
FAC-1959,2026-01-24,Vendedor_C,PROD020,9,68.6,49.97
FAC-1960,2026-01-24,Vendedor_A,PROD008,3,11.15,8.16
FAC-1961,2026-01-24,Vendedor_A,PROD014,11,6.51,4.67
FAC-1962,2026-01-24,Vendedor_A,PROD007,4,25.9,20.75
FAC-1963,2026-01-24,Vendedor_A,PROD013,23,5.71,4.36
FAC-1964,2026-01-24,Vendedor_A,PROD004,2,16.34,12.36
FAC-1965,2026-01-24,Vendedor_B,PROD023,6,66.35,47.19
FAC-1966,2026-01-24,Vendedor_A,PROD006,3,27.77,19.6
FAC-1967,2026-01-24,Vendedor_A,PROD012,18,6.79,5.06
FAC-1968,2026-01-24,Vendedor_A,PROD001,2,19.6,14.47
FAC-1969,2026-01-24,Vendedor_A,PROD025,3,79.16,56.25
FAC-1970,2026-01-24,Vendedor_A,PROD009,2,8.95,6.74
FAC-1971,2026-01-24,Vendedor_B,PROD019,2,35.42,24.45
FAC-1972,2026-01-24,Vendedor_A,PROD015,14,5.74,4.39
FAC-1973,2026-01-24,Vendedor_C,PROD017,2,36.78,26.0
FAC-1974,2026-01-24,Vendedor_B,PROD021,13,58.97,42.94
FAC-1975,2026-01-24,Vendedor_B,PROD012,4,7.1,5.06
FAC-1976,2026-01-24,Vendedor_A,PROD016,8,6.72,5.4
FAC-1977,2026-01-24,Vendedor_B,PROD004,5,16.84,12.36
FAC-1978,2026-01-24,Vendedor_A,PROD013,20,6.29,4.36
FAC-1979,2026-01-24,Vendedor_A,PROD013,23,6.05,4.36
FAC-1980,2026-01-24,Vendedor_C,PROD004,5,17.87,12.36
FAC-1981,2026-01-24,Vendedor_C,PROD006,5,25.87,19.6
FAC-1982,2026-01-24,Vendedor_A,PROD003,2,16.91,12.69
FAC-1983,2026-01-24,Vendedor_A,PROD016,7,6.72,5.4
FAC-1984,2026-01-24,Vendedor_A,PROD008,3,11.29,8.16
FAC-1985,2026-01-24,Vendedor_A,PROD010,1,8.28,6.11
FAC-1986,2026-01-24,Vendedor_B,PROD005,1,26.68,20.12
FAC-1987,2026-01-24,Vendedor_A,PROD021,23,61.45,42.94
FAC-1988,2026-01-24,Vendedor_C,PROD004,2,16.07,12.36
FAC-1989,2026-01-24,Vendedor_B,PROD017,4,36.25,26.0
FAC-1990,2026-01-24,Vendedor_B,PROD001,5,19.6,14.47
FAC-1991,2026-01-24,Vendedor_A,PROD017,3,34.95,26.0
FAC-1992,2026-01-24,Vendedor_B,PROD013,16,6.29,4.36
FAC-1993,2026-01-24,Vendedor_A,PROD013,17,5.97,4.36
FAC-1994,2026-01-24,Vendedor_A,PROD023,18,64.8,47.19
FAC-1995,2026-01-24,Vendedor_C,PROD007,2,25.9,20.75
FAC-1996,2026-01-24,Vendedor_A,PROD014,22,6.65,4.67
FAC-1997,2026-01-24,Vendedor_B,PROD021,20,56.11,42.94
FAC-1998,2026-01-24,Vendedor_B,PROD020,21,68.6,49.97
FAC-1999,2026-01-24,Vendedor_A,PROD010,4,8.65,6.11
FAC-2000,2026-01-24,Vendedor_C,PROD001,1,13.02,14.47
FAC-2001,2026-01-24,Vendedor_A,PROD012,10,6.6,5.06
FAC-2002,2026-01-25,Vendedor_A,PROD012,9,7.13,5.06
FAC-2003,2026-01-25,Vendedor_B,PROD008,3,11.74,8.16
FAC-2004,2026-01-25,Vendedor_A,PROD008,3,10.85,8.16
FAC-2005,2026-01-25,Vendedor_B,PROD017,5,34.62,26.0
FAC-2006,2026-01-25,Vendedor_C,PROD021,23,61.2,42.94
FAC-2007,2026-01-25,Vendedor_B,PROD018,3,30.09,22.33
FAC-2008,2026-01-25,Vendedor_A,PROD022,20,60.44,46.03
FAC-2009,2026-01-25,Vendedor_A,PROD011,2,10.8,8.04
FAC-2010,2026-01-25,Vendedor_A,PROD008,1,11.75,8.16
FAC-2011,2026-01-25,Vendedor_A,PROD006,2,27.47,19.6
FAC-2012,2026-01-25,Vendedor_C,PROD006,4,28.26,19.6
FAC-2013,2026-01-25,Vendedor_A,PROD022,14,61.75,46.03
FAC-2014,2026-01-25,Vendedor_B,PROD020,18,68.6,49.97
FAC-2015,2026-01-25,Vendedor_A,PROD009,3,9.11,6.74
FAC-2016,2026-01-25,Vendedor_A,PROD003,4,16.77,12.69
FAC-2017,2026-01-25,Vendedor_A,PROD001,1,19.6,14.47
FAC-2018,2026-01-25,Vendedor_A,PROD012,5,6.72,5.06
FAC-2019,2026-01-25,Vendedor_A,PROD006,4,25.66,19.6
FAC-2020,2026-01-25,Vendedor_A,PROD024,3,66.74,49.39
FAC-2021,2026-01-25,Vendedor_A,PROD003,2,16.97,12.69
FAC-2022,2026-01-25,Vendedor_B,PROD009,2,9.52,6.74
FAC-2023,2026-01-25,Vendedor_C,PROD019,2,35.1,24.45
FAC-2024,2026-01-25,Vendedor_B,PROD016,4,6.72,5.4
FAC-2025,2026-01-25,Vendedor_A,PROD012,16,7.23,5.06
FAC-2026,2026-01-25,Vendedor_C,PROD002,2,18.2,14.04
FAC-2027,2026-01-25,Vendedor_B,PROD020,5,68.6,49.97
FAC-2028,2026-01-25,Vendedor_A,PROD023,23,63.46,47.19
FAC-2029,2026-01-25,Vendedor_C,PROD025,21,50.62,56.25
FAC-2030,2026-01-25,Vendedor_A,PROD017,5,37.01,26.0
FAC-2031,2026-01-25,Vendedor_A,PROD001,5,19.6,14.47
FAC-2032,2026-01-25,Vendedor_A,PROD015,16,6.33,4.39
FAC-2033,2026-01-25,Vendedor_B,PROD014,6,6.51,4.67
FAC-2034,2026-01-25,Vendedor_A,PROD006,4,28.13,19.6
FAC-2035,2026-01-25,Vendedor_C,PROD018,3,29.38,22.33
FAC-2036,2026-01-25,Vendedor_A,PROD008,1,11.1,8.16
FAC-2037,2026-01-25,Vendedor_C,PROD008,5,11.62,8.16
FAC-2038,2026-01-25,Vendedor_A,PROD013,14,5.72,4.36
FAC-2039,2026-01-25,Vendedor_A,PROD006,2,26.11,19.6
FAC-2040,2026-01-25,Vendedor_B,PROD001,3,19.6,14.47
FAC-2041,2026-01-25,Vendedor_A,PROD011,2,11.09,8.04
FAC-2042,2026-01-25,Vendedor_A,PROD013,23,6.04,4.36
FAC-2043,2026-01-25,Vendedor_B,PROD009,2,8.79,6.74
FAC-2044,2026-01-25,Vendedor_A,PROD023,2,62.17,47.19
FAC-2045,2026-01-25,Vendedor_C,PROD023,2,62.89,47.19
FAC-2046,2026-01-25,Vendedor_A,PROD001,2,19.6,14.47
FAC-2047,2026-01-25,Vendedor_B,PROD022,23,66.04,46.03
FAC-2048,2026-01-25,Vendedor_B,PROD006,1,28.11,19.6
FAC-2049,2026-01-25,Vendedor_A,PROD017,1,35.97,26.0
FAC-2050,2026-01-25,Vendedor_A,PROD016,7,6.72,5.4
FAC-2051,2026-01-26,Vendedor_A,PROD014,16,6.2,4.67
FAC-2052,2026-01-26,Vendedor_B,PROD022,22,65.1,46.03
FAC-2053,2026-01-26,Vendedor_A,PROD024,23,71.12,49.39
FAC-2054,2026-01-26,Vendedor_B,PROD017,5,35.44,26.0
FAC-2055,2026-01-26,Vendedor_A,PROD020,19,68.6,49.97
FAC-2056,2026-01-26,Vendedor_C,PROD018,5,30.14,22.33
FAC-2057,2026-01-26,Vendedor_A,PROD007,3,25.9,20.75
FAC-2058,2026-01-26,Vendedor_B,PROD011,3,10.51,8.04
FAC-2059,2026-01-26,Vendedor_B,PROD019,2,32.63,24.45
FAC-2060,2026-01-26,Vendedor_A,PROD016,18,6.72,5.4
FAC-2061,2026-01-26,Vendedor_A,PROD007,1,25.9,20.75
FAC-2062,2026-01-26,Vendedor_A,PROD003,2,17.17,12.69
FAC-2063,2026-01-26,Vendedor_A,PROD014,5,6.27,4.67
FAC-2064,2026-01-26,Vendedor_C,PROD008,4,10.8,8.16
FAC-2065,2026-01-26,Vendedor_B,PROD013,3,5.81,4.36
FAC-2066,2026-01-26,Vendedor_B,PROD003,3,16.94,12.69
FAC-2067,2026-01-26,Vendedor_C,PROD009,4,9.08,6.74
FAC-2068,2026-01-26,Vendedor_A,PROD019,3,33.18,24.45
FAC-2069,2026-01-26,Vendedor_A,PROD010,5,8.23,6.11
FAC-2070,2026-01-26,Vendedor_B,PROD007,3,25.9,20.75
FAC-2071,2026-01-26,Vendedor_A,PROD013,15,6.1,4.36
FAC-2072,2026-01-26,Vendedor_C,PROD012,11,6.87,5.06
FAC-2073,2026-01-26,Vendedor_B,PROD018,1,29.86,22.33
FAC-2074,2026-01-26,Vendedor_A,PROD005,3,28.88,20.12
FAC-2075,2026-01-26,Vendedor_B,PROD003,4,18.07,12.69
FAC-2076,2026-01-26,Vendedor_A,PROD004,3,16.5,12.36
FAC-2077,2026-01-26,Vendedor_A,PROD022,12,60.75,46.03
FAC-2078,2026-01-26,Vendedor_A,PROD013,13,6.32,4.36
FAC-2079,2026-01-26,Vendedor_A,PROD023,10,64.6,47.19
FAC-2080,2026-01-26,Vendedor_B,PROD009,5,8.95,6.74
FAC-2081,2026-01-26,Vendedor_C,PROD015,3,6.03,4.39
FAC-2082,2026-01-26,Vendedor_A,PROD013,11,6.04,4.36
FAC-2083,2026-01-26,Vendedor_B,PROD014,10,6.58,4.67
FAC-2084,2026-01-26,Vendedor_B,PROD025,3,78.71,56.25
FAC-2085,2026-01-26,Vendedor_A,PROD010,5,8.16,6.11
FAC-2086,2026-01-26,Vendedor_A,PROD022,3,66.57,46.03
FAC-2087,2026-01-26,Vendedor_C,PROD012,12,6.61,5.06
FAC-2088,2026-01-27,Vendedor_A,PROD019,2,33.23,24.45
FAC-2089,2026-01-27,Vendedor_A,PROD016,13,6.72,5.4
FAC-2090,2026-01-27,Vendedor_A,PROD011,4,10.82,8.04
FAC-2091,2026-01-27,Vendedor_A,PROD013,16,6.04,4.36
FAC-2092,2026-01-27,Vendedor_A,PROD008,4,11.71,8.16
FAC-2093,2026-01-27,Vendedor_A,PROD012,18,6.89,5.06
FAC-2094,2026-01-27,Vendedor_A,PROD024,17,66.13,49.39
FAC-2095,2026-01-27,Vendedor_A,PROD004,4,16.9,12.36
FAC-2096,2026-01-27,Vendedor_A,PROD005,2,26.41,20.12
FAC-2097,2026-01-27,Vendedor_A,PROD007,4,25.9,20.75
FAC-2098,2026-01-27,Vendedor_A,PROD005,4,28.35,20.12
FAC-2099,2026-01-27,Vendedor_A,PROD019,5,32.58,24.45
FAC-2100,2026-01-27,Vendedor_A,PROD023,7,62.44,47.19
FAC-2101,2026-01-27,Vendedor_A,PROD004,2,16.82,12.36
FAC-2102,2026-01-27,Vendedor_B,PROD005,3,28.65,20.12
FAC-2103,2026-01-27,Vendedor_A,PROD023,23,67.03,47.19
FAC-2104,2026-01-27,Vendedor_C,PROD004,4,17.71,12.36
FAC-2105,2026-01-27,Vendedor_A,PROD009,4,8.99,6.74
FAC-2106,2026-01-27,Vendedor_A,PROD015,5,6.23,4.39
FAC-2107,2026-01-27,Vendedor_A,PROD018,3,30.36,22.33
FAC-2108,2026-01-27,Vendedor_A,PROD005,4,26.4,20.12
FAC-2109,2026-01-27,Vendedor_A,PROD002,1,18.2,14.04
FAC-2110,2026-01-27,Vendedor_A,PROD010,2,8.41,6.11
FAC-2111,2026-01-27,Vendedor_C,PROD003,3,17.6,12.69
FAC-2112,2026-01-27,Vendedor_A,PROD021,11,60.77,42.94
FAC-2113,2026-01-27,Vendedor_B,PROD002,1,18.2,14.04
FAC-2114,2026-01-27,Vendedor_B,PROD016,8,6.72,5.4
FAC-2115,2026-01-27,Vendedor_A,PROD021,12,58.59,42.94
FAC-2116,2026-01-27,Vendedor_B,PROD023,16,62.05,47.19
FAC-2117,2026-01-27,Vendedor_A,PROD018,3,29.88,22.33
FAC-2118,2026-01-27,Vendedor_B,PROD001,5,19.6,14.47
FAC-2119,2026-01-27,Vendedor_B,PROD010,4,8.67,6.11
FAC-2120,2026-01-27,Vendedor_A,PROD012,19,6.62,5.06
FAC-2121,2026-01-27,Vendedor_A,PROD011,3,11.61,8.04
FAC-2122,2026-01-27,Vendedor_C,PROD010,1,8.76,6.11
FAC-2123,2026-01-28,Vendedor_A,PROD022,11,62.8,46.03
FAC-2124,2026-01-28,Vendedor_B,PROD010,1,8.16,6.11
FAC-2125,2026-01-28,Vendedor_A,PROD022,17,61.35,46.03
FAC-2126,2026-01-28,Vendedor_C,PROD013,12,6.06,4.36
FAC-2127,2026-01-28,Vendedor_A,PROD009,1,9.77,6.74
FAC-2128,2026-01-28,Vendedor_A,PROD002,1,18.2,14.04
FAC-2129,2026-01-28,Vendedor_B,PROD012,3,6.6,5.06
FAC-2130,2026-01-28,Vendedor_A,PROD016,3,6.72,5.4
FAC-2131,2026-01-28,Vendedor_B,PROD001,4,19.6,14.47
FAC-2132,2026-01-28,Vendedor_B,PROD024,15,67.86,49.39
FAC-2133,2026-01-28,Vendedor_A,PROD002,4,18.2,14.04
FAC-2134,2026-01-28,Vendedor_B,PROD005,5,27.9,20.12
FAC-2135,2026-01-28,Vendedor_C,PROD010,2,8.44,6.11
FAC-2136,2026-01-28,Vendedor_C,PROD012,14,6.69,5.06
FAC-2137,2026-01-28,Vendedor_B,PROD004,5,17.42,12.36
FAC-2138,2026-01-28,Vendedor_A,PROD004,5,17.19,12.36
FAC-2139,2026-01-28,Vendedor_B,PROD004,5,17.21,12.36
FAC-2140,2026-01-28,Vendedor_A,PROD016,5,6.72,5.4
FAC-2141,2026-01-28,Vendedor_B,PROD021,15,59.9,42.94
FAC-2142,2026-01-28,Vendedor_C,PROD006,5,27.49,19.6
FAC-2143,2026-01-28,Vendedor_A,PROD007,4,25.9,20.75
FAC-2144,2026-01-28,Vendedor_C,PROD017,2,37.04,26.0
FAC-2145,2026-01-28,Vendedor_A,PROD005,3,26.47,20.12
FAC-2146,2026-01-28,Vendedor_A,PROD014,4,6.15,4.67
FAC-2147,2026-01-28,Vendedor_A,PROD017,5,35.96,26.0
FAC-2148,2026-01-28,Vendedor_B,PROD020,10,68.6,49.97
FAC-2149,2026-01-28,Vendedor_A,PROD006,2,27.87,19.6
FAC-2150,2026-01-28,Vendedor_A,PROD013,9,6.31,4.36
FAC-2151,2026-01-28,Vendedor_A,PROD023,12,64.75,47.19
FAC-2152,2026-01-28,Vendedor_C,PROD007,3,25.9,20.75
FAC-2153,2026-01-28,Vendedor_C,PROD022,15,65.87,46.03
FAC-2154,2026-01-28,Vendedor_A,PROD003,1,18.04,12.69
FAC-2155,2026-01-28,Vendedor_C,PROD017,5,35.71,26.0
FAC-2156,2026-01-28,Vendedor_A,PROD016,4,6.72,5.4
FAC-2157,2026-01-28,Vendedor_A,PROD003,4,17.77,12.69
FAC-2158,2026-01-28,Vendedor_C,PROD013,20,5.84,4.36
FAC-2159,2026-01-29,Vendedor_B,PROD019,5,34.46,24.45
FAC-2160,2026-01-29,Vendedor_A,PROD013,21,5.68,4.36
FAC-2161,2026-01-29,Vendedor_C,PROD015,20,6.11,4.39
FAC-2162,2026-01-29,Vendedor_C,PROD008,3,10.76,8.16
FAC-2163,2026-01-29,Vendedor_B,PROD023,21,65.49,47.19
FAC-2164,2026-01-29,Vendedor_A,PROD024,13,64.63,49.39
FAC-2165,2026-01-29,Vendedor_A,PROD015,11,6.07,4.39
FAC-2166,2026-01-29,Vendedor_A,PROD011,4,10.5,8.04
FAC-2167,2026-01-29,Vendedor_A,PROD006,3,27.4,19.6
FAC-2168,2026-01-29,Vendedor_A,PROD008,3,11.27,8.16
FAC-2169,2026-01-29,Vendedor_A,PROD007,1,25.9,20.75
FAC-2170,2026-01-29,Vendedor_B,PROD012,12,7.11,5.06
FAC-2171,2026-01-29,Vendedor_A,PROD019,1,35.13,24.45
FAC-2172,2026-01-29,Vendedor_B,PROD013,21,6.17,4.36
FAC-2173,2026-01-29,Vendedor_C,PROD022,8,64.18,46.03
FAC-2174,2026-01-29,Vendedor_A,PROD014,10,6.29,4.67
FAC-2175,2026-01-29,Vendedor_A,PROD023,12,66.94,47.19
FAC-2176,2026-01-29,Vendedor_C,PROD015,20,5.93,4.39
FAC-2177,2026-01-29,Vendedor_B,PROD001,3,19.6,14.47
FAC-2178,2026-01-29,Vendedor_A,PROD017,4,34.21,26.0
FAC-2179,2026-01-29,Vendedor_C,PROD013,20,5.74,4.36
FAC-2180,2026-01-29,Vendedor_B,PROD006,4,26.62,19.6
FAC-2181,2026-01-29,Vendedor_A,PROD006,1,26.82,19.6
FAC-2182,2026-01-29,Vendedor_A,PROD018,1,29.69,22.33
FAC-2183,2026-01-29,Vendedor_B,PROD007,2,25.9,20.75
FAC-2184,2026-01-29,Vendedor_A,PROD006,4,28.03,19.6
FAC-2185,2026-01-29,Vendedor_A,PROD021,5,60.17,42.94
FAC-2186,2026-01-29,Vendedor_A,PROD011,2,11.29,8.04
FAC-2187,2026-01-29,Vendedor_A,PROD009,3,8.86,6.74
FAC-2188,2026-01-29,Vendedor_A,PROD004,3,17.07,12.36
FAC-2189,2026-01-29,Vendedor_A,PROD014,17,6.17,4.67
FAC-2190,2026-01-29,Vendedor_A,PROD003,4,16.79,12.69
FAC-2191,2026-01-29,Vendedor_C,PROD005,2,26.4,20.12
FAC-2192,2026-01-29,Vendedor_B,PROD016,5,6.72,5.4
FAC-2193,2026-01-29,Vendedor_B,PROD022,5,63.13,46.03
FAC-2194,2026-01-29,Vendedor_A,PROD018,5,30.06,22.33
FAC-2195,2026-01-29,Vendedor_A,PROD001,2,19.6,14.47
FAC-2196,2026-01-29,Vendedor_A,PROD023,13,63.65,47.19
FAC-2197,2026-01-29,Vendedor_A,PROD008,2,11.59,8.16
FAC-2198,2026-01-29,Vendedor_C,PROD005,2,26.19,20.12
FAC-2199,2026-01-30,Vendedor_A,PROD012,10,7.3,5.06
FAC-2200,2026-01-30,Vendedor_C,PROD022,2,60.43,46.03
FAC-2201,2026-01-30,Vendedor_A,PROD011,4,10.61,8.04
FAC-2202,2026-01-30,Vendedor_A,PROD007,2,25.9,20.75
FAC-2203,2026-01-30,Vendedor_A,PROD003,5,16.86,12.69
FAC-2204,2026-01-30,Vendedor_C,PROD001,3,19.6,14.47
FAC-2205,2026-01-30,Vendedor_A,PROD004,2,16.44,12.36
FAC-2206,2026-01-30,Vendedor_C,PROD024,7,68.32,49.39
FAC-2207,2026-01-30,Vendedor_B,PROD010,3,8.66,6.11
FAC-2208,2026-01-30,Vendedor_C,PROD016,8,6.72,5.4
FAC-2209,2026-01-30,Vendedor_B,PROD019,5,34.08,24.45
FAC-2210,2026-01-30,Vendedor_B,PROD022,11,60.25,46.03
FAC-2211,2026-01-30,Vendedor_A,PROD021,8,59.19,42.94
FAC-2212,2026-01-30,Vendedor_A,PROD015,4,6.12,4.39
FAC-2213,2026-01-30,Vendedor_A,PROD019,3,34.51,24.45
FAC-2214,2026-01-30,Vendedor_C,PROD006,5,26.61,19.6
FAC-2215,2026-01-30,Vendedor_A,PROD019,2,35.03,24.45
FAC-2216,2026-01-30,Vendedor_A,PROD020,20,68.6,49.97
FAC-2217,2026-01-30,Vendedor_B,PROD021,17,55.99,42.94
FAC-2218,2026-01-30,Vendedor_A,PROD013,15,6.32,4.36
FAC-2219,2026-01-30,Vendedor_C,PROD013,8,5.74,4.36
FAC-2220,2026-01-30,Vendedor_C,PROD006,1,27.9,19.6
FAC-2221,2026-01-30,Vendedor_A,PROD005,1,27.52,20.12
FAC-2222,2026-01-30,Vendedor_C,PROD025,15,50.62,56.25
FAC-2223,2026-01-30,Vendedor_B,PROD016,5,6.72,5.4
FAC-2224,2026-01-30,Vendedor_B,PROD025,6,73.62,56.25
FAC-2225,2026-01-30,Vendedor_C,PROD011,3,10.51,8.04
FAC-2226,2026-01-30,Vendedor_B,PROD014,20,6.27,4.67
FAC-2227,2026-01-30,Vendedor_A,PROD024,9,67.25,49.39
FAC-2228,2026-01-30,Vendedor_B,PROD020,5,68.6,49.97
FAC-2229,2026-01-30,Vendedor_A,PROD014,9,6.76,4.67
FAC-2230,2026-01-30,Vendedor_A,PROD006,5,27.62,19.6
FAC-2231,2026-01-30,Vendedor_A,PROD013,19,5.78,4.36
FAC-2232,2026-01-30,Vendedor_B,PROD015,14,5.84,4.39
FAC-2233,2026-01-30,Vendedor_B,PROD018,5,30.14,22.33
FAC-2234,2026-01-30,Vendedor_B,PROD018,3,31.13,22.33
FAC-2235,2026-01-30,Vendedor_B,PROD003,5,17.12,12.69
FAC-2236,2026-01-30,Vendedor_B,PROD012,12,6.95,5.06
FAC-2237,2026-01-30,Vendedor_A,PROD023,20,65.68,47.19
FAC-2238,2026-01-31,Vendedor_A,PROD012,2,7.13,5.06
FAC-2239,2026-01-31,Vendedor_A,PROD019,1,33.7,24.45
FAC-2240,2026-01-31,Vendedor_A,PROD005,3,28.24,20.12
FAC-2241,2026-01-31,Vendedor_A,PROD008,4,11.28,8.16
FAC-2242,2026-01-31,Vendedor_B,PROD022,4,60.25,46.03
FAC-2243,2026-01-31,Vendedor_A,PROD013,23,5.75,4.36
FAC-2244,2026-01-31,Vendedor_A,PROD021,10,58.62,42.94
FAC-2245,2026-01-31,Vendedor_A,PROD001,3,19.6,14.47
FAC-2246,2026-01-31,Vendedor_A,PROD023,14,64.77,47.19
FAC-2247,2026-01-31,Vendedor_A,PROD011,5,10.87,8.04
FAC-2248,2026-01-31,Vendedor_A,PROD025,13,74.8,56.25
FAC-2249,2026-01-31,Vendedor_C,PROD018,3,29.26,22.33
FAC-2250,2026-01-31,Vendedor_A,PROD010,3,8.38,6.11
FAC-2251,2026-01-31,Vendedor_B,PROD006,1,26.45,19.6
FAC-2252,2026-01-31,Vendedor_B,PROD021,14,60.56,42.94
FAC-2253,2026-01-31,Vendedor_A,PROD017,5,34.32,26.0
FAC-2254,2026-01-31,Vendedor_A,PROD017,2,36.51,26.0
FAC-2255,2026-01-31,Vendedor_C,PROD018,5,30.42,22.33
FAC-2256,2026-01-31,Vendedor_A,PROD006,2,25.75,19.6
FAC-2257,2026-01-31,Vendedor_B,PROD008,1,10.77,8.16
FAC-2258,2026-01-31,Vendedor_B,PROD024,21,64.44,49.39
FAC-2259,2026-01-31,Vendedor_C,PROD024,5,68.07,49.39
FAC-2260,2026-01-31,Vendedor_C,PROD025,17,50.62,56.25
FAC-2261,2026-01-31,Vendedor_B,PROD002,3,18.2,14.04
FAC-2262,2026-01-31,Vendedor_C,PROD025,20,50.62,56.25
FAC-2263,2026-01-31,Vendedor_A,PROD001,4,19.6,14.47
FAC-2264,2026-01-31,Vendedor_A,PROD008,5,10.91,8.16
FAC-2265,2026-01-31,Vendedor_A,PROD013,10,6.05,4.36
FAC-2266,2026-01-31,Vendedor_A,PROD016,11,6.72,5.4
FAC-2267,2026-01-31,Vendedor_A,PROD010,4,8.42,6.11
FAC-2268,2026-01-31,Vendedor_C,PROD024,16,67.17,49.39
FAC-2269,2026-01-31,Vendedor_B,PROD004,1,17.27,12.36
FAC-2270,2026-01-31,Vendedor_A,PROD004,1,16.56,12.36
FAC-2271,2026-01-31,Vendedor_B,PROD020,6,68.6,49.97
FAC-2272,2026-01-31,Vendedor_C,PROD020,16,68.6,49.97
FAC-2273,2026-01-31,Vendedor_C,PROD002,4,18.2,14.04
FAC-2274,2026-02-01,Vendedor_A,PROD013,9,6.14,4.36
FAC-2275,2026-02-01,Vendedor_A,PROD003,1,16.59,12.69
FAC-2276,2026-02-01,Vendedor_C,PROD021,11,55.83,42.94
FAC-2277,2026-02-01,Vendedor_A,PROD013,6,5.8,4.36
FAC-2278,2026-02-01,Vendedor_A,PROD010,2,8.78,6.11
FAC-2279,2026-02-01,Vendedor_A,PROD022,9,63.63,46.73
FAC-2280,2026-02-01,Vendedor_A,PROD007,5,25.9,20.75
FAC-2281,2026-02-01,Vendedor_C,PROD014,19,6.33,4.67
FAC-2282,2026-02-01,Vendedor_A,PROD020,18,68.6,49.97
FAC-2283,2026-02-01,Vendedor_B,PROD013,8,6.11,4.36
FAC-2284,2026-02-01,Vendedor_A,PROD010,3,8.61,6.11
FAC-2285,2026-02-01,Vendedor_A,PROD018,5,29.72,22.33
FAC-2286,2026-02-01,Vendedor_A,PROD019,1,33.25,24.45
FAC-2287,2026-02-01,Vendedor_A,PROD004,3,17.54,12.36
FAC-2288,2026-02-01,Vendedor_B,PROD023,5,62.36,47.19
FAC-2289,2026-02-01,Vendedor_A,PROD007,1,25.9,20.75
FAC-2290,2026-02-01,Vendedor_A,PROD025,20,80.75,56.25
FAC-2291,2026-02-01,Vendedor_B,PROD008,3,10.71,8.16
FAC-2292,2026-02-01,Vendedor_C,PROD010,3,8.44,6.11
FAC-2293,2026-02-01,Vendedor_A,PROD010,2,8.64,6.11
FAC-2294,2026-02-01,Vendedor_A,PROD023,18,67.39,47.19
FAC-2295,2026-02-01,Vendedor_B,PROD014,20,6.52,4.67
FAC-2296,2026-02-01,Vendedor_A,PROD002,3,18.2,14.04
FAC-2297,2026-02-01,Vendedor_A,PROD006,5,26.21,20.15
FAC-2298,2026-02-01,Vendedor_B,PROD022,9,65.39,46.73
FAC-2299,2026-02-01,Vendedor_A,PROD019,3,35.25,24.45
FAC-2300,2026-02-01,Vendedor_A,PROD007,1,25.9,20.75
FAC-2301,2026-02-01,Vendedor_A,PROD008,3,11.44,8.16
FAC-2302,2026-02-01,Vendedor_A,PROD003,3,16.82,12.69
FAC-2303,2026-02-01,Vendedor_A,PROD001,4,19.6,14.47
FAC-2304,2026-02-01,Vendedor_C,PROD023,22,62.54,47.19
FAC-2305,2026-02-01,Vendedor_A,PROD001,4,19.6,14.47
FAC-2306,2026-02-01,Vendedor_B,PROD005,3,27.7,20.12
FAC-2307,2026-02-01,Vendedor_C,PROD016,4,6.72,5.4
FAC-2308,2026-02-01,Vendedor_C,PROD020,4,68.6,49.97
FAC-2309,2026-02-01,Vendedor_A,PROD020,17,68.6,49.97
FAC-2310,2026-02-01,Vendedor_A,PROD017,2,34.99,26.0
FAC-2311,2026-02-01,Vendedor_A,PROD018,3,30.05,22.33
FAC-2312,2026-02-01,Vendedor_A,PROD015,16,6.27,4.39
FAC-2313,2026-02-01,Vendedor_C,PROD003,2,17.7,12.69
FAC-2314,2026-02-01,Vendedor_B,PROD024,21,71.45,49.39
FAC-2315,2026-02-01,Vendedor_A,PROD017,4,34.66,26.0
FAC-2316,2026-02-01,Vendedor_B,PROD014,23,6.31,4.67
FAC-2317,2026-02-01,Vendedor_C,PROD007,5,25.9,20.75
FAC-2318,2026-02-02,Vendedor_A,PROD006,2,26.39,20.15
FAC-2319,2026-02-02,Vendedor_C,PROD017,5,35.56,26.0
FAC-2320,2026-02-02,Vendedor_A,PROD020,22,68.6,49.97
FAC-2321,2026-02-02,Vendedor_C,PROD022,18,62.12,46.73
FAC-2322,2026-02-02,Vendedor_A,PROD011,2,11.0,8.04
FAC-2323,2026-02-02,Vendedor_A,PROD004,1,17.02,12.36
FAC-2324,2026-02-02,Vendedor_C,PROD007,5,25.9,20.75
FAC-2325,2026-02-02,Vendedor_A,PROD020,20,68.6,49.97
FAC-2326,2026-02-02,Vendedor_A,PROD009,2,9.34,6.74
FAC-2327,2026-02-02,Vendedor_B,PROD025,23,74.01,56.25
FAC-2328,2026-02-02,Vendedor_A,PROD022,7,65.95,46.73
FAC-2329,2026-02-02,Vendedor_B,PROD014,2,6.68,4.67
FAC-2330,2026-02-02,Vendedor_A,PROD001,4,19.6,14.47
FAC-2331,2026-02-02,Vendedor_B,PROD018,1,29.27,22.33
FAC-2332,2026-02-02,Vendedor_A,PROD010,2,8.04,6.11
FAC-2333,2026-02-02,Vendedor_A,PROD023,18,66.66,47.19
FAC-2334,2026-02-02,Vendedor_A,PROD013,18,5.92,4.51
FAC-2335,2026-02-02,Vendedor_C,PROD005,1,28.23,20.12
FAC-2336,2026-02-02,Vendedor_B,PROD015,3,6.22,4.39
FAC-2337,2026-02-02,Vendedor_A,PROD004,2,17.9,12.36
FAC-2338,2026-02-02,Vendedor_B,PROD007,2,25.9,20.75
FAC-2339,2026-02-02,Vendedor_C,PROD001,2,19.6,14.47
FAC-2340,2026-02-02,Vendedor_B,PROD011,1,10.77,8.04
FAC-2341,2026-02-02,Vendedor_A,PROD015,20,5.97,4.39
FAC-2342,2026-02-02,Vendedor_C,PROD006,1,27.21,20.15
FAC-2343,2026-02-02,Vendedor_A,PROD022,16,62.44,46.73
FAC-2344,2026-02-02,Vendedor_A,PROD007,1,25.9,20.75
FAC-2345,2026-02-02,Vendedor_A,PROD023,23,62.93,47.19
FAC-2346,2026-02-02,Vendedor_A,PROD011,1,11.54,8.04
FAC-2347,2026-02-02,Vendedor_C,PROD010,2,8.04,6.11
FAC-2348,2026-02-02,Vendedor_A,PROD023,16,68.38,47.19
FAC-2349,2026-02-02,Vendedor_B,PROD014,20,6.71,4.67
FAC-2350,2026-02-02,Vendedor_C,PROD025,21,73.72,56.25
FAC-2351,2026-02-02,Vendedor_A,PROD021,20,59.33,42.94
FAC-2352,2026-02-02,Vendedor_A,PROD001,5,19.6,14.47
FAC-2353,2026-02-02,Vendedor_A,PROD016,23,6.72,5.4
FAC-2354,2026-02-02,Vendedor_A,PROD008,4,10.87,8.16
FAC-2355,2026-02-02,Vendedor_A,PROD010,3,8.4,6.11
FAC-2356,2026-02-02,Vendedor_B,PROD023,13,68.29,47.19
FAC-2357,2026-02-02,Vendedor_C,PROD015,15,6.29,4.39
FAC-2358,2026-02-02,Vendedor_B,PROD014,3,6.38,4.67
FAC-2359,2026-02-02,Vendedor_A,PROD010,4,8.12,6.11
FAC-2360,2026-02-02,Vendedor_A,PROD006,1,28.17,20.15
FAC-2361,2026-02-03,Vendedor_A,PROD015,19,6.3,4.56
FAC-2362,2026-02-03,Vendedor_A,PROD006,2,27.44,20.15
FAC-2363,2026-02-03,Vendedor_C,PROD013,2,6.51,4.51
FAC-2364,2026-02-03,Vendedor_C,PROD015,6,6.41,4.56
FAC-2365,2026-02-03,Vendedor_B,PROD002,1,18.2,14.04
FAC-2366,2026-02-03,Vendedor_C,PROD016,17,6.72,5.4
FAC-2367,2026-02-03,Vendedor_B,PROD014,4,6.41,4.67
FAC-2368,2026-02-03,Vendedor_A,PROD023,10,65.83,47.19
FAC-2369,2026-02-03,Vendedor_C,PROD023,19,66.63,47.19
FAC-2370,2026-02-03,Vendedor_A,PROD011,4,10.54,8.04
FAC-2371,2026-02-03,Vendedor_A,PROD006,2,27.27,20.15
FAC-2372,2026-02-03,Vendedor_A,PROD004,1,17.09,12.36
FAC-2373,2026-02-03,Vendedor_B,PROD010,3,8.83,6.11
FAC-2374,2026-02-03,Vendedor_B,PROD012,16,7.03,5.06
FAC-2375,2026-02-03,Vendedor_A,PROD017,2,34.55,26.0
FAC-2376,2026-02-03,Vendedor_A,PROD002,2,18.2,14.04
FAC-2377,2026-02-03,Vendedor_A,PROD007,1,25.9,23.09
FAC-2378,2026-02-03,Vendedor_A,PROD023,2,64.27,47.19
FAC-2379,2026-02-03,Vendedor_B,PROD011,3,10.52,8.04
FAC-2380,2026-02-03,Vendedor_A,PROD021,9,58.31,42.94
FAC-2381,2026-02-03,Vendedor_A,PROD014,6,6.28,4.67
FAC-2382,2026-02-03,Vendedor_A,PROD025,10,83.23,63.98
FAC-2383,2026-02-03,Vendedor_A,PROD004,2,17.78,12.36
FAC-2384,2026-02-03,Vendedor_A,PROD011,5,10.74,8.04
FAC-2385,2026-02-03,Vendedor_C,PROD024,11,64.81,49.39
FAC-2386,2026-02-03,Vendedor_A,PROD016,14,6.72,5.4
FAC-2387,2026-02-03,Vendedor_C,PROD018,5,29.7,22.33
FAC-2388,2026-02-03,Vendedor_B,PROD004,3,17.83,12.36
FAC-2389,2026-02-03,Vendedor_A,PROD012,16,6.62,5.06
FAC-2390,2026-02-03,Vendedor_A,PROD005,2,28.79,20.12
FAC-2391,2026-02-03,Vendedor_A,PROD025,18,89.81,63.98
FAC-2392,2026-02-03,Vendedor_A,PROD018,1,31.81,22.33
FAC-2393,2026-02-03,Vendedor_A,PROD010,4,8.45,6.11
FAC-2394,2026-02-03,Vendedor_B,PROD017,1,35.02,26.0
FAC-2395,2026-02-03,Vendedor_C,PROD023,5,67.24,47.19
FAC-2396,2026-02-03,Vendedor_A,PROD021,5,59.7,42.94
FAC-2397,2026-02-03,Vendedor_A,PROD016,23,6.72,5.4
FAC-2398,2026-02-03,Vendedor_A,PROD001,2,19.6,14.47
FAC-2399,2026-02-03,Vendedor_A,PROD022,8,65.47,46.73
FAC-2400,2026-02-03,Vendedor_A,PROD006,1,28.11,20.15
FAC-2401,2026-02-04,Vendedor_B,PROD011,1,10.59,8.04
FAC-2402,2026-02-04,Vendedor_A,PROD025,21,87.81,63.98
FAC-2403,2026-02-04,Vendedor_C,PROD004,4,17.39,12.36
FAC-2404,2026-02-04,Vendedor_B,PROD017,5,37.3,26.0
FAC-2405,2026-02-04,Vendedor_A,PROD014,22,6.25,4.67
FAC-2406,2026-02-04,Vendedor_A,PROD016,3,6.72,5.4
FAC-2407,2026-02-04,Vendedor_A,PROD010,1,8.84,6.11
FAC-2408,2026-02-04,Vendedor_B,PROD016,21,6.72,5.4
FAC-2409,2026-02-04,Vendedor_B,PROD020,4,68.6,49.97
FAC-2410,2026-02-04,Vendedor_B,PROD023,5,66.52,47.19
FAC-2411,2026-02-04,Vendedor_A,PROD014,15,6.47,4.67
FAC-2412,2026-02-04,Vendedor_A,PROD006,2,27.7,20.15
FAC-2413,2026-02-04,Vendedor_B,PROD012,22,7.5,5.26
FAC-2414,2026-02-04,Vendedor_B,PROD019,3,33.06,24.88
FAC-2415,2026-02-04,Vendedor_C,PROD006,5,26.82,20.15
FAC-2416,2026-02-04,Vendedor_A,PROD016,6,6.72,5.4
FAC-2417,2026-02-04,Vendedor_C,PROD011,5,10.78,8.04
FAC-2418,2026-02-04,Vendedor_A,PROD023,4,66.93,47.19
FAC-2419,2026-02-04,Vendedor_A,PROD006,5,26.84,20.15
FAC-2420,2026-02-04,Vendedor_C,PROD025,4,57.58,63.98
FAC-2421,2026-02-04,Vendedor_B,PROD023,13,68.09,47.19
FAC-2422,2026-02-04,Vendedor_A,PROD006,1,27.79,20.15
FAC-2423,2026-02-04,Vendedor_A,PROD010,3,8.61,6.11
FAC-2424,2026-02-04,Vendedor_B,PROD001,4,19.6,14.47
FAC-2425,2026-02-04,Vendedor_A,PROD010,1,8.1,6.11
FAC-2426,2026-02-04,Vendedor_A,PROD004,4,17.15,12.36
FAC-2427,2026-02-04,Vendedor_A,PROD017,5,36.61,26.0
FAC-2428,2026-02-04,Vendedor_A,PROD019,4,34.16,24.88
FAC-2429,2026-02-04,Vendedor_A,PROD009,4,9.17,6.74
FAC-2430,2026-02-04,Vendedor_C,PROD021,17,60.51,42.94
FAC-2431,2026-02-04,Vendedor_A,PROD008,5,11.98,8.46
FAC-2432,2026-02-04,Vendedor_B,PROD014,23,6.67,4.67
FAC-2433,2026-02-04,Vendedor_A,PROD021,21,56.7,42.94
FAC-2434,2026-02-04,Vendedor_A,PROD024,7,68.51,50.44
FAC-2435,2026-02-04,Vendedor_A,PROD006,4,26.31,20.15
FAC-2436,2026-02-04,Vendedor_A,PROD010,1,8.79,6.11
FAC-2437,2026-02-04,Vendedor_A,PROD019,2,35.11,24.88
FAC-2438,2026-02-04,Vendedor_B,PROD024,22,72.93,50.44
FAC-2439,2026-02-04,Vendedor_A,PROD025,19,85.44,63.98
FAC-2440,2026-02-04,Vendedor_A,PROD024,13,71.25,50.44
FAC-2441,2026-02-04,Vendedor_A,PROD016,11,6.72,5.4
FAC-2442,2026-02-04,Vendedor_A,PROD014,11,6.65,4.67
FAC-2443,2026-02-04,Vendedor_A,PROD025,21,84.32,63.98
FAC-2444,2026-02-04,Vendedor_A,PROD008,1,12.06,8.46
FAC-2445,2026-02-04,Vendedor_A,PROD021,6,57.44,42.94
FAC-2446,2026-02-04,Vendedor_B,PROD002,3,18.2,14.04
FAC-2447,2026-02-04,Vendedor_B,PROD018,5,30.19,22.33
FAC-2448,2026-02-04,Vendedor_A,PROD012,18,7.02,5.26
FAC-2449,2026-02-05,Vendedor_C,PROD002,4,18.2,15.77
FAC-2450,2026-02-05,Vendedor_B,PROD001,1,19.6,14.47
FAC-2451,2026-02-05,Vendedor_B,PROD004,3,17.64,12.36
FAC-2452,2026-02-05,Vendedor_A,PROD023,13,68.81,51.36
FAC-2453,2026-02-05,Vendedor_A,PROD024,19,68.74,50.44
FAC-2454,2026-02-05,Vendedor_A,PROD025,23,88.43,63.98
FAC-2455,2026-02-05,Vendedor_A,PROD013,9,6.08,4.51
FAC-2456,2026-02-05,Vendedor_B,PROD012,19,7.55,5.26
FAC-2457,2026-02-05,Vendedor_B,PROD013,6,6.45,4.51
FAC-2458,2026-02-05,Vendedor_C,PROD007,4,25.9,23.09
FAC-2459,2026-02-05,Vendedor_A,PROD016,10,6.72,5.4
FAC-2460,2026-02-05,Vendedor_B,PROD015,11,6.53,4.56
FAC-2461,2026-02-05,Vendedor_B,PROD020,22,68.6,49.97
FAC-2462,2026-02-05,Vendedor_A,PROD014,8,6.29,4.67
FAC-2463,2026-02-05,Vendedor_A,PROD008,4,11.51,8.46
FAC-2464,2026-02-05,Vendedor_A,PROD021,13,58.22,42.94
FAC-2465,2026-02-05,Vendedor_A,PROD005,5,29.16,20.12
FAC-2466,2026-02-05,Vendedor_C,PROD013,14,6.16,4.51
FAC-2467,2026-02-05,Vendedor_A,PROD023,5,74.1,51.36
FAC-2468,2026-02-05,Vendedor_A,PROD008,1,11.72,8.46
FAC-2469,2026-02-05,Vendedor_C,PROD012,17,7.19,5.26
FAC-2470,2026-02-05,Vendedor_A,PROD001,4,19.6,14.47
FAC-2471,2026-02-05,Vendedor_A,PROD005,3,28.91,20.12
FAC-2472,2026-02-05,Vendedor_A,PROD005,2,29.1,20.12
FAC-2473,2026-02-05,Vendedor_A,PROD013,11,6.32,4.51
FAC-2474,2026-02-05,Vendedor_A,PROD006,1,27.03,20.15
FAC-2475,2026-02-05,Vendedor_C,PROD008,3,12.17,8.46
FAC-2476,2026-02-05,Vendedor_A,PROD025,20,85.43,63.98
FAC-2477,2026-02-05,Vendedor_A,PROD022,5,62.73,46.73
FAC-2478,2026-02-05,Vendedor_A,PROD018,4,29.19,22.33
FAC-2479,2026-02-05,Vendedor_C,PROD002,3,18.2,15.77
FAC-2480,2026-02-05,Vendedor_A,PROD009,3,9.64,6.74
FAC-2481,2026-02-05,Vendedor_B,PROD025,5,86.3,63.98
FAC-2482,2026-02-05,Vendedor_A,PROD009,4,8.9,6.74
FAC-2483,2026-02-05,Vendedor_A,PROD010,2,8.79,6.11
FAC-2484,2026-02-05,Vendedor_B,PROD010,1,8.28,6.11
FAC-2485,2026-02-05,Vendedor_C,PROD016,4,6.72,5.4
FAC-2486,2026-02-05,Vendedor_A,PROD014,18,6.69,4.67
FAC-2487,2026-02-05,Vendedor_A,PROD006,3,28.6,20.15
FAC-2488,2026-02-05,Vendedor_A,PROD009,1,9.35,6.74
FAC-2489,2026-02-05,Vendedor_B,PROD024,16,66.56,50.44
FAC-2490,2026-02-05,Vendedor_A,PROD015,3,6.6,4.56
FAC-2491,2026-02-05,Vendedor_B,PROD023,17,73.78,51.36
FAC-2492,2026-02-05,Vendedor_C,PROD025,13,57.58,63.98
FAC-2493,2026-02-05,Vendedor_B,PROD004,2,17.47,12.36
FAC-2494,2026-02-06,Vendedor_A,PROD018,5,31.59,23.02
FAC-2495,2026-02-06,Vendedor_C,PROD024,23,71.07,50.44
FAC-2496,2026-02-06,Vendedor_C,PROD021,17,56.22,42.94
FAC-2497,2026-02-06,Vendedor_B,PROD005,5,27.37,20.12
FAC-2498,2026-02-06,Vendedor_B,PROD013,15,6.3,4.51
FAC-2499,2026-02-06,Vendedor_B,PROD004,5,16.89,12.56
FAC-2500,2026-02-06,Vendedor_A,PROD012,5,7.02,5.26
FAC-2501,2026-02-06,Vendedor_C,PROD002,2,18.2,15.77
FAC-2502,2026-02-06,Vendedor_A,PROD010,2,8.38,6.21
FAC-2503,2026-02-06,Vendedor_A,PROD010,3,8.31,6.21
FAC-2504,2026-02-06,Vendedor_B,PROD021,8,56.44,42.94
FAC-2505,2026-02-06,Vendedor_A,PROD014,10,6.2,4.67
FAC-2506,2026-02-06,Vendedor_A,PROD017,4,38.15,26.94
FAC-2507,2026-02-06,Vendedor_A,PROD008,4,11.54,8.46
FAC-2508,2026-02-06,Vendedor_B,PROD018,1,29.96,23.02
FAC-2509,2026-02-06,Vendedor_A,PROD011,2,12.01,8.7
FAC-2510,2026-02-06,Vendedor_B,PROD006,3,28.94,20.15
FAC-2511,2026-02-06,Vendedor_A,PROD021,15,61.91,42.94
FAC-2512,2026-02-06,Vendedor_B,PROD023,6,67.16,51.36
FAC-2513,2026-02-06,Vendedor_A,PROD024,20,69.15,50.44
FAC-2514,2026-02-06,Vendedor_C,PROD001,5,19.6,14.47
FAC-2515,2026-02-06,Vendedor_A,PROD003,5,17.3,13.18
FAC-2516,2026-02-06,Vendedor_A,PROD006,4,26.39,20.15
FAC-2517,2026-02-06,Vendedor_A,PROD013,17,6.45,4.51
FAC-2518,2026-02-06,Vendedor_A,PROD023,18,69.79,51.36
FAC-2519,2026-02-06,Vendedor_B,PROD023,20,72.89,51.36
FAC-2520,2026-02-06,Vendedor_B,PROD019,2,34.88,24.88
FAC-2521,2026-02-06,Vendedor_B,PROD010,3,8.95,6.21
FAC-2522,2026-02-06,Vendedor_B,PROD015,20,6.29,4.56
FAC-2523,2026-02-06,Vendedor_C,PROD017,3,35.88,26.94
FAC-2524,2026-02-06,Vendedor_B,PROD007,4,25.9,23.09
FAC-2525,2026-02-06,Vendedor_C,PROD008,5,11.21,8.46
FAC-2526,2026-02-06,Vendedor_A,PROD012,5,7.5,5.26
FAC-2527,2026-02-06,Vendedor_A,PROD019,2,32.73,24.88
FAC-2528,2026-02-06,Vendedor_A,PROD025,12,89.58,63.98
FAC-2529,2026-02-06,Vendedor_C,PROD003,4,17.16,13.18
FAC-2530,2026-02-06,Vendedor_A,PROD009,5,9.55,6.74
FAC-2531,2026-02-06,Vendedor_A,PROD003,4,18.27,13.18
FAC-2532,2026-02-06,Vendedor_A,PROD020,18,68.6,51.36
FAC-2533,2026-02-06,Vendedor_A,PROD013,8,6.2,4.51
FAC-2534,2026-02-06,Vendedor_C,PROD022,19,63.87,46.73
FAC-2535,2026-02-06,Vendedor_C,PROD007,2,25.9,23.09
FAC-2536,2026-02-06,Vendedor_C,PROD012,3,7.19,5.26
FAC-2537,2026-02-07,Vendedor_A,PROD004,1,16.5,12.56
FAC-2538,2026-02-07,Vendedor_C,PROD009,3,9.34,6.99
FAC-2539,2026-02-07,Vendedor_A,PROD018,4,30.78,23.02
FAC-2540,2026-02-07,Vendedor_C,PROD007,1,25.9,23.09
FAC-2541,2026-02-07,Vendedor_A,PROD012,17,6.96,5.26
FAC-2542,2026-02-07,Vendedor_A,PROD020,5,68.6,51.36
FAC-2543,2026-02-07,Vendedor_A,PROD015,13,6.19,4.56
FAC-2544,2026-02-07,Vendedor_A,PROD010,4,8.37,6.21
FAC-2545,2026-02-07,Vendedor_B,PROD012,16,7.24,5.26
FAC-2546,2026-02-07,Vendedor_A,PROD012,10,7.61,5.26
FAC-2547,2026-02-07,Vendedor_A,PROD019,2,34.61,24.88
FAC-2548,2026-02-07,Vendedor_C,PROD006,3,27.68,20.15
FAC-2549,2026-02-07,Vendedor_C,PROD002,2,18.2,15.77
FAC-2550,2026-02-07,Vendedor_A,PROD005,2,27.55,20.12
FAC-2551,2026-02-07,Vendedor_A,PROD019,1,32.62,24.88
FAC-2552,2026-02-07,Vendedor_A,PROD007,2,25.9,23.09
FAC-2553,2026-02-07,Vendedor_B,PROD004,4,16.5,12.56
FAC-2554,2026-02-07,Vendedor_B,PROD006,1,28.49,20.15
FAC-2555,2026-02-07,Vendedor_A,PROD013,5,6.11,4.51
FAC-2556,2026-02-07,Vendedor_C,PROD024,6,72.8,50.44
FAC-2557,2026-02-07,Vendedor_A,PROD008,4,11.91,8.46
FAC-2558,2026-02-07,Vendedor_C,PROD025,7,57.58,63.98
FAC-2559,2026-02-07,Vendedor_A,PROD017,1,35.76,26.94
FAC-2560,2026-02-07,Vendedor_B,PROD009,2,10.13,6.99
FAC-2561,2026-02-07,Vendedor_A,PROD020,23,68.6,51.36
FAC-2562,2026-02-07,Vendedor_C,PROD015,13,6.02,4.56
FAC-2563,2026-02-07,Vendedor_C,PROD024,14,72.46,50.44
FAC-2564,2026-02-07,Vendedor_B,PROD009,5,9.2,6.99
FAC-2565,2026-02-07,Vendedor_A,PROD024,23,69.04,50.44
FAC-2566,2026-02-07,Vendedor_B,PROD016,4,6.72,6.2
FAC-2567,2026-02-07,Vendedor_B,PROD003,5,17.65,13.18
FAC-2568,2026-02-07,Vendedor_B,PROD024,4,69.71,50.44
FAC-2569,2026-02-07,Vendedor_A,PROD008,5,11.03,8.46
FAC-2570,2026-02-07,Vendedor_C,PROD002,4,18.2,15.77
FAC-2571,2026-02-07,Vendedor_A,PROD025,13,83.68,63.98
FAC-2572,2026-02-07,Vendedor_A,PROD007,5,25.9,23.09
FAC-2573,2026-02-07,Vendedor_A,PROD011,2,11.52,8.7
FAC-2574,2026-02-07,Vendedor_A,PROD022,18,65.15,46.73
FAC-2575,2026-02-07,Vendedor_B,PROD008,2,11.73,8.46
FAC-2576,2026-02-07,Vendedor_C,PROD015,23,6.1,4.56
FAC-2577,2026-02-07,Vendedor_A,PROD021,11,62.27,43.55
FAC-2578,2026-02-08,Vendedor_C,PROD010,1,8.48,6.21
FAC-2579,2026-02-08,Vendedor_A,PROD016,4,6.72,6.2
FAC-2580,2026-02-08,Vendedor_C,PROD002,5,18.2,15.77
FAC-2581,2026-02-08,Vendedor_C,PROD009,4,9.37,6.99
FAC-2582,2026-02-08,Vendedor_B,PROD021,14,57.46,43.55
FAC-2583,2026-02-08,Vendedor_A,PROD007,5,25.9,23.09
FAC-2584,2026-02-08,Vendedor_C,PROD006,5,27.36,20.15
FAC-2585,2026-02-08,Vendedor_B,PROD015,20,6.24,4.56
FAC-2586,2026-02-08,Vendedor_C,PROD009,2,10.06,6.99
FAC-2587,2026-02-08,Vendedor_A,PROD019,5,33.97,24.88
FAC-2588,2026-02-08,Vendedor_B,PROD020,7,68.6,51.36
FAC-2589,2026-02-08,Vendedor_C,PROD011,2,12.26,8.7
FAC-2590,2026-02-08,Vendedor_B,PROD004,1,17.88,12.56
FAC-2591,2026-02-08,Vendedor_A,PROD003,1,18.2,13.18
FAC-2592,2026-02-08,Vendedor_B,PROD025,20,90.39,63.98
FAC-2593,2026-02-08,Vendedor_C,PROD002,4,18.2,15.77
FAC-2594,2026-02-08,Vendedor_A,PROD010,4,8.12,6.21
FAC-2595,2026-02-08,Vendedor_B,PROD006,4,29.0,20.15
FAC-2596,2026-02-08,Vendedor_A,PROD004,1,17.32,12.56
FAC-2597,2026-02-08,Vendedor_A,PROD003,5,18.08,13.18
FAC-2598,2026-02-08,Vendedor_B,PROD021,13,60.94,43.55
FAC-2599,2026-02-08,Vendedor_B,PROD008,1,11.43,8.46
FAC-2600,2026-02-08,Vendedor_B,PROD016,21,6.72,6.2
FAC-2601,2026-02-08,Vendedor_A,PROD015,12,6.54,4.56
FAC-2602,2026-02-08,Vendedor_B,PROD021,7,62.29,43.55
FAC-2603,2026-02-08,Vendedor_A,PROD014,2,6.86,4.76
FAC-2604,2026-02-08,Vendedor_A,PROD021,9,61.0,43.55
FAC-2605,2026-02-08,Vendedor_A,PROD019,4,34.7,24.88
FAC-2606,2026-02-08,Vendedor_A,PROD008,1,12.07,8.46
FAC-2607,2026-02-08,Vendedor_B,PROD016,11,6.72,6.2
FAC-2608,2026-02-08,Vendedor_A,PROD022,23,62.06,46.73
FAC-2609,2026-02-08,Vendedor_B,PROD005,5,26.33,20.12
FAC-2610,2026-02-08,Vendedor_B,PROD016,17,6.72,6.2
FAC-2611,2026-02-08,Vendedor_C,PROD006,1,26.81,20.15
FAC-2612,2026-02-08,Vendedor_C,PROD009,5,9.38,6.99
FAC-2613,2026-02-08,Vendedor_C,PROD019,5,33.32,24.88
FAC-2614,2026-02-08,Vendedor_B,PROD005,1,28.85,20.12
FAC-2615,2026-02-08,Vendedor_B,PROD014,2,6.41,4.76
FAC-2616,2026-02-08,Vendedor_A,PROD023,23,71.61,51.36
FAC-2617,2026-02-08,Vendedor_A,PROD003,5,18.32,13.18
FAC-2618,2026-02-08,Vendedor_A,PROD002,2,18.2,15.77
FAC-2619,2026-02-08,Vendedor_B,PROD023,21,73.0,51.36
FAC-2620,2026-02-08,Vendedor_C,PROD007,4,25.9,23.09
FAC-2621,2026-02-08,Vendedor_A,PROD001,3,19.6,14.88
FAC-2622,2026-02-08,Vendedor_A,PROD001,5,19.6,14.88
FAC-2623,2026-02-08,Vendedor_B,PROD009,3,9.26,6.99
FAC-2624,2026-02-08,Vendedor_A,PROD024,14,67.35,50.44
FAC-2625,2026-02-08,Vendedor_A,PROD001,2,19.6,14.88
FAC-2626,2026-02-08,Vendedor_A,PROD003,3,19.06,13.18
FAC-2627,2026-02-09,Vendedor_A,PROD019,1,33.21,24.88
FAC-2628,2026-02-09,Vendedor_B,PROD002,2,18.2,15.77
FAC-2629,2026-02-09,Vendedor_C,PROD019,5,35.75,24.88
FAC-2630,2026-02-09,Vendedor_C,PROD010,1,8.08,6.21
FAC-2631,2026-02-09,Vendedor_C,PROD010,3,8.12,6.21
FAC-2632,2026-02-09,Vendedor_C,PROD012,6,7.05,5.26
FAC-2633,2026-02-09,Vendedor_B,PROD016,10,6.72,6.2
FAC-2634,2026-02-09,Vendedor_A,PROD007,4,25.9,23.09
FAC-2635,2026-02-09,Vendedor_A,PROD018,5,32.29,23.02
FAC-2636,2026-02-09,Vendedor_A,PROD001,3,19.6,14.88
FAC-2637,2026-02-09,Vendedor_C,PROD016,5,6.72,6.2
FAC-2638,2026-02-09,Vendedor_B,PROD025,20,88.69,63.98
FAC-2639,2026-02-09,Vendedor_A,PROD001,3,19.6,14.88
FAC-2640,2026-02-09,Vendedor_B,PROD022,6,63.92,46.73
FAC-2641,2026-02-09,Vendedor_A,PROD021,21,60.18,43.55
FAC-2642,2026-02-09,Vendedor_A,PROD021,19,57.69,43.55
FAC-2643,2026-02-09,Vendedor_A,PROD022,13,62.36,46.73
FAC-2644,2026-02-09,Vendedor_A,PROD007,5,25.9,23.09
FAC-2645,2026-02-09,Vendedor_A,PROD022,20,61.96,46.73
FAC-2646,2026-02-09,Vendedor_A,PROD009,2,9.53,6.99
FAC-2647,2026-02-09,Vendedor_A,PROD020,15,68.6,51.36
FAC-2648,2026-02-09,Vendedor_C,PROD001,3,13.39,14.88
FAC-2649,2026-02-09,Vendedor_A,PROD020,10,68.6,51.36
FAC-2650,2026-02-09,Vendedor_C,PROD019,4,35.54,24.88
FAC-2651,2026-02-09,Vendedor_A,PROD012,13,7.22,5.26
FAC-2652,2026-02-09,Vendedor_A,PROD003,2,18.27,13.18
FAC-2653,2026-02-09,Vendedor_C,PROD011,1,11.54,8.7
FAC-2654,2026-02-09,Vendedor_A,PROD017,1,36.04,26.94
FAC-2655,2026-02-09,Vendedor_A,PROD025,16,83.21,63.98
FAC-2656,2026-02-09,Vendedor_A,PROD006,5,28.37,20.15
FAC-2657,2026-02-09,Vendedor_A,PROD004,4,17.51,12.56
FAC-2658,2026-02-09,Vendedor_A,PROD007,3,25.9,23.09
FAC-2659,2026-02-09,Vendedor_A,PROD019,5,35.59,24.88
FAC-2660,2026-02-09,Vendedor_A,PROD010,2,8.92,6.21
FAC-2661,2026-02-09,Vendedor_C,PROD016,7,6.72,6.2
FAC-2662,2026-02-10,Vendedor_B,PROD004,4,17.11,12.56
FAC-2663,2026-02-10,Vendedor_B,PROD005,5,29.05,22.13
FAC-2664,2026-02-10,Vendedor_A,PROD022,11,67.68,46.73
FAC-2665,2026-02-10,Vendedor_A,PROD001,2,19.6,14.88
FAC-2666,2026-02-10,Vendedor_A,PROD012,10,7.45,5.26
FAC-2667,2026-02-10,Vendedor_C,PROD002,4,18.2,15.77
FAC-2668,2026-02-10,Vendedor_C,PROD025,10,89.98,63.98
FAC-2669,2026-02-10,Vendedor_A,PROD002,1,18.2,15.77
FAC-2670,2026-02-10,Vendedor_B,PROD012,3,6.93,5.26
FAC-2671,2026-02-10,Vendedor_A,PROD018,2,30.98,23.02
FAC-2672,2026-02-10,Vendedor_C,PROD012,3,7.32,5.26
FAC-2673,2026-02-10,Vendedor_A,PROD005,3,30.43,22.13
FAC-2674,2026-02-10,Vendedor_B,PROD013,22,5.89,4.51
FAC-2675,2026-02-10,Vendedor_B,PROD006,2,28.6,20.15
FAC-2676,2026-02-10,Vendedor_B,PROD012,8,7.16,5.26
FAC-2677,2026-02-10,Vendedor_A,PROD002,5,18.2,15.77
FAC-2678,2026-02-10,Vendedor_A,PROD004,5,16.5,12.56
FAC-2679,2026-02-10,Vendedor_A,PROD018,2,31.12,23.02
FAC-2680,2026-02-10,Vendedor_A,PROD025,9,92.38,63.98
FAC-2681,2026-02-10,Vendedor_A,PROD025,9,89.55,63.98
FAC-2682,2026-02-10,Vendedor_A,PROD019,2,32.38,24.88
FAC-2683,2026-02-10,Vendedor_A,PROD019,4,34.28,24.88
FAC-2684,2026-02-10,Vendedor_C,PROD009,1,9.24,6.99
FAC-2685,2026-02-10,Vendedor_A,PROD015,13,6.6,4.56
FAC-2686,2026-02-10,Vendedor_B,PROD008,5,11.3,8.46
FAC-2687,2026-02-10,Vendedor_A,PROD017,5,36.7,26.94
FAC-2688,2026-02-10,Vendedor_B,PROD001,1,19.6,14.88
FAC-2689,2026-02-10,Vendedor_A,PROD011,2,12.22,8.7
FAC-2690,2026-02-10,Vendedor_B,PROD016,2,6.72,6.2
FAC-2691,2026-02-10,Vendedor_A,PROD016,7,6.72,6.2
FAC-2692,2026-02-10,Vendedor_C,PROD002,2,18.2,15.77
FAC-2693,2026-02-10,Vendedor_B,PROD006,1,26.2,20.15
FAC-2694,2026-02-10,Vendedor_A,PROD008,5,11.78,8.46
FAC-2695,2026-02-10,Vendedor_A,PROD006,2,28.71,20.15
FAC-2696,2026-02-10,Vendedor_C,PROD007,3,25.9,23.09
FAC-2697,2026-02-10,Vendedor_A,PROD023,14,70.28,51.36
FAC-2698,2026-02-10,Vendedor_B,PROD021,10,59.53,43.55
FAC-2699,2026-02-10,Vendedor_C,PROD015,3,6.25,4.56
FAC-2700,2026-02-10,Vendedor_A,PROD019,3,35.82,24.88
FAC-2701,2026-02-10,Vendedor_B,PROD010,1,8.99,6.21
FAC-2702,2026-02-10,Vendedor_C,PROD019,4,32.75,24.88
FAC-2703,2026-02-10,Vendedor_A,PROD012,5,7.35,5.26
FAC-2704,2026-02-10,Vendedor_A,PROD005,5,32.0,22.13
FAC-2705,2026-02-10,Vendedor_B,PROD018,5,30.27,23.02
FAC-2706,2026-02-10,Vendedor_A,PROD013,23,6.14,4.51
FAC-2707,2026-02-10,Vendedor_C,PROD004,5,18.2,12.56
FAC-2708,2026-02-10,Vendedor_A,PROD003,2,18.39,13.18
FAC-2709,2026-02-11,Vendedor_A,PROD011,3,11.79,8.7
FAC-2710,2026-02-11,Vendedor_A,PROD002,2,18.2,15.77
FAC-2711,2026-02-11,Vendedor_A,PROD006,5,28.79,20.15
FAC-2712,2026-02-11,Vendedor_B,PROD003,1,18.42,13.18
FAC-2713,2026-02-11,Vendedor_A,PROD021,10,60.68,43.55
FAC-2714,2026-02-11,Vendedor_C,PROD006,5,28.52,20.15
FAC-2715,2026-02-11,Vendedor_B,PROD010,4,8.2,6.21
FAC-2716,2026-02-11,Vendedor_B,PROD004,3,16.48,12.56
FAC-2717,2026-02-11,Vendedor_A,PROD008,4,11.43,8.46
FAC-2718,2026-02-11,Vendedor_A,PROD002,5,18.2,15.77
FAC-2719,2026-02-11,Vendedor_A,PROD009,3,10.07,6.99
FAC-2720,2026-02-11,Vendedor_C,PROD017,5,36.55,26.94
FAC-2721,2026-02-11,Vendedor_A,PROD019,1,35.93,24.88
FAC-2722,2026-02-11,Vendedor_B,PROD002,3,18.2,15.77
FAC-2723,2026-02-11,Vendedor_B,PROD003,2,17.23,13.18
FAC-2724,2026-02-11,Vendedor_C,PROD005,4,31.93,22.13
FAC-2725,2026-02-11,Vendedor_A,PROD006,1,28.21,20.15
FAC-2726,2026-02-11,Vendedor_C,PROD006,1,27.17,20.15
FAC-2727,2026-02-11,Vendedor_A,PROD019,1,35.55,24.88
FAC-2728,2026-02-11,Vendedor_B,PROD025,6,92.41,63.98
FAC-2729,2026-02-11,Vendedor_B,PROD002,5,18.2,15.77
FAC-2730,2026-02-11,Vendedor_C,PROD025,6,57.58,63.98
FAC-2731,2026-02-11,Vendedor_C,PROD024,19,71.13,50.44
FAC-2732,2026-02-11,Vendedor_B,PROD020,19,68.6,51.36
FAC-2733,2026-02-11,Vendedor_A,PROD020,14,68.6,51.36
FAC-2734,2026-02-11,Vendedor_A,PROD010,4,8.87,6.21
FAC-2735,2026-02-11,Vendedor_A,PROD009,2,9.19,6.99
FAC-2736,2026-02-11,Vendedor_C,PROD013,16,6.51,4.51
FAC-2737,2026-02-11,Vendedor_A,PROD004,1,16.51,12.56
FAC-2738,2026-02-11,Vendedor_A,PROD010,4,8.89,6.21
FAC-2739,2026-02-11,Vendedor_A,PROD005,2,29.19,22.13
FAC-2740,2026-02-11,Vendedor_C,PROD018,1,31.49,23.02
FAC-2741,2026-02-11,Vendedor_C,PROD001,1,13.39,14.88
FAC-2742,2026-02-11,Vendedor_B,PROD011,4,12.55,8.7
FAC-2743,2026-02-11,Vendedor_A,PROD019,2,35.32,24.88
FAC-2744,2026-02-11,Vendedor_A,PROD023,9,69.38,51.36
FAC-2745,2026-02-11,Vendedor_C,PROD018,1,31.96,23.02
FAC-2746,2026-02-11,Vendedor_B,PROD019,5,33.23,24.88
FAC-2747,2026-02-11,Vendedor_A,PROD002,4,18.2,15.77
FAC-2748,2026-02-11,Vendedor_C,PROD010,3,8.3,6.21
FAC-2749,2026-02-11,Vendedor_A,PROD016,18,6.72,6.2
FAC-2750,2026-02-11,Vendedor_B,PROD016,4,6.72,6.2
FAC-2751,2026-02-11,Vendedor_B,PROD016,13,6.72,6.2
FAC-2752,2026-02-12,Vendedor_A,PROD017,1,37.74,26.94
FAC-2753,2026-02-12,Vendedor_A,PROD009,1,9.61,6.99
FAC-2754,2026-02-12,Vendedor_A,PROD002,5,18.2,15.77
FAC-2755,2026-02-12,Vendedor_B,PROD006,1,27.46,20.15
FAC-2756,2026-02-12,Vendedor_A,PROD023,3,71.11,51.36
FAC-2757,2026-02-12,Vendedor_C,PROD015,15,5.96,4.56
FAC-2758,2026-02-12,Vendedor_C,PROD022,11,62.04,46.73
FAC-2759,2026-02-12,Vendedor_A,PROD017,2,37.12,26.94
FAC-2760,2026-02-12,Vendedor_A,PROD016,23,6.72,6.2
FAC-2761,2026-02-12,Vendedor_A,PROD025,15,86.26,63.98
FAC-2762,2026-02-12,Vendedor_A,PROD018,3,33.08,23.02
FAC-2763,2026-02-12,Vendedor_B,PROD008,3,11.33,8.46
FAC-2764,2026-02-12,Vendedor_A,PROD021,12,57.33,43.55
FAC-2765,2026-02-12,Vendedor_B,PROD017,3,38.2,26.94
FAC-2766,2026-02-12,Vendedor_B,PROD012,6,7.3,5.26
FAC-2767,2026-02-12,Vendedor_A,PROD015,13,6.53,4.56
FAC-2768,2026-02-12,Vendedor_B,PROD002,4,18.2,15.77
FAC-2769,2026-02-12,Vendedor_A,PROD004,3,17.65,12.56
FAC-2770,2026-02-12,Vendedor_A,PROD019,3,34.08,24.88
FAC-2771,2026-02-12,Vendedor_B,PROD008,2,12.11,8.46
FAC-2772,2026-02-12,Vendedor_B,PROD014,4,6.54,4.76
FAC-2773,2026-02-12,Vendedor_B,PROD011,5,12.07,8.7
FAC-2774,2026-02-12,Vendedor_A,PROD007,4,25.9,23.09
FAC-2775,2026-02-12,Vendedor_B,PROD011,3,11.35,8.7
FAC-2776,2026-02-12,Vendedor_C,PROD015,21,6.02,4.56
FAC-2777,2026-02-12,Vendedor_B,PROD012,6,6.85,5.26
FAC-2778,2026-02-12,Vendedor_A,PROD004,1,16.44,12.56
FAC-2779,2026-02-12,Vendedor_B,PROD019,2,34.46,24.88
FAC-2780,2026-02-12,Vendedor_A,PROD001,1,19.6,14.88
FAC-2781,2026-02-12,Vendedor_B,PROD017,3,38.4,26.94
FAC-2782,2026-02-12,Vendedor_A,PROD012,3,6.97,5.26
FAC-2783,2026-02-12,Vendedor_A,PROD015,8,6.33,4.56
FAC-2784,2026-02-12,Vendedor_C,PROD014,15,6.2,4.76
FAC-2785,2026-02-12,Vendedor_A,PROD006,2,27.09,20.15
FAC-2786,2026-02-12,Vendedor_B,PROD024,3,70.85,50.44
FAC-2787,2026-02-12,Vendedor_B,PROD008,1,12.19,8.46
FAC-2788,2026-02-12,Vendedor_A,PROD018,4,32.83,23.02
FAC-2789,2026-02-13,Vendedor_A,PROD007,2,25.9,23.09
FAC-2790,2026-02-13,Vendedor_A,PROD011,5,12.16,8.7
FAC-2791,2026-02-13,Vendedor_A,PROD010,2,8.31,6.21
FAC-2792,2026-02-13,Vendedor_C,PROD024,22,70.73,50.44
FAC-2793,2026-02-13,Vendedor_C,PROD008,1,11.31,8.46
FAC-2794,2026-02-13,Vendedor_B,PROD017,2,36.1,26.94
FAC-2795,2026-02-13,Vendedor_A,PROD025,9,90.67,63.98
FAC-2796,2026-02-13,Vendedor_A,PROD007,4,25.9,23.09
FAC-2797,2026-02-13,Vendedor_C,PROD014,11,6.31,4.76
FAC-2798,2026-02-13,Vendedor_B,PROD018,4,31.15,23.02
FAC-2799,2026-02-13,Vendedor_A,PROD005,2,30.61,22.13
FAC-2800,2026-02-13,Vendedor_A,PROD020,12,68.6,51.36
FAC-2801,2026-02-13,Vendedor_C,PROD008,5,12.1,8.46
FAC-2802,2026-02-13,Vendedor_A,PROD007,2,25.9,23.09
FAC-2803,2026-02-13,Vendedor_B,PROD019,2,35.11,24.88
FAC-2804,2026-02-13,Vendedor_B,PROD009,4,9.26,6.99
FAC-2805,2026-02-13,Vendedor_A,PROD014,16,6.25,4.76
FAC-2806,2026-02-13,Vendedor_A,PROD016,11,6.72,6.2
FAC-2807,2026-02-13,Vendedor_B,PROD004,5,17.36,12.56
FAC-2808,2026-02-13,Vendedor_C,PROD015,20,6.61,4.56
FAC-2809,2026-02-13,Vendedor_C,PROD022,12,61.85,46.73
FAC-2810,2026-02-13,Vendedor_B,PROD016,23,6.72,6.2
FAC-2811,2026-02-13,Vendedor_A,PROD006,5,26.49,20.15
FAC-2812,2026-02-13,Vendedor_C,PROD002,2,18.2,15.77
FAC-2813,2026-02-13,Vendedor_C,PROD001,5,13.39,14.88
FAC-2814,2026-02-13,Vendedor_C,PROD022,13,63.3,46.73
FAC-2815,2026-02-13,Vendedor_B,PROD008,1,12.02,8.46
FAC-2816,2026-02-13,Vendedor_A,PROD011,5,11.81,8.7
FAC-2817,2026-02-13,Vendedor_C,PROD017,2,36.77,26.94
FAC-2818,2026-02-13,Vendedor_A,PROD009,5,9.24,6.99
FAC-2819,2026-02-13,Vendedor_C,PROD022,15,66.83,46.73
FAC-2820,2026-02-13,Vendedor_A,PROD024,17,68.38,50.44
FAC-2821,2026-02-13,Vendedor_B,PROD008,5,11.03,8.46
FAC-2822,2026-02-13,Vendedor_B,PROD008,1,11.46,8.46
FAC-2823,2026-02-13,Vendedor_B,PROD001,4,19.6,14.88
FAC-2824,2026-02-13,Vendedor_A,PROD022,18,62.64,46.73
FAC-2825,2026-02-13,Vendedor_B,PROD013,11,6.25,4.51
FAC-2826,2026-02-13,Vendedor_B,PROD006,1,28.06,20.15
FAC-2827,2026-02-13,Vendedor_A,PROD020,15,68.6,51.36
FAC-2828,2026-02-13,Vendedor_C,PROD008,3,11.24,8.46
FAC-2829,2026-02-13,Vendedor_A,PROD011,1,11.92,8.7
FAC-2830,2026-02-13,Vendedor_B,PROD025,8,90.06,63.98
FAC-2831,2026-02-14,Vendedor_A,PROD014,23,6.72,4.76
FAC-2832,2026-02-14,Vendedor_B,PROD004,3,18.02,12.56
FAC-2833,2026-02-14,Vendedor_B,PROD013,5,6.32,4.51
FAC-2834,2026-02-14,Vendedor_A,PROD020,23,68.6,51.36
FAC-2835,2026-02-14,Vendedor_A,PROD011,3,12.22,8.7
FAC-2836,2026-02-14,Vendedor_B,PROD007,3,25.9,23.09
FAC-2837,2026-02-14,Vendedor_A,PROD023,9,72.75,51.36
FAC-2838,2026-02-14,Vendedor_C,PROD009,4,9.57,6.99
FAC-2839,2026-02-14,Vendedor_A,PROD025,14,87.64,63.98
FAC-2840,2026-02-14,Vendedor_A,PROD018,1,31.94,23.02
FAC-2841,2026-02-14,Vendedor_C,PROD020,6,68.6,51.36
FAC-2842,2026-02-14,Vendedor_B,PROD009,3,9.29,6.99
FAC-2843,2026-02-14,Vendedor_B,PROD025,6,83.55,63.98
FAC-2844,2026-02-14,Vendedor_A,PROD016,23,6.72,6.2
FAC-2845,2026-02-14,Vendedor_B,PROD005,3,29.35,22.13
FAC-2846,2026-02-14,Vendedor_B,PROD003,3,18.9,13.18
FAC-2847,2026-02-14,Vendedor_C,PROD013,23,6.04,4.51
FAC-2848,2026-02-14,Vendedor_B,PROD008,1,11.52,8.46
FAC-2849,2026-02-14,Vendedor_B,PROD010,3,8.49,6.21
FAC-2850,2026-02-14,Vendedor_A,PROD016,11,6.72,6.2
FAC-2851,2026-02-14,Vendedor_B,PROD017,2,37.24,26.94
FAC-2852,2026-02-14,Vendedor_C,PROD020,17,68.6,51.36
FAC-2853,2026-02-14,Vendedor_A,PROD019,5,34.29,24.88
FAC-2854,2026-02-14,Vendedor_A,PROD009,4,9.87,6.99
FAC-2855,2026-02-14,Vendedor_A,PROD012,8,6.99,5.26
FAC-2856,2026-02-14,Vendedor_B,PROD010,2,8.9,6.21
FAC-2857,2026-02-14,Vendedor_C,PROD015,12,6.27,4.56
FAC-2858,2026-02-14,Vendedor_A,PROD020,7,68.6,51.36
FAC-2859,2026-02-14,Vendedor_A,PROD024,19,68.87,50.44
FAC-2860,2026-02-14,Vendedor_B,PROD016,21,6.72,6.2
FAC-2861,2026-02-14,Vendedor_A,PROD022,13,65.9,46.73
FAC-2862,2026-02-14,Vendedor_B,PROD021,6,61.68,43.55
FAC-2863,2026-02-14,Vendedor_A,PROD023,17,67.65,51.36
FAC-2864,2026-02-14,Vendedor_A,PROD022,21,62.63,46.73
FAC-2865,2026-02-14,Vendedor_A,PROD019,2,33.08,24.88
FAC-2866,2026-02-14,Vendedor_A,PROD011,3,12.12,8.7
FAC-2867,2026-02-14,Vendedor_A,PROD022,18,64.98,46.73
FAC-2868,2026-02-14,Vendedor_C,PROD022,8,62.99,46.73
FAC-2869,2026-02-14,Vendedor_A,PROD022,7,65.06,46.73
FAC-2870,2026-02-15,Vendedor_C,PROD002,4,18.2,15.77
FAC-2871,2026-02-15,Vendedor_A,PROD017,2,38.85,26.94
FAC-2872,2026-02-15,Vendedor_A,PROD013,18,6.23,4.51
FAC-2873,2026-02-15,Vendedor_A,PROD004,3,17.7,12.56
FAC-2874,2026-02-15,Vendedor_B,PROD006,2,28.6,20.15
FAC-2875,2026-02-15,Vendedor_A,PROD004,4,17.3,12.56
FAC-2876,2026-02-15,Vendedor_B,PROD021,22,61.37,43.55
FAC-2877,2026-02-15,Vendedor_C,PROD019,2,33.86,24.88
FAC-2878,2026-02-15,Vendedor_A,PROD020,8,68.6,51.36
FAC-2879,2026-02-15,Vendedor_A,PROD017,1,36.14,26.94
FAC-2880,2026-02-15,Vendedor_A,PROD017,1,38.93,26.94
FAC-2881,2026-02-15,Vendedor_A,PROD007,1,25.9,23.09
FAC-2882,2026-02-15,Vendedor_A,PROD007,2,25.9,23.09
FAC-2883,2026-02-15,Vendedor_A,PROD024,5,65.65,50.44
FAC-2884,2026-02-15,Vendedor_A,PROD004,3,17.38,12.56
FAC-2885,2026-02-15,Vendedor_A,PROD010,1,8.93,6.21
FAC-2886,2026-02-15,Vendedor_A,PROD012,14,6.86,5.26
FAC-2887,2026-02-15,Vendedor_A,PROD002,1,18.2,15.77
FAC-2888,2026-02-15,Vendedor_B,PROD011,5,12.27,8.7
FAC-2889,2026-02-15,Vendedor_C,PROD002,5,18.2,15.77
FAC-2890,2026-02-15,Vendedor_A,PROD005,3,32.08,22.13
FAC-2891,2026-02-15,Vendedor_A,PROD007,5,25.9,23.09
FAC-2892,2026-02-15,Vendedor_C,PROD005,5,30.61,22.13
FAC-2893,2026-02-15,Vendedor_C,PROD007,3,25.9,23.09
FAC-2894,2026-02-15,Vendedor_A,PROD006,2,27.71,20.15
FAC-2895,2026-02-15,Vendedor_C,PROD019,1,34.67,24.88
FAC-2896,2026-02-15,Vendedor_B,PROD005,1,29.89,22.13
FAC-2897,2026-02-15,Vendedor_B,PROD025,7,89.86,63.98
FAC-2898,2026-02-15,Vendedor_B,PROD018,1,32.49,23.02
FAC-2899,2026-02-15,Vendedor_A,PROD013,4,6.19,4.51
FAC-2900,2026-02-15,Vendedor_A,PROD018,1,30.02,23.02
FAC-2901,2026-02-15,Vendedor_A,PROD023,22,66.78,51.36
FAC-2902,2026-02-15,Vendedor_A,PROD017,5,36.33,26.94
FAC-2903,2026-02-15,Vendedor_B,PROD004,5,17.0,12.56
FAC-2904,2026-02-15,Vendedor_A,PROD022,8,63.46,46.73
FAC-2905,2026-02-15,Vendedor_A,PROD020,5,68.6,51.36
FAC-2906,2026-02-15,Vendedor_B,PROD017,4,35.34,26.94
FAC-2907,2026-02-15,Vendedor_C,PROD008,1,11.72,8.46
FAC-2908,2026-02-16,Vendedor_B,PROD015,23,6.53,4.56
FAC-2909,2026-02-16,Vendedor_B,PROD014,6,6.43,4.76
FAC-2910,2026-02-16,Vendedor_A,PROD013,4,6.4,4.51
FAC-2911,2026-02-16,Vendedor_A,PROD015,4,6.35,4.56
FAC-2912,2026-02-16,Vendedor_C,PROD016,13,6.72,6.2
FAC-2913,2026-02-16,Vendedor_B,PROD012,18,7.56,5.26
FAC-2914,2026-02-16,Vendedor_A,PROD021,12,60.51,43.55
FAC-2915,2026-02-16,Vendedor_A,PROD025,12,88.2,63.98
FAC-2916,2026-02-16,Vendedor_B,PROD006,3,28.91,20.15
FAC-2917,2026-02-16,Vendedor_A,PROD025,7,85.55,63.98
FAC-2918,2026-02-16,Vendedor_A,PROD018,5,32.44,23.02
FAC-2919,2026-02-16,Vendedor_B,PROD015,17,6.27,4.56
FAC-2920,2026-02-16,Vendedor_A,PROD006,2,27.42,20.15
FAC-2921,2026-02-16,Vendedor_C,PROD001,4,19.6,14.88
FAC-2922,2026-02-16,Vendedor_B,PROD006,3,28.29,20.15
FAC-2923,2026-02-16,Vendedor_B,PROD004,2,16.59,12.56
FAC-2924,2026-02-16,Vendedor_A,PROD009,5,9.76,6.99
FAC-2925,2026-02-16,Vendedor_B,PROD009,3,9.51,6.99
FAC-2926,2026-02-16,Vendedor_C,PROD011,3,11.96,8.7
FAC-2927,2026-02-16,Vendedor_B,PROD015,7,6.11,4.56
FAC-2928,2026-02-16,Vendedor_A,PROD015,16,6.54,4.56
FAC-2929,2026-02-16,Vendedor_A,PROD018,2,31.44,23.02
FAC-2930,2026-02-16,Vendedor_B,PROD008,2,11.74,8.46
FAC-2931,2026-02-16,Vendedor_B,PROD005,1,29.75,22.13
FAC-2932,2026-02-16,Vendedor_B,PROD019,5,33.64,24.88
FAC-2933,2026-02-16,Vendedor_C,PROD024,21,66.12,50.44
FAC-2934,2026-02-16,Vendedor_A,PROD018,4,32.66,23.02
FAC-2935,2026-02-16,Vendedor_C,PROD005,5,28.91,22.13
FAC-2936,2026-02-16,Vendedor_B,PROD016,23,6.72,6.2
FAC-2937,2026-02-16,Vendedor_B,PROD002,1,18.2,15.77
FAC-2938,2026-02-16,Vendedor_A,PROD017,5,38.06,26.94
FAC-2939,2026-02-16,Vendedor_A,PROD005,2,30.53,22.13
FAC-2940,2026-02-16,Vendedor_B,PROD011,2,11.58,8.7
FAC-2941,2026-02-16,Vendedor_A,PROD014,11,6.48,4.76
FAC-2942,2026-02-16,Vendedor_B,PROD019,2,33.68,24.88
FAC-2943,2026-02-16,Vendedor_A,PROD002,4,18.2,15.77
FAC-2944,2026-02-17,Vendedor_C,PROD009,1,9.51,6.99
FAC-2945,2026-02-17,Vendedor_A,PROD009,4,9.37,6.99
FAC-2946,2026-02-17,Vendedor_A,PROD008,2,11.43,8.46
FAC-2947,2026-02-17,Vendedor_A,PROD012,7,6.94,5.26
FAC-2948,2026-02-17,Vendedor_A,PROD019,5,34.98,24.88
FAC-2949,2026-02-17,Vendedor_B,PROD016,6,6.72,6.2
FAC-2950,2026-02-17,Vendedor_C,PROD007,5,25.9,23.09
FAC-2951,2026-02-17,Vendedor_B,PROD017,5,37.35,26.94
FAC-2952,2026-02-17,Vendedor_C,PROD001,4,13.39,14.88
FAC-2953,2026-02-17,Vendedor_A,PROD018,4,29.96,23.02
FAC-2954,2026-02-17,Vendedor_C,PROD005,2,30.64,22.13
FAC-2955,2026-02-17,Vendedor_A,PROD024,20,72.67,50.44
FAC-2956,2026-02-17,Vendedor_C,PROD009,5,9.68,6.99
FAC-2957,2026-02-17,Vendedor_B,PROD010,4,9.0,6.21
FAC-2958,2026-02-17,Vendedor_A,PROD015,10,6.61,4.56
FAC-2959,2026-02-17,Vendedor_B,PROD022,13,64.38,46.73
FAC-2960,2026-02-17,Vendedor_A,PROD025,3,84.86,63.98
FAC-2961,2026-02-17,Vendedor_A,PROD009,3,9.39,6.99
FAC-2962,2026-02-17,Vendedor_C,PROD006,5,26.39,20.15
FAC-2963,2026-02-17,Vendedor_B,PROD014,9,6.56,4.76
FAC-2964,2026-02-17,Vendedor_C,PROD004,4,16.54,12.56
FAC-2965,2026-02-17,Vendedor_C,PROD016,7,6.72,6.2
FAC-2966,2026-02-17,Vendedor_A,PROD010,2,8.09,6.21
FAC-2967,2026-02-17,Vendedor_A,PROD010,5,8.2,6.21
FAC-2968,2026-02-17,Vendedor_B,PROD001,4,19.6,14.88
FAC-2969,2026-02-17,Vendedor_C,PROD020,10,68.6,51.36
FAC-2970,2026-02-17,Vendedor_C,PROD002,1,18.2,15.77
FAC-2971,2026-02-17,Vendedor_A,PROD002,2,18.2,15.77
FAC-2972,2026-02-17,Vendedor_A,PROD022,6,61.62,46.73
FAC-2973,2026-02-17,Vendedor_A,PROD016,17,6.72,6.2
FAC-2974,2026-02-17,Vendedor_B,PROD013,14,5.93,4.51
FAC-2975,2026-02-17,Vendedor_A,PROD014,4,6.27,4.76
FAC-2976,2026-02-17,Vendedor_A,PROD017,5,38.01,26.94
FAC-2977,2026-02-17,Vendedor_B,PROD013,18,6.08,4.51
FAC-2978,2026-02-17,Vendedor_A,PROD011,5,12.35,8.7
FAC-2979,2026-02-17,Vendedor_A,PROD001,2,19.6,14.88
FAC-2980,2026-02-17,Vendedor_C,PROD025,3,57.58,63.98
FAC-2981,2026-02-17,Vendedor_B,PROD011,2,12.32,8.7
FAC-2982,2026-02-17,Vendedor_A,PROD002,2,18.2,15.77
FAC-2983,2026-02-17,Vendedor_B,PROD016,22,6.72,6.2
FAC-2984,2026-02-17,Vendedor_A,PROD008,5,12.18,8.46
FAC-2985,2026-02-17,Vendedor_C,PROD012,19,7.56,5.26
FAC-2986,2026-02-17,Vendedor_B,PROD019,5,33.71,24.88
FAC-2987,2026-02-17,Vendedor_C,PROD011,1,12.57,8.7
FAC-2988,2026-02-17,Vendedor_A,PROD018,1,30.34,23.02
FAC-2989,2026-02-18,Vendedor_A,PROD019,5,35.47,24.88
FAC-2990,2026-02-18,Vendedor_A,PROD006,1,26.41,20.15
FAC-2991,2026-02-18,Vendedor_A,PROD019,5,35.26,24.88
FAC-2992,2026-02-18,Vendedor_C,PROD011,3,12.27,8.7
FAC-2993,2026-02-18,Vendedor_A,PROD007,1,25.9,23.09
FAC-2994,2026-02-18,Vendedor_A,PROD019,4,35.38,24.88
FAC-2995,2026-02-18,Vendedor_A,PROD023,3,72.28,51.36
FAC-2996,2026-02-18,Vendedor_A,PROD016,14,6.72,6.2
FAC-2997,2026-02-18,Vendedor_B,PROD003,2,17.98,13.18
FAC-2998,2026-02-18,Vendedor_A,PROD008,2,11.36,8.46
FAC-2999,2026-02-18,Vendedor_A,PROD005,4,31.32,22.13
FAC-3000,2026-02-18,Vendedor_A,PROD003,4,18.82,13.18
FAC-3001,2026-02-18,Vendedor_A,PROD013,12,6.43,4.51
FAC-3002,2026-02-18,Vendedor_C,PROD009,2,10.03,6.99
FAC-3003,2026-02-18,Vendedor_C,PROD017,2,38.64,26.94
FAC-3004,2026-02-18,Vendedor_A,PROD018,3,31.38,23.02
FAC-3005,2026-02-18,Vendedor_B,PROD008,3,11.05,8.46
FAC-3006,2026-02-18,Vendedor_A,PROD012,18,6.88,5.26
FAC-3007,2026-02-18,Vendedor_A,PROD014,22,6.8,4.76
FAC-3008,2026-02-18,Vendedor_A,PROD012,4,7.61,5.26
FAC-3009,2026-02-18,Vendedor_A,PROD021,9,58.52,43.55
FAC-3010,2026-02-18,Vendedor_B,PROD004,4,18.04,12.56
FAC-3011,2026-02-18,Vendedor_A,PROD016,22,6.72,6.2
FAC-3012,2026-02-18,Vendedor_B,PROD020,5,68.6,51.36
FAC-3013,2026-02-18,Vendedor_A,PROD011,4,11.36,8.7
FAC-3014,2026-02-18,Vendedor_B,PROD009,2,9.82,6.99
FAC-3015,2026-02-18,Vendedor_A,PROD013,20,6.21,4.51
FAC-3016,2026-02-18,Vendedor_A,PROD017,5,36.94,26.94
FAC-3017,2026-02-18,Vendedor_A,PROD002,5,18.2,15.77
FAC-3018,2026-02-18,Vendedor_B,PROD009,4,10.0,6.99
FAC-3019,2026-02-18,Vendedor_B,PROD015,14,6.32,4.56
FAC-3020,2026-02-18,Vendedor_B,PROD015,12,5.94,4.56
FAC-3021,2026-02-18,Vendedor_A,PROD008,4,11.12,8.46
FAC-3022,2026-02-18,Vendedor_B,PROD016,22,6.72,6.2
FAC-3023,2026-02-18,Vendedor_C,PROD017,3,37.86,26.94
FAC-3024,2026-02-18,Vendedor_C,PROD022,16,63.55,46.73
FAC-3025,2026-02-18,Vendedor_A,PROD018,1,30.96,23.02
FAC-3026,2026-02-18,Vendedor_A,PROD013,21,6.31,4.51
FAC-3027,2026-02-18,Vendedor_A,PROD010,1,8.63,6.21
FAC-3028,2026-02-18,Vendedor_A,PROD022,21,62.8,46.73
FAC-3029,2026-02-18,Vendedor_B,PROD022,23,61.68,46.73
FAC-3030,2026-02-18,Vendedor_B,PROD020,15,68.6,51.36
FAC-3031,2026-02-18,Vendedor_A,PROD009,5,9.97,6.99
FAC-3032,2026-02-18,Vendedor_A,PROD025,14,90.9,63.98
FAC-3033,2026-02-18,Vendedor_C,PROD020,2,68.6,51.36
FAC-3034,2026-02-18,Vendedor_A,PROD022,5,65.61,46.73
FAC-3035,2026-02-18,Vendedor_A,PROD018,2,31.32,23.02
FAC-3036,2026-02-18,Vendedor_A,PROD017,1,38.34,26.94
FAC-3037,2026-02-19,Vendedor_B,PROD011,1,12.39,8.7
FAC-3038,2026-02-19,Vendedor_B,PROD024,6,68.42,50.44
FAC-3039,2026-02-19,Vendedor_A,PROD023,4,68.63,51.36
FAC-3040,2026-02-19,Vendedor_A,PROD009,2,9.93,6.99
FAC-3041,2026-02-19,Vendedor_C,PROD023,10,70.65,51.36
FAC-3042,2026-02-19,Vendedor_A,PROD013,21,5.92,4.51
FAC-3043,2026-02-19,Vendedor_C,PROD017,3,37.25,26.94
FAC-3044,2026-02-19,Vendedor_A,PROD009,3,9.82,6.99
FAC-3045,2026-02-19,Vendedor_A,PROD012,5,7.61,5.26
FAC-3046,2026-02-19,Vendedor_A,PROD019,4,34.83,24.88
FAC-3047,2026-02-19,Vendedor_C,PROD009,2,9.56,6.99
FAC-3048,2026-02-19,Vendedor_C,PROD012,13,6.96,5.26
FAC-3049,2026-02-19,Vendedor_B,PROD021,19,59.19,43.55
FAC-3050,2026-02-19,Vendedor_B,PROD025,15,89.78,63.98
FAC-3051,2026-02-19,Vendedor_A,PROD001,3,19.6,14.88
FAC-3052,2026-02-19,Vendedor_A,PROD008,3,12.05,8.46
FAC-3053,2026-02-19,Vendedor_A,PROD023,17,68.87,51.36
FAC-3054,2026-02-19,Vendedor_A,PROD001,1,19.6,14.88
FAC-3055,2026-02-19,Vendedor_B,PROD025,13,92.23,63.98
FAC-3056,2026-02-19,Vendedor_B,PROD016,16,6.72,6.2
FAC-3057,2026-02-19,Vendedor_A,PROD023,3,69.37,51.36
FAC-3058,2026-02-19,Vendedor_A,PROD010,4,8.24,6.21
FAC-3059,2026-02-19,Vendedor_A,PROD023,11,71.57,51.36
FAC-3060,2026-02-19,Vendedor_A,PROD001,1,19.6,14.88
FAC-3061,2026-02-19,Vendedor_A,PROD017,4,37.33,26.94
FAC-3062,2026-02-19,Vendedor_A,PROD015,20,6.24,4.56
FAC-3063,2026-02-19,Vendedor_B,PROD024,23,70.04,50.44
FAC-3064,2026-02-19,Vendedor_C,PROD015,10,5.95,4.56
FAC-3065,2026-02-19,Vendedor_B,PROD020,2,68.6,51.36
FAC-3066,2026-02-19,Vendedor_A,PROD017,5,35.2,26.94
FAC-3067,2026-02-19,Vendedor_A,PROD018,4,32.19,23.02
FAC-3068,2026-02-19,Vendedor_C,PROD021,23,63.14,43.55
FAC-3069,2026-02-19,Vendedor_A,PROD020,8,68.6,51.36
FAC-3070,2026-02-19,Vendedor_C,PROD009,4,9.34,6.99
FAC-3071,2026-02-19,Vendedor_A,PROD005,5,31.82,22.13
FAC-3072,2026-02-19,Vendedor_B,PROD020,13,68.6,51.36
FAC-3073,2026-02-19,Vendedor_A,PROD004,5,16.94,12.56
FAC-3074,2026-02-19,Vendedor_A,PROD023,13,73.76,51.36
FAC-3075,2026-02-19,Vendedor_A,PROD022,2,66.91,46.73
FAC-3076,2026-02-19,Vendedor_A,PROD016,19,6.72,6.2
FAC-3077,2026-02-19,Vendedor_C,PROD011,2,12.29,8.7
FAC-3078,2026-02-19,Vendedor_B,PROD011,1,12.44,8.7
FAC-3079,2026-02-19,Vendedor_B,PROD013,22,6.39,4.51
FAC-3080,2026-02-19,Vendedor_A,PROD020,4,68.6,51.36
FAC-3081,2026-02-19,Vendedor_A,PROD015,14,6.44,4.56
FAC-3082,2026-02-20,Vendedor_A,PROD001,3,19.6,14.88
FAC-3083,2026-02-20,Vendedor_A,PROD001,5,19.6,14.88
FAC-3084,2026-02-20,Vendedor_B,PROD022,20,66.5,46.73
FAC-3085,2026-02-20,Vendedor_B,PROD011,1,11.73,8.7
FAC-3086,2026-02-20,Vendedor_A,PROD005,2,31.22,22.13
FAC-3087,2026-02-20,Vendedor_B,PROD023,22,70.15,51.36
FAC-3088,2026-02-20,Vendedor_B,PROD024,14,66.57,50.44
FAC-3089,2026-02-20,Vendedor_A,PROD011,3,12.47,8.7
FAC-3090,2026-02-20,Vendedor_C,PROD019,2,32.72,24.88
FAC-3091,2026-02-20,Vendedor_A,PROD012,5,7.15,5.26
FAC-3092,2026-02-20,Vendedor_A,PROD012,5,6.94,5.26
FAC-3093,2026-02-20,Vendedor_A,PROD010,2,8.52,6.21
FAC-3094,2026-02-20,Vendedor_A,PROD025,9,84.56,63.98
FAC-3095,2026-02-20,Vendedor_B,PROD003,1,17.36,13.18
FAC-3096,2026-02-20,Vendedor_C,PROD016,5,6.72,6.2
FAC-3097,2026-02-20,Vendedor_A,PROD009,2,9.32,6.99
FAC-3098,2026-02-20,Vendedor_A,PROD019,2,33.72,24.88
FAC-3099,2026-02-20,Vendedor_C,PROD006,5,26.54,20.15
FAC-3100,2026-02-20,Vendedor_B,PROD023,21,70.15,51.36
FAC-3101,2026-02-20,Vendedor_A,PROD007,1,25.9,23.09
FAC-3102,2026-02-20,Vendedor_B,PROD023,7,68.83,51.36
FAC-3103,2026-02-20,Vendedor_B,PROD009,1,9.73,6.99
FAC-3104,2026-02-20,Vendedor_C,PROD017,1,38.81,26.94
FAC-3105,2026-02-20,Vendedor_A,PROD015,14,6.1,4.56
FAC-3106,2026-02-20,Vendedor_C,PROD022,11,62.54,46.73
FAC-3107,2026-02-20,Vendedor_A,PROD004,3,17.4,12.56
FAC-3108,2026-02-20,Vendedor_A,PROD016,8,6.72,6.2
FAC-3109,2026-02-20,Vendedor_A,PROD010,4,8.58,6.21
FAC-3110,2026-02-20,Vendedor_C,PROD025,16,57.58,63.98
FAC-3111,2026-02-20,Vendedor_C,PROD002,4,18.2,15.77
FAC-3112,2026-02-20,Vendedor_C,PROD018,3,32.33,23.02
FAC-3113,2026-02-20,Vendedor_C,PROD007,2,25.9,23.09
FAC-3114,2026-02-20,Vendedor_C,PROD001,1,13.39,14.88
FAC-3115,2026-02-20,Vendedor_C,PROD011,2,11.66,8.7
FAC-3116,2026-02-20,Vendedor_A,PROD017,5,35.23,26.94
FAC-3117,2026-02-20,Vendedor_A,PROD013,2,6.39,4.51
FAC-3118,2026-02-20,Vendedor_A,PROD022,23,63.61,46.73
FAC-3119,2026-02-20,Vendedor_A,PROD005,2,29.4,22.13
FAC-3120,2026-02-20,Vendedor_A,PROD005,2,29.19,22.13
FAC-3121,2026-02-21,Vendedor_A,PROD018,5,32.2,23.02
FAC-3122,2026-02-21,Vendedor_C,PROD001,1,13.39,14.88
FAC-3123,2026-02-21,Vendedor_B,PROD013,10,5.96,4.51
FAC-3124,2026-02-21,Vendedor_A,PROD025,16,88.4,63.98
FAC-3125,2026-02-21,Vendedor_B,PROD024,7,71.95,50.44
FAC-3126,2026-02-21,Vendedor_B,PROD025,11,83.79,63.98
FAC-3127,2026-02-21,Vendedor_B,PROD010,3,8.91,6.21
FAC-3128,2026-02-21,Vendedor_A,PROD018,4,32.13,23.02
FAC-3129,2026-02-21,Vendedor_C,PROD014,13,6.38,4.76
FAC-3130,2026-02-21,Vendedor_A,PROD020,12,68.6,51.36
FAC-3131,2026-02-21,Vendedor_A,PROD025,6,87.78,63.98
FAC-3132,2026-02-21,Vendedor_B,PROD014,12,6.5,4.76
FAC-3133,2026-02-21,Vendedor_B,PROD023,23,66.81,51.36
FAC-3134,2026-02-21,Vendedor_B,PROD016,2,6.72,6.2
FAC-3135,2026-02-21,Vendedor_A,PROD024,18,72.75,50.44
FAC-3136,2026-02-21,Vendedor_A,PROD025,20,87.04,63.98
FAC-3137,2026-02-21,Vendedor_B,PROD022,13,62.25,46.73
FAC-3138,2026-02-21,Vendedor_B,PROD014,14,6.6,4.76
FAC-3139,2026-02-21,Vendedor_A,PROD003,2,18.16,13.18
FAC-3140,2026-02-21,Vendedor_A,PROD016,21,6.72,6.2
FAC-3141,2026-02-21,Vendedor_A,PROD023,21,74.17,51.36
FAC-3142,2026-02-21,Vendedor_A,PROD004,1,17.89,12.56
FAC-3143,2026-02-21,Vendedor_A,PROD013,7,5.95,4.51
FAC-3144,2026-02-21,Vendedor_B,PROD022,6,65.48,46.73
FAC-3145,2026-02-21,Vendedor_A,PROD014,17,6.22,4.76
FAC-3146,2026-02-21,Vendedor_B,PROD021,18,57.72,43.55
FAC-3147,2026-02-21,Vendedor_B,PROD013,2,6.35,4.51
FAC-3148,2026-02-21,Vendedor_C,PROD012,18,7.26,5.26
FAC-3149,2026-02-21,Vendedor_A,PROD008,5,11.47,8.46
FAC-3150,2026-02-21,Vendedor_C,PROD011,2,11.56,8.7
FAC-3151,2026-02-21,Vendedor_A,PROD010,2,8.66,6.21
FAC-3152,2026-02-21,Vendedor_A,PROD013,4,5.94,4.51
FAC-3153,2026-02-21,Vendedor_A,PROD020,8,68.6,51.36
FAC-3154,2026-02-21,Vendedor_B,PROD009,2,9.8,6.99
FAC-3155,2026-02-21,Vendedor_B,PROD023,2,71.23,51.36
FAC-3156,2026-02-21,Vendedor_A,PROD014,8,6.88,4.76
FAC-3157,2026-02-21,Vendedor_C,PROD016,16,6.72,6.2
FAC-3158,2026-02-21,Vendedor_A,PROD014,20,6.39,4.76
FAC-3159,2026-02-21,Vendedor_B,PROD017,1,38.64,26.94
FAC-3160,2026-02-21,Vendedor_B,PROD009,5,9.16,6.99
FAC-3161,2026-02-21,Vendedor_B,PROD011,2,11.59,8.7
FAC-3162,2026-02-21,Vendedor_B,PROD024,5,66.9,50.44
FAC-3163,2026-02-21,Vendedor_B,PROD023,20,69.51,51.36
FAC-3164,2026-02-21,Vendedor_C,PROD021,4,61.11,43.55
FAC-3165,2026-02-22,Vendedor_B,PROD017,5,35.37,26.94
FAC-3166,2026-02-22,Vendedor_A,PROD004,3,17.06,12.56
FAC-3167,2026-02-22,Vendedor_A,PROD021,4,59.02,43.55
FAC-3168,2026-02-22,Vendedor_B,PROD010,2,8.69,6.21
FAC-3169,2026-02-22,Vendedor_A,PROD001,5,19.6,14.88
FAC-3170,2026-02-22,Vendedor_B,PROD012,20,7.5,5.26
FAC-3171,2026-02-22,Vendedor_A,PROD025,5,85.86,63.98
FAC-3172,2026-02-22,Vendedor_B,PROD017,3,35.56,26.94
FAC-3173,2026-02-22,Vendedor_A,PROD023,22,71.06,51.36
FAC-3174,2026-02-22,Vendedor_B,PROD005,1,29.15,22.13
FAC-3175,2026-02-22,Vendedor_A,PROD003,5,18.47,13.18
FAC-3176,2026-02-22,Vendedor_C,PROD015,21,6.13,4.56
FAC-3177,2026-02-22,Vendedor_A,PROD022,15,62.55,46.73
FAC-3178,2026-02-22,Vendedor_A,PROD017,1,38.71,26.94
FAC-3179,2026-02-22,Vendedor_C,PROD013,20,6.45,4.51
FAC-3180,2026-02-22,Vendedor_A,PROD006,5,28.31,20.15
FAC-3181,2026-02-22,Vendedor_A,PROD006,1,27.13,20.15
FAC-3182,2026-02-22,Vendedor_A,PROD013,10,6.44,4.51
FAC-3183,2026-02-22,Vendedor_A,PROD013,3,6.17,4.51
FAC-3184,2026-02-22,Vendedor_A,PROD017,5,36.8,26.94
FAC-3185,2026-02-22,Vendedor_C,PROD001,3,13.39,14.88
FAC-3186,2026-02-22,Vendedor_A,PROD007,5,25.9,23.09
FAC-3187,2026-02-22,Vendedor_C,PROD023,22,71.16,51.36
FAC-3188,2026-02-22,Vendedor_B,PROD007,1,25.9,23.09
FAC-3189,2026-02-22,Vendedor_B,PROD008,5,11.51,8.46
FAC-3190,2026-02-22,Vendedor_A,PROD001,2,19.6,14.88
FAC-3191,2026-02-22,Vendedor_A,PROD001,2,19.6,14.88
FAC-3192,2026-02-22,Vendedor_C,PROD001,5,13.39,14.88
FAC-3193,2026-02-22,Vendedor_A,PROD013,19,5.88,4.51
FAC-3194,2026-02-22,Vendedor_B,PROD020,2,68.6,51.36
FAC-3195,2026-02-22,Vendedor_A,PROD010,2,8.8,6.21
FAC-3196,2026-02-22,Vendedor_C,PROD009,2,9.78,6.99
FAC-3197,2026-02-22,Vendedor_B,PROD014,19,6.75,4.76
FAC-3198,2026-02-22,Vendedor_A,PROD024,17,71.97,50.44
FAC-3199,2026-02-22,Vendedor_A,PROD021,12,57.39,43.55
FAC-3200,2026-02-22,Vendedor_C,PROD001,4,13.39,14.88
FAC-3201,2026-02-22,Vendedor_A,PROD008,1,11.51,8.46
FAC-3202,2026-02-22,Vendedor_A,PROD001,4,19.6,14.88
FAC-3203,2026-02-22,Vendedor_C,PROD010,1,8.77,6.21
FAC-3204,2026-02-22,Vendedor_C,PROD025,20,57.58,63.98
FAC-3205,2026-02-22,Vendedor_B,PROD018,1,31.34,23.02
FAC-3206,2026-02-22,Vendedor_A,PROD005,5,30.26,22.13
FAC-3207,2026-02-22,Vendedor_C,PROD004,3,17.32,12.56
FAC-3208,2026-02-22,Vendedor_B,PROD005,5,29.15,22.13
FAC-3209,2026-02-22,Vendedor_C,PROD012,7,7.11,5.26
FAC-3210,2026-02-22,Vendedor_C,PROD022,15,61.41,46.73
FAC-3211,2026-02-22,Vendedor_B,PROD001,4,19.6,14.88
FAC-3212,2026-02-23,Vendedor_B,PROD011,3,12.51,8.7
FAC-3213,2026-02-23,Vendedor_B,PROD021,18,61.32,43.55
FAC-3214,2026-02-23,Vendedor_A,PROD012,19,7.37,5.26
FAC-3215,2026-02-23,Vendedor_A,PROD001,1,19.6,14.88
FAC-3216,2026-02-23,Vendedor_C,PROD023,18,67.14,51.36
FAC-3217,2026-02-23,Vendedor_C,PROD018,3,32.99,23.02
FAC-3218,2026-02-23,Vendedor_A,PROD025,20,90.23,63.98
FAC-3219,2026-02-23,Vendedor_A,PROD018,2,32.64,23.02
FAC-3220,2026-02-23,Vendedor_B,PROD025,16,91.31,63.98
FAC-3221,2026-02-23,Vendedor_B,PROD006,5,28.63,20.15
FAC-3222,2026-02-23,Vendedor_C,PROD016,7,6.72,6.2
FAC-3223,2026-02-23,Vendedor_A,PROD022,17,62.47,46.73
FAC-3224,2026-02-23,Vendedor_C,PROD012,14,7.43,5.26
FAC-3225,2026-02-23,Vendedor_A,PROD008,3,11.86,8.46
FAC-3226,2026-02-23,Vendedor_B,PROD003,4,17.82,13.18
FAC-3227,2026-02-23,Vendedor_C,PROD009,3,9.55,6.99
FAC-3228,2026-02-23,Vendedor_B,PROD004,3,16.41,12.56
FAC-3229,2026-02-23,Vendedor_A,PROD005,2,30.98,22.13
FAC-3230,2026-02-23,Vendedor_B,PROD013,11,5.95,4.51
FAC-3231,2026-02-23,Vendedor_A,PROD025,6,92.52,63.98
FAC-3232,2026-02-23,Vendedor_B,PROD022,5,65.58,46.73
FAC-3233,2026-02-23,Vendedor_B,PROD017,2,36.31,26.94
FAC-3234,2026-02-23,Vendedor_B,PROD021,9,62.43,43.55
FAC-3235,2026-02-23,Vendedor_B,PROD001,4,19.6,14.88
FAC-3236,2026-02-23,Vendedor_A,PROD021,8,60.99,43.55
FAC-3237,2026-02-23,Vendedor_B,PROD023,18,71.56,51.36
FAC-3238,2026-02-23,Vendedor_A,PROD009,5,9.79,6.99
FAC-3239,2026-02-23,Vendedor_C,PROD002,5,18.2,15.77
FAC-3240,2026-02-23,Vendedor_A,PROD015,16,6.45,4.56
FAC-3241,2026-02-23,Vendedor_C,PROD014,5,6.88,4.76
FAC-3242,2026-02-23,Vendedor_C,PROD010,5,8.77,6.21
FAC-3243,2026-02-23,Vendedor_A,PROD001,3,19.6,14.88
FAC-3244,2026-02-23,Vendedor_B,PROD003,3,18.18,13.18
FAC-3245,2026-02-23,Vendedor_A,PROD007,3,25.9,23.09
FAC-3246,2026-02-23,Vendedor_B,PROD017,5,37.53,26.94
FAC-3247,2026-02-23,Vendedor_A,PROD010,3,8.76,6.21
FAC-3248,2026-02-23,Vendedor_A,PROD004,3,17.43,12.56
FAC-3249,2026-02-23,Vendedor_C,PROD019,1,35.5,24.88
FAC-3250,2026-02-23,Vendedor_B,PROD020,6,68.6,51.36
FAC-3251,2026-02-23,Vendedor_B,PROD005,4,28.88,22.13
FAC-3252,2026-02-23,Vendedor_A,PROD007,4,25.9,23.09
FAC-3253,2026-02-23,Vendedor_A,PROD019,5,32.4,24.88
FAC-3254,2026-02-23,Vendedor_A,PROD014,11,6.5,4.76
FAC-3255,2026-02-23,Vendedor_A,PROD016,7,6.72,6.2
FAC-3256,2026-02-23,Vendedor_A,PROD002,5,18.2,15.77
FAC-3257,2026-02-24,Vendedor_A,PROD018,5,31.33,23.02
FAC-3258,2026-02-24,Vendedor_A,PROD002,3,18.2,15.77
FAC-3259,2026-02-24,Vendedor_B,PROD017,4,38.79,26.94
FAC-3260,2026-02-24,Vendedor_C,PROD011,5,11.31,8.7
FAC-3261,2026-02-24,Vendedor_B,PROD021,9,59.99,43.55
FAC-3262,2026-02-24,Vendedor_B,PROD014,20,6.3,4.76
FAC-3263,2026-02-24,Vendedor_A,PROD018,4,32.0,23.02
FAC-3264,2026-02-24,Vendedor_C,PROD002,4,18.2,15.77
FAC-3265,2026-02-24,Vendedor_C,PROD025,7,57.58,63.98
FAC-3266,2026-02-24,Vendedor_B,PROD001,1,19.6,14.88
FAC-3267,2026-02-24,Vendedor_A,PROD018,5,33.01,23.02
FAC-3268,2026-02-24,Vendedor_C,PROD023,8,73.98,51.36
FAC-3269,2026-02-24,Vendedor_B,PROD017,3,37.15,26.94
FAC-3270,2026-02-24,Vendedor_A,PROD025,23,89.39,63.98
FAC-3271,2026-02-24,Vendedor_A,PROD022,4,62.49,46.73
FAC-3272,2026-02-24,Vendedor_B,PROD023,15,72.54,51.36
FAC-3273,2026-02-24,Vendedor_C,PROD003,4,18.0,13.18
FAC-3274,2026-02-24,Vendedor_A,PROD025,8,89.3,63.98
FAC-3275,2026-02-24,Vendedor_C,PROD014,14,6.47,4.76
FAC-3276,2026-02-24,Vendedor_B,PROD021,2,60.41,43.55
FAC-3277,2026-02-24,Vendedor_C,PROD004,1,17.47,12.56
FAC-3278,2026-02-24,Vendedor_C,PROD003,1,17.42,13.18
FAC-3279,2026-02-24,Vendedor_A,PROD012,6,6.99,5.26
FAC-3280,2026-02-24,Vendedor_A,PROD009,5,9.79,6.99
FAC-3281,2026-02-24,Vendedor_A,PROD005,2,32.06,22.13
FAC-3282,2026-02-24,Vendedor_A,PROD012,8,7.5,5.26
FAC-3283,2026-02-24,Vendedor_A,PROD017,1,37.51,26.94
FAC-3284,2026-02-24,Vendedor_B,PROD024,3,68.31,50.44
FAC-3285,2026-02-24,Vendedor_B,PROD001,3,19.6,14.88
FAC-3286,2026-02-24,Vendedor_C,PROD011,2,12.13,8.7
FAC-3287,2026-02-24,Vendedor_B,PROD007,5,25.9,23.09
FAC-3288,2026-02-24,Vendedor_C,PROD003,5,18.83,13.18
FAC-3289,2026-02-24,Vendedor_A,PROD012,21,7.28,5.26
FAC-3290,2026-02-24,Vendedor_A,PROD018,5,32.74,23.02
FAC-3291,2026-02-24,Vendedor_B,PROD015,18,6.24,4.56
FAC-3292,2026-02-24,Vendedor_A,PROD014,14,6.48,4.76
FAC-3293,2026-02-24,Vendedor_B,PROD003,5,17.39,13.18
FAC-3294,2026-02-25,Vendedor_A,PROD022,5,64.21,46.73
FAC-3295,2026-02-25,Vendedor_B,PROD009,4,9.4,6.99
FAC-3296,2026-02-25,Vendedor_A,PROD008,2,11.65,8.46
FAC-3297,2026-02-25,Vendedor_A,PROD016,9,6.72,6.2
FAC-3298,2026-02-25,Vendedor_A,PROD009,2,10.01,6.99
FAC-3299,2026-02-25,Vendedor_A,PROD024,13,70.32,50.44
FAC-3300,2026-02-25,Vendedor_C,PROD010,1,8.47,6.21
FAC-3301,2026-02-25,Vendedor_B,PROD007,3,25.9,23.09
FAC-3302,2026-02-25,Vendedor_C,PROD007,3,25.9,23.09
FAC-3303,2026-02-25,Vendedor_B,PROD017,2,37.19,26.94
FAC-3304,2026-02-25,Vendedor_A,PROD016,5,6.72,6.2
FAC-3305,2026-02-25,Vendedor_A,PROD025,12,83.6,63.98
FAC-3306,2026-02-25,Vendedor_B,PROD017,5,37.09,26.94
FAC-3307,2026-02-25,Vendedor_A,PROD022,19,65.88,46.73
FAC-3308,2026-02-25,Vendedor_B,PROD015,18,6.26,4.56
FAC-3309,2026-02-25,Vendedor_A,PROD009,5,9.38,6.99
FAC-3310,2026-02-25,Vendedor_C,PROD022,7,64.13,46.73
FAC-3311,2026-02-25,Vendedor_A,PROD009,3,9.51,6.99
FAC-3312,2026-02-25,Vendedor_B,PROD010,5,8.38,6.21
FAC-3313,2026-02-25,Vendedor_A,PROD012,17,6.87,5.26
FAC-3314,2026-02-25,Vendedor_A,PROD025,17,90.96,63.98
FAC-3315,2026-02-25,Vendedor_B,PROD011,1,12.18,8.7
FAC-3316,2026-02-25,Vendedor_A,PROD007,1,25.9,23.09
FAC-3317,2026-02-25,Vendedor_B,PROD023,7,70.41,51.36
FAC-3318,2026-02-25,Vendedor_A,PROD001,4,19.6,14.88
FAC-3319,2026-02-25,Vendedor_A,PROD023,2,74.01,51.36
FAC-3320,2026-02-25,Vendedor_B,PROD018,1,32.91,23.02
FAC-3321,2026-02-25,Vendedor_C,PROD020,6,68.6,51.36
FAC-3322,2026-02-25,Vendedor_A,PROD023,7,71.37,51.36
FAC-3323,2026-02-25,Vendedor_A,PROD001,5,19.6,14.88
FAC-3324,2026-02-25,Vendedor_A,PROD006,2,28.88,20.15
FAC-3325,2026-02-25,Vendedor_A,PROD022,18,67.07,46.73
FAC-3326,2026-02-25,Vendedor_B,PROD024,15,66.64,50.44
FAC-3327,2026-02-25,Vendedor_A,PROD010,4,8.94,6.21
FAC-3328,2026-02-25,Vendedor_B,PROD019,3,32.58,24.88
FAC-3329,2026-02-25,Vendedor_B,PROD006,4,27.8,20.15
FAC-3330,2026-02-25,Vendedor_A,PROD007,2,25.9,23.09
FAC-3331,2026-02-26,Vendedor_B,PROD007,4,25.9,23.09
FAC-3332,2026-02-26,Vendedor_A,PROD007,5,25.9,23.09
FAC-3333,2026-02-26,Vendedor_A,PROD012,20,6.86,5.26
FAC-3334,2026-02-26,Vendedor_B,PROD005,3,32.03,22.13
FAC-3335,2026-02-26,Vendedor_A,PROD011,1,12.5,8.7
FAC-3336,2026-02-26,Vendedor_A,PROD021,23,56.74,43.55
FAC-3337,2026-02-26,Vendedor_B,PROD005,4,29.47,22.13
FAC-3338,2026-02-26,Vendedor_C,PROD010,5,8.37,6.21
FAC-3339,2026-02-26,Vendedor_A,PROD022,23,65.37,46.73
FAC-3340,2026-02-26,Vendedor_A,PROD021,10,58.4,43.55
FAC-3341,2026-02-26,Vendedor_A,PROD002,3,18.2,15.77
FAC-3342,2026-02-26,Vendedor_B,PROD004,1,16.88,12.56
FAC-3343,2026-02-26,Vendedor_A,PROD018,2,32.3,23.02
FAC-3344,2026-02-26,Vendedor_A,PROD024,17,69.87,50.44
FAC-3345,2026-02-26,Vendedor_A,PROD020,3,68.6,51.36
FAC-3346,2026-02-26,Vendedor_C,PROD025,13,89.63,63.98
FAC-3347,2026-02-26,Vendedor_A,PROD022,7,63.56,46.73
FAC-3348,2026-02-26,Vendedor_C,PROD022,11,63.95,46.73
FAC-3349,2026-02-26,Vendedor_C,PROD023,10,73.25,51.36
FAC-3350,2026-02-26,Vendedor_B,PROD020,3,68.6,51.36
FAC-3351,2026-02-26,Vendedor_B,PROD005,3,28.8,22.13
FAC-3352,2026-02-26,Vendedor_A,PROD012,22,7.34,5.26
FAC-3353,2026-02-26,Vendedor_A,PROD014,7,6.74,4.76
FAC-3354,2026-02-26,Vendedor_A,PROD010,1,8.57,6.21
FAC-3355,2026-02-26,Vendedor_A,PROD018,1,32.99,23.02
FAC-3356,2026-02-26,Vendedor_A,PROD005,4,31.12,22.13
FAC-3357,2026-02-26,Vendedor_A,PROD022,13,61.64,46.73
FAC-3358,2026-02-26,Vendedor_A,PROD013,9,6.39,4.51
FAC-3359,2026-02-26,Vendedor_A,PROD004,4,17.54,12.56
FAC-3360,2026-02-26,Vendedor_A,PROD020,16,68.6,51.36
FAC-3361,2026-02-26,Vendedor_A,PROD021,8,62.92,43.55
FAC-3362,2026-02-26,Vendedor_A,PROD017,2,38.34,26.94
FAC-3363,2026-02-26,Vendedor_B,PROD011,5,11.85,8.7
FAC-3364,2026-02-26,Vendedor_B,PROD023,16,68.94,51.36
FAC-3365,2026-02-26,Vendedor_A,PROD010,3,8.42,6.21
FAC-3366,2026-02-26,Vendedor_B,PROD017,1,38.16,26.94
FAC-3367,2026-02-26,Vendedor_A,PROD016,20,6.72,6.2
FAC-3368,2026-02-26,Vendedor_A,PROD001,2,19.6,14.88
FAC-3369,2026-02-26,Vendedor_C,PROD016,23,6.72,6.2
FAC-3370,2026-02-26,Vendedor_B,PROD013,7,6.16,4.51
FAC-3371,2026-02-26,Vendedor_C,PROD011,2,11.73,8.7
FAC-3372,2026-02-26,Vendedor_A,PROD001,2,19.6,14.88
FAC-3373,2026-02-26,Vendedor_A,PROD012,5,7.14,5.26
FAC-3374,2026-02-26,Vendedor_C,PROD007,1,25.9,23.09
FAC-3375,2026-02-26,Vendedor_B,PROD004,2,17.73,12.56
FAC-3376,2026-02-26,Vendedor_B,PROD016,11,6.72,6.2
FAC-3377,2026-02-26,Vendedor_A,PROD017,2,36.97,26.94
FAC-3378,2026-02-26,Vendedor_A,PROD007,3,25.9,23.09
FAC-3379,2026-02-27,Vendedor_C,PROD025,8,57.58,63.98
FAC-3380,2026-02-27,Vendedor_A,PROD009,5,9.12,6.99
FAC-3381,2026-02-27,Vendedor_A,PROD025,10,91.5,63.98
FAC-3382,2026-02-27,Vendedor_C,PROD012,6,7.32,5.26
FAC-3383,2026-02-27,Vendedor_B,PROD020,6,68.6,51.36
FAC-3384,2026-02-27,Vendedor_B,PROD004,3,17.49,12.56
FAC-3385,2026-02-27,Vendedor_A,PROD010,5,8.89,6.21
FAC-3386,2026-02-27,Vendedor_B,PROD019,5,32.48,24.88
FAC-3387,2026-02-27,Vendedor_C,PROD006,1,27.11,20.15
FAC-3388,2026-02-27,Vendedor_A,PROD019,3,34.85,24.88
FAC-3389,2026-02-27,Vendedor_A,PROD016,20,6.72,6.2
FAC-3390,2026-02-27,Vendedor_A,PROD020,3,68.6,51.36
FAC-3391,2026-02-27,Vendedor_B,PROD004,3,16.57,12.56
FAC-3392,2026-02-27,Vendedor_A,PROD021,18,59.75,43.55
FAC-3393,2026-02-27,Vendedor_A,PROD009,3,10.07,6.99
FAC-3394,2026-02-27,Vendedor_B,PROD003,4,19.08,13.18
FAC-3395,2026-02-27,Vendedor_A,PROD018,4,30.61,23.02
FAC-3396,2026-02-27,Vendedor_A,PROD025,20,85.94,63.98
FAC-3397,2026-02-27,Vendedor_A,PROD011,1,11.36,8.7
FAC-3398,2026-02-27,Vendedor_C,PROD011,4,11.4,8.7
FAC-3399,2026-02-27,Vendedor_B,PROD001,1,19.6,14.88
FAC-3400,2026-02-27,Vendedor_A,PROD010,2,8.09,6.21
FAC-3401,2026-02-27,Vendedor_A,PROD005,5,29.17,22.13
FAC-3402,2026-02-27,Vendedor_B,PROD024,4,69.86,50.44
FAC-3403,2026-02-27,Vendedor_C,PROD001,5,19.6,14.88
FAC-3404,2026-02-27,Vendedor_C,PROD014,3,6.5,4.76
FAC-3405,2026-02-27,Vendedor_A,PROD007,4,25.9,23.09
FAC-3406,2026-02-27,Vendedor_B,PROD007,5,25.9,23.09
FAC-3407,2026-02-27,Vendedor_B,PROD012,17,7.14,5.26
FAC-3408,2026-02-27,Vendedor_A,PROD019,2,33.51,24.88
FAC-3409,2026-02-27,Vendedor_A,PROD022,16,61.89,46.73
FAC-3410,2026-02-27,Vendedor_A,PROD001,1,19.6,14.88
FAC-3411,2026-02-27,Vendedor_B,PROD010,3,8.98,6.21
FAC-3412,2026-02-27,Vendedor_A,PROD006,1,26.21,20.15
FAC-3413,2026-02-27,Vendedor_B,PROD021,5,61.21,43.55
FAC-3414,2026-02-27,Vendedor_B,PROD022,19,61.82,46.73
FAC-3415,2026-02-27,Vendedor_A,PROD024,23,65.76,50.44
FAC-3416,2026-02-27,Vendedor_A,PROD015,6,6.39,4.56
FAC-3417,2026-02-27,Vendedor_B,PROD003,4,18.94,13.18
FAC-3418,2026-02-27,Vendedor_A,PROD018,2,30.63,23.02
FAC-3419,2026-02-28,Vendedor_B,PROD017,5,38.99,26.94
FAC-3420,2026-02-28,Vendedor_A,PROD024,13,69.34,50.44
FAC-3421,2026-02-28,Vendedor_A,PROD016,20,6.72,6.2
FAC-3422,2026-02-28,Vendedor_A,PROD010,1,8.69,6.21
FAC-3423,2026-02-28,Vendedor_A,PROD007,2,25.9,23.09
FAC-3424,2026-02-28,Vendedor_A,PROD014,10,6.54,4.76
FAC-3425,2026-02-28,Vendedor_B,PROD004,1,17.73,12.56
FAC-3426,2026-02-28,Vendedor_A,PROD009,1,9.73,6.99
FAC-3427,2026-02-28,Vendedor_C,PROD007,2,25.9,23.09
FAC-3428,2026-02-28,Vendedor_A,PROD019,2,35.51,24.88
FAC-3429,2026-02-28,Vendedor_B,PROD010,2,8.14,6.21
FAC-3430,2026-02-28,Vendedor_B,PROD020,6,68.6,51.36
FAC-3431,2026-02-28,Vendedor_C,PROD005,3,31.33,22.13
FAC-3432,2026-02-28,Vendedor_A,PROD008,5,11.88,8.46
FAC-3433,2026-02-28,Vendedor_A,PROD007,5,25.9,23.09
FAC-3434,2026-02-28,Vendedor_B,PROD012,20,7.3,5.26
FAC-3435,2026-02-28,Vendedor_B,PROD019,2,35.17,24.88
FAC-3436,2026-02-28,Vendedor_C,PROD018,3,32.14,23.02
FAC-3437,2026-02-28,Vendedor_A,PROD023,13,69.71,51.36
FAC-3438,2026-02-28,Vendedor_A,PROD020,9,68.6,51.36
FAC-3439,2026-02-28,Vendedor_A,PROD009,3,9.55,6.99
FAC-3440,2026-02-28,Vendedor_C,PROD021,5,57.44,43.55
FAC-3441,2026-02-28,Vendedor_B,PROD008,5,11.59,8.46
FAC-3442,2026-02-28,Vendedor_B,PROD014,5,6.28,4.76
FAC-3443,2026-02-28,Vendedor_A,PROD008,5,11.21,8.46
FAC-3444,2026-02-28,Vendedor_A,PROD025,14,88.7,63.98
FAC-3445,2026-02-28,Vendedor_A,PROD016,22,6.72,6.2
FAC-3446,2026-02-28,Vendedor_B,PROD001,4,19.6,14.88
FAC-3447,2026-02-28,Vendedor_B,PROD008,3,11.59,8.46
FAC-3448,2026-02-28,Vendedor_C,PROD020,18,68.6,51.36
FAC-3449,2026-02-28,Vendedor_A,PROD012,10,7.5,5.26
FAC-3450,2026-02-28,Vendedor_B,PROD021,17,59.69,43.55
FAC-3451,2026-02-28,Vendedor_A,PROD020,6,68.6,51.36
FAC-3452,2026-02-28,Vendedor_B,PROD021,10,61.21,43.55
FAC-3453,2026-02-28,Vendedor_A,PROD017,1,37.52,26.94
FAC-3454,2026-02-28,Vendedor_B,PROD020,16,68.6,51.36
FAC-3455,2026-02-28,Vendedor_A,PROD018,2,31.93,23.02
FAC-3456,2026-02-28,Vendedor_B,PROD011,3,11.61,8.7
FAC-3457,2026-02-28,Vendedor_B,PROD018,4,31.04,23.02
FAC-3458,2026-02-28,Vendedor_A,PROD017,4,36.06,26.94
FAC-3459,2026-02-28,Vendedor_A,PROD013,8,6.27,4.51
FAC-3460,2026-02-28,Vendedor_C,PROD013,5,5.92,4.51
FAC-3461,2026-03-01,Vendedor_B,PROD009,3,9.15,6.99
FAC-3462,2026-03-01,Vendedor_A,PROD024,23,71.68,50.44
FAC-3463,2026-03-01,Vendedor_C,PROD010,5,8.86,6.21
FAC-3464,2026-03-01,Vendedor_C,PROD020,6,68.6,51.36
FAC-3465,2026-03-01,Vendedor_A,PROD021,2,57.05,43.55
FAC-3466,2026-03-01,Vendedor_A,PROD004,3,18.18,12.56
FAC-3467,2026-03-01,Vendedor_C,PROD020,9,68.6,51.36
FAC-3468,2026-03-01,Vendedor_A,PROD011,5,12.3,8.7
FAC-3469,2026-03-01,Vendedor_A,PROD020,16,68.6,51.36
FAC-3470,2026-03-01,Vendedor_A,PROD006,3,26.59,20.15
FAC-3471,2026-03-01,Vendedor_C,PROD005,5,28.77,22.13
FAC-3472,2026-03-01,Vendedor_A,PROD022,9,64.87,46.73
FAC-3473,2026-03-01,Vendedor_A,PROD024,5,68.75,50.44
FAC-3474,2026-03-01,Vendedor_A,PROD020,22,68.6,51.36
FAC-3475,2026-03-01,Vendedor_A,PROD013,13,6.31,4.51
FAC-3476,2026-03-01,Vendedor_C,PROD014,17,6.37,4.76
FAC-3477,2026-03-01,Vendedor_A,PROD014,16,6.36,4.76
FAC-3478,2026-03-01,Vendedor_B,PROD024,14,70.39,50.44
FAC-3479,2026-03-01,Vendedor_B,PROD009,2,10.04,6.99
FAC-3480,2026-03-01,Vendedor_A,PROD003,5,18.8,13.18
FAC-3481,2026-03-01,Vendedor_B,PROD023,23,72.05,51.36
FAC-3482,2026-03-01,Vendedor_C,PROD023,22,71.69,51.36
FAC-3483,2026-03-01,Vendedor_A,PROD007,3,25.9,23.09
FAC-3484,2026-03-01,Vendedor_A,PROD006,4,26.48,20.15
FAC-3485,2026-03-01,Vendedor_A,PROD020,9,68.6,51.36
FAC-3486,2026-03-01,Vendedor_B,PROD022,16,65.31,46.73
FAC-3487,2026-03-01,Vendedor_A,PROD022,16,64.18,46.73
FAC-3488,2026-03-01,Vendedor_B,PROD004,5,17.69,12.56
FAC-3489,2026-03-01,Vendedor_A,PROD009,4,9.33,6.99
FAC-3490,2026-03-01,Vendedor_C,PROD008,3,12.14,8.46
FAC-3491,2026-03-01,Vendedor_C,PROD001,5,13.39,14.88
FAC-3492,2026-03-01,Vendedor_A,PROD001,1,19.6,14.88
FAC-3493,2026-03-01,Vendedor_A,PROD003,2,17.97,13.18
FAC-3494,2026-03-01,Vendedor_B,PROD022,18,61.82,46.73
FAC-3495,2026-03-01,Vendedor_C,PROD021,18,58.97,43.55
FAC-3496,2026-03-01,Vendedor_A,PROD021,8,62.39,43.55
FAC-3497,2026-03-01,Vendedor_A,PROD010,5,8.12,6.21
FAC-3498,2026-03-02,Vendedor_A,PROD021,6,62.65,43.55
FAC-3499,2026-03-02,Vendedor_A,PROD013,22,6.17,4.51
FAC-3500,2026-03-02,Vendedor_B,PROD005,1,30.18,22.13
FAC-3501,2026-03-02,Vendedor_B,PROD004,1,17.07,12.56
FAC-3502,2026-03-02,Vendedor_A,PROD007,3,25.9,23.09
FAC-3503,2026-03-02,Vendedor_B,PROD017,2,36.67,26.94
FAC-3504,2026-03-02,Vendedor_A,PROD015,22,6.05,4.56
FAC-3505,2026-03-02,Vendedor_B,PROD020,2,68.6,51.36
FAC-3506,2026-03-02,Vendedor_A,PROD024,12,71.75,50.44
FAC-3507,2026-03-02,Vendedor_B,PROD008,4,11.5,8.46
FAC-3508,2026-03-02,Vendedor_A,PROD015,13,6.18,4.56
FAC-3509,2026-03-02,Vendedor_C,PROD016,14,6.72,6.2
FAC-3510,2026-03-02,Vendedor_A,PROD011,2,12.16,8.7
FAC-3511,2026-03-02,Vendedor_A,PROD012,5,7.28,5.26
FAC-3512,2026-03-02,Vendedor_A,PROD023,10,73.15,51.36
FAC-3513,2026-03-02,Vendedor_B,PROD021,12,61.08,43.55
FAC-3514,2026-03-02,Vendedor_A,PROD007,4,25.9,23.09
FAC-3515,2026-03-02,Vendedor_A,PROD005,4,29.81,22.13
FAC-3516,2026-03-02,Vendedor_A,PROD016,5,6.72,6.2
FAC-3517,2026-03-02,Vendedor_A,PROD002,2,18.2,15.77
FAC-3518,2026-03-02,Vendedor_A,PROD021,13,58.37,43.55
FAC-3519,2026-03-02,Vendedor_A,PROD005,2,29.74,22.13
FAC-3520,2026-03-02,Vendedor_A,PROD019,1,33.51,24.88
FAC-3521,2026-03-02,Vendedor_C,PROD017,1,36.92,26.94
FAC-3522,2026-03-02,Vendedor_B,PROD009,3,9.62,6.99
FAC-3523,2026-03-02,Vendedor_B,PROD003,5,18.59,13.18
FAC-3524,2026-03-02,Vendedor_B,PROD013,10,6.23,4.51
FAC-3525,2026-03-02,Vendedor_B,PROD017,2,37.13,26.94
FAC-3526,2026-03-02,Vendedor_C,PROD021,11,61.28,43.55
FAC-3527,2026-03-02,Vendedor_A,PROD008,3,11.57,8.46
FAC-3528,2026-03-02,Vendedor_A,PROD009,1,9.6,6.99
FAC-3529,2026-03-02,Vendedor_A,PROD015,3,6.15,4.56
FAC-3530,2026-03-02,Vendedor_C,PROD019,4,33.21,24.88
FAC-3531,2026-03-02,Vendedor_A,PROD015,12,6.37,4.56
FAC-3532,2026-03-02,Vendedor_B,PROD025,3,92.64,63.98
FAC-3533,2026-03-02,Vendedor_A,PROD025,20,91.45,63.98
FAC-3534,2026-03-02,Vendedor_A,PROD022,2,65.47,46.73
FAC-3535,2026-03-02,Vendedor_A,PROD006,3,27.43,20.15
FAC-3536,2026-03-02,Vendedor_B,PROD003,3,19.01,13.18
FAC-3537,2026-03-02,Vendedor_A,PROD015,6,6.17,4.56
FAC-3538,2026-03-02,Vendedor_B,PROD004,2,16.83,12.56
FAC-3539,2026-03-02,Vendedor_A,PROD024,13,68.9,50.44
FAC-3540,2026-03-02,Vendedor_A,PROD021,13,57.9,43.55
FAC-3541,2026-03-03,Vendedor_A,PROD014,5,6.27,4.76
FAC-3542,2026-03-03,Vendedor_A,PROD020,17,68.6,51.93
FAC-3543,2026-03-03,Vendedor_A,PROD010,3,8.89,6.21
FAC-3544,2026-03-03,Vendedor_B,PROD021,11,59.87,43.55
FAC-3545,2026-03-03,Vendedor_A,PROD003,2,18.53,13.18
FAC-3546,2026-03-03,Vendedor_A,PROD014,16,6.23,4.76
FAC-3547,2026-03-03,Vendedor_A,PROD004,2,17.36,12.56
FAC-3548,2026-03-03,Vendedor_B,PROD019,5,34.99,24.88
FAC-3549,2026-03-03,Vendedor_C,PROD023,12,66.84,51.36
FAC-3550,2026-03-03,Vendedor_B,PROD016,23,6.72,6.2
FAC-3551,2026-03-03,Vendedor_A,PROD018,5,31.95,23.02
FAC-3552,2026-03-03,Vendedor_A,PROD007,4,25.9,23.09
FAC-3553,2026-03-03,Vendedor_A,PROD010,3,8.69,6.21
FAC-3554,2026-03-03,Vendedor_A,PROD010,4,8.08,6.21
FAC-3555,2026-03-03,Vendedor_B,PROD008,4,11.6,8.46
FAC-3556,2026-03-03,Vendedor_A,PROD009,1,10.13,7.11
FAC-3557,2026-03-03,Vendedor_A,PROD001,5,19.6,14.88
FAC-3558,2026-03-03,Vendedor_B,PROD013,12,6.37,4.51
FAC-3559,2026-03-03,Vendedor_B,PROD008,2,11.81,8.46
FAC-3560,2026-03-03,Vendedor_A,PROD016,11,6.72,6.2
FAC-3561,2026-03-03,Vendedor_B,PROD019,5,35.5,24.88
FAC-3562,2026-03-03,Vendedor_C,PROD005,5,31.76,22.13
FAC-3563,2026-03-03,Vendedor_A,PROD002,1,18.2,15.77
FAC-3564,2026-03-03,Vendedor_B,PROD012,18,7.59,5.33
FAC-3565,2026-03-03,Vendedor_A,PROD020,12,68.6,51.93
FAC-3566,2026-03-03,Vendedor_C,PROD013,9,5.97,4.51
FAC-3567,2026-03-03,Vendedor_A,PROD020,8,68.6,51.93
FAC-3568,2026-03-03,Vendedor_A,PROD014,9,6.47,4.76
FAC-3569,2026-03-03,Vendedor_B,PROD013,15,6.26,4.51
FAC-3570,2026-03-03,Vendedor_B,PROD015,21,5.96,4.56
FAC-3571,2026-03-03,Vendedor_A,PROD004,3,16.52,12.56
FAC-3572,2026-03-03,Vendedor_B,PROD002,1,18.2,15.77
FAC-3573,2026-03-03,Vendedor_A,PROD014,4,6.78,4.76
FAC-3574,2026-03-03,Vendedor_B,PROD004,5,17.05,12.56
FAC-3575,2026-03-03,Vendedor_B,PROD025,22,98.17,73.41
FAC-3576,2026-03-03,Vendedor_A,PROD001,5,19.6,14.88
FAC-3577,2026-03-03,Vendedor_C,PROD014,8,6.57,4.76
FAC-3578,2026-03-03,Vendedor_B,PROD022,7,61.01,46.73
FAC-3579,2026-03-03,Vendedor_A,PROD021,15,58.83,43.55
FAC-3580,2026-03-03,Vendedor_A,PROD008,4,11.98,8.46
FAC-3581,2026-03-03,Vendedor_A,PROD020,14,68.6,51.93
FAC-3582,2026-03-03,Vendedor_A,PROD019,2,34.03,24.88
FAC-3583,2026-03-03,Vendedor_A,PROD003,2,17.5,13.18
FAC-3584,2026-03-03,Vendedor_B,PROD005,2,31.97,22.13
FAC-3585,2026-03-03,Vendedor_A,PROD020,3,68.6,51.93
FAC-3586,2026-03-03,Vendedor_B,PROD020,2,68.6,51.93
FAC-3587,2026-03-04,Vendedor_A,PROD019,2,34.18,24.88
FAC-3588,2026-03-04,Vendedor_C,PROD022,23,66.68,47.53
FAC-3589,2026-03-04,Vendedor_A,PROD014,17,6.74,4.76
FAC-3590,2026-03-04,Vendedor_A,PROD013,15,6.27,4.51
FAC-3591,2026-03-04,Vendedor_A,PROD014,21,6.63,4.76
FAC-3592,2026-03-04,Vendedor_A,PROD021,17,63.15,44.66
FAC-3593,2026-03-04,Vendedor_B,PROD003,2,17.98,13.46
FAC-3594,2026-03-04,Vendedor_B,PROD016,14,6.72,6.2
FAC-3595,2026-03-04,Vendedor_B,PROD006,3,28.74,20.15
FAC-3596,2026-03-04,Vendedor_A,PROD012,19,7.45,5.33
FAC-3597,2026-03-04,Vendedor_B,PROD013,22,5.89,4.51
FAC-3598,2026-03-04,Vendedor_A,PROD008,4,12.17,8.46
FAC-3599,2026-03-04,Vendedor_A,PROD013,3,6.44,4.51
FAC-3600,2026-03-04,Vendedor_C,PROD004,2,17.71,12.56
FAC-3601,2026-03-04,Vendedor_A,PROD025,18,102.62,73.41
FAC-3602,2026-03-04,Vendedor_A,PROD022,13,65.33,47.53
FAC-3603,2026-03-04,Vendedor_A,PROD014,20,6.28,4.76
FAC-3604,2026-03-04,Vendedor_B,PROD014,9,6.63,4.76
FAC-3605,2026-03-04,Vendedor_A,PROD014,15,6.63,4.76
FAC-3606,2026-03-04,Vendedor_B,PROD021,19,60.86,44.66
FAC-3607,2026-03-04,Vendedor_A,PROD003,2,18.94,13.46
FAC-3608,2026-03-04,Vendedor_B,PROD005,3,31.81,22.13
FAC-3609,2026-03-04,Vendedor_A,PROD015,14,6.32,4.68
FAC-3610,2026-03-04,Vendedor_A,PROD014,2,6.61,4.76
FAC-3611,2026-03-04,Vendedor_A,PROD001,4,19.6,14.88
FAC-3612,2026-03-04,Vendedor_B,PROD024,16,71.06,50.44
FAC-3613,2026-03-04,Vendedor_A,PROD004,2,16.52,12.56
FAC-3614,2026-03-04,Vendedor_A,PROD024,10,69.31,50.44
FAC-3615,2026-03-04,Vendedor_C,PROD009,5,9.3,7.11
FAC-3616,2026-03-04,Vendedor_A,PROD023,5,69.27,51.36
FAC-3617,2026-03-04,Vendedor_A,PROD020,17,68.6,51.93
FAC-3618,2026-03-04,Vendedor_B,PROD014,10,6.64,4.76
FAC-3619,2026-03-04,Vendedor_B,PROD006,2,29.18,20.15
FAC-3620,2026-03-04,Vendedor_A,PROD008,5,12.05,8.46
FAC-3621,2026-03-04,Vendedor_B,PROD012,17,7.28,5.33
FAC-3622,2026-03-04,Vendedor_B,PROD025,17,95.85,73.41
FAC-3623,2026-03-04,Vendedor_B,PROD025,15,97.17,73.41
FAC-3624,2026-03-04,Vendedor_A,PROD006,3,28.76,20.15
FAC-3625,2026-03-04,Vendedor_B,PROD012,7,7.27,5.33
FAC-3626,2026-03-04,Vendedor_B,PROD006,5,28.04,20.15
FAC-3627,2026-03-04,Vendedor_A,PROD008,4,11.49,8.46
FAC-3628,2026-03-04,Vendedor_C,PROD025,20,104.94,73.41
FAC-3629,2026-03-04,Vendedor_C,PROD022,21,67.67,47.53
FAC-3630,2026-03-04,Vendedor_A,PROD001,5,19.6,14.88
FAC-3631,2026-03-05,Vendedor_B,PROD024,5,73.13,51.71
FAC-3632,2026-03-05,Vendedor_B,PROD002,5,18.2,15.77
FAC-3633,2026-03-05,Vendedor_B,PROD018,3,31.1,23.02
FAC-3634,2026-03-05,Vendedor_C,PROD009,1,9.94,7.11
FAC-3635,2026-03-05,Vendedor_B,PROD017,3,37.41,26.94
FAC-3636,2026-03-05,Vendedor_B,PROD023,2,67.67,51.36
FAC-3637,2026-03-05,Vendedor_A,PROD022,10,62.36,47.53
FAC-3638,2026-03-05,Vendedor_B,PROD012,8,7.19,5.33
FAC-3639,2026-03-05,Vendedor_B,PROD008,1,11.42,8.46
FAC-3640,2026-03-05,Vendedor_B,PROD024,13,72.17,51.71
FAC-3641,2026-03-05,Vendedor_B,PROD014,22,7.0,4.91
FAC-3642,2026-03-05,Vendedor_B,PROD017,5,36.88,26.94
FAC-3643,2026-03-05,Vendedor_A,PROD004,4,17.23,12.56
FAC-3644,2026-03-05,Vendedor_C,PROD021,14,59.17,44.66
FAC-3645,2026-03-05,Vendedor_C,PROD020,6,68.6,51.93
FAC-3646,2026-03-05,Vendedor_B,PROD018,1,31.74,23.02
FAC-3647,2026-03-05,Vendedor_A,PROD015,18,6.53,4.68
FAC-3648,2026-03-05,Vendedor_A,PROD025,2,101.8,73.41
FAC-3649,2026-03-05,Vendedor_A,PROD006,3,29.0,20.15
FAC-3650,2026-03-05,Vendedor_C,PROD001,3,19.6,15.07
FAC-3651,2026-03-05,Vendedor_A,PROD006,2,28.65,20.15
FAC-3652,2026-03-05,Vendedor_A,PROD019,4,35.31,24.88
FAC-3653,2026-03-05,Vendedor_A,PROD020,3,68.6,51.93
FAC-3654,2026-03-05,Vendedor_A,PROD004,5,17.85,12.56
FAC-3655,2026-03-05,Vendedor_A,PROD007,2,25.9,26.17
FAC-3656,2026-03-05,Vendedor_A,PROD022,11,65.78,47.53
FAC-3657,2026-03-05,Vendedor_B,PROD013,23,6.13,4.51
FAC-3658,2026-03-05,Vendedor_C,PROD013,9,6.29,4.51
FAC-3659,2026-03-05,Vendedor_A,PROD021,13,64.6,44.66
FAC-3660,2026-03-05,Vendedor_A,PROD009,4,9.28,7.11
FAC-3661,2026-03-05,Vendedor_C,PROD004,3,18.2,12.56
FAC-3662,2026-03-05,Vendedor_C,PROD018,1,32.83,23.02
FAC-3663,2026-03-05,Vendedor_A,PROD021,15,63.81,44.66
FAC-3664,2026-03-05,Vendedor_C,PROD023,17,71.24,51.36
FAC-3665,2026-03-05,Vendedor_A,PROD016,7,6.72,6.2
FAC-3666,2026-03-05,Vendedor_A,PROD002,4,18.2,15.77
FAC-3667,2026-03-05,Vendedor_C,PROD015,18,6.34,4.68
FAC-3668,2026-03-05,Vendedor_B,PROD005,2,29.12,22.13
FAC-3669,2026-03-05,Vendedor_B,PROD016,16,6.72,6.2
FAC-3670,2026-03-05,Vendedor_A,PROD001,5,19.6,15.07
FAC-3671,2026-03-05,Vendedor_A,PROD018,5,32.51,23.02
FAC-3672,2026-03-06,Vendedor_C,PROD025,22,99.83,73.41
FAC-3673,2026-03-06,Vendedor_A,PROD024,23,70.58,51.71
FAC-3674,2026-03-06,Vendedor_B,PROD010,1,8.73,6.21
FAC-3675,2026-03-06,Vendedor_A,PROD020,23,68.6,51.93
FAC-3676,2026-03-06,Vendedor_B,PROD004,3,17.78,12.56
FAC-3677,2026-03-06,Vendedor_B,PROD007,2,25.9,26.17
FAC-3678,2026-03-06,Vendedor_C,PROD024,6,68.35,51.71
FAC-3679,2026-03-06,Vendedor_C,PROD025,8,66.07,73.41
FAC-3680,2026-03-06,Vendedor_A,PROD015,17,6.41,4.68
FAC-3681,2026-03-06,Vendedor_C,PROD024,9,71.9,51.71
FAC-3682,2026-03-06,Vendedor_C,PROD023,18,73.41,51.36
FAC-3683,2026-03-06,Vendedor_C,PROD007,1,25.9,26.17
FAC-3684,2026-03-06,Vendedor_A,PROD006,3,29.1,20.15
FAC-3685,2026-03-06,Vendedor_A,PROD024,5,74.51,51.71
FAC-3686,2026-03-06,Vendedor_B,PROD005,2,31.06,22.13
FAC-3687,2026-03-06,Vendedor_B,PROD014,19,6.82,4.91
FAC-3688,2026-03-06,Vendedor_A,PROD016,19,6.72,6.2
FAC-3689,2026-03-06,Vendedor_A,PROD008,5,11.51,8.46
FAC-3690,2026-03-06,Vendedor_B,PROD010,3,8.55,6.21
FAC-3691,2026-03-06,Vendedor_A,PROD008,5,11.45,8.46
FAC-3692,2026-03-06,Vendedor_B,PROD002,1,18.2,15.77
FAC-3693,2026-03-06,Vendedor_A,PROD010,1,8.54,6.21
FAC-3694,2026-03-06,Vendedor_A,PROD004,2,16.65,12.56
FAC-3695,2026-03-06,Vendedor_B,PROD015,6,6.51,4.68
FAC-3696,2026-03-06,Vendedor_C,PROD002,2,18.2,15.77
FAC-3697,2026-03-06,Vendedor_A,PROD014,4,6.95,4.91
FAC-3698,2026-03-06,Vendedor_A,PROD010,1,8.87,6.21
FAC-3699,2026-03-06,Vendedor_A,PROD013,6,6.06,4.51
FAC-3700,2026-03-06,Vendedor_A,PROD024,6,67.47,51.71
FAC-3701,2026-03-06,Vendedor_A,PROD020,16,68.6,51.93
FAC-3702,2026-03-06,Vendedor_A,PROD019,3,35.83,24.88
FAC-3703,2026-03-06,Vendedor_A,PROD001,1,19.6,15.07
FAC-3704,2026-03-06,Vendedor_B,PROD022,10,63.08,47.53
FAC-3705,2026-03-06,Vendedor_A,PROD024,14,72.87,51.71
FAC-3706,2026-03-06,Vendedor_C,PROD001,4,13.56,15.07
FAC-3707,2026-03-06,Vendedor_C,PROD020,7,68.6,51.93
FAC-3708,2026-03-06,Vendedor_C,PROD024,4,72.95,51.71
FAC-3709,2026-03-06,Vendedor_C,PROD014,8,6.8,4.91
FAC-3710,2026-03-06,Vendedor_A,PROD004,3,17.46,12.56
FAC-3711,2026-03-07,Vendedor_B,PROD021,23,59.14,44.66
FAC-3712,2026-03-07,Vendedor_A,PROD019,2,33.74,24.88
FAC-3713,2026-03-07,Vendedor_A,PROD009,3,10.09,7.11
FAC-3714,2026-03-07,Vendedor_B,PROD011,3,13.2,9.78
FAC-3715,2026-03-07,Vendedor_A,PROD006,2,28.75,20.15
FAC-3716,2026-03-07,Vendedor_A,PROD003,4,18.29,13.46
FAC-3717,2026-03-07,Vendedor_B,PROD022,12,65.01,47.53
FAC-3718,2026-03-07,Vendedor_A,PROD006,1,27.55,20.15
FAC-3719,2026-03-07,Vendedor_B,PROD010,3,8.16,6.21
FAC-3720,2026-03-07,Vendedor_A,PROD010,4,8.82,6.21
FAC-3721,2026-03-07,Vendedor_A,PROD011,4,13.21,9.78
FAC-3722,2026-03-07,Vendedor_A,PROD016,23,6.72,6.2
FAC-3723,2026-03-07,Vendedor_A,PROD003,2,18.53,13.46
FAC-3724,2026-03-07,Vendedor_B,PROD014,9,6.58,4.91
FAC-3725,2026-03-07,Vendedor_A,PROD023,16,74.62,55.8
FAC-3726,2026-03-07,Vendedor_A,PROD019,3,35.17,24.88
FAC-3727,2026-03-07,Vendedor_A,PROD025,16,98.32,73.41
FAC-3728,2026-03-07,Vendedor_A,PROD003,1,18.17,13.46
FAC-3729,2026-03-07,Vendedor_A,PROD019,2,33.45,24.88
FAC-3730,2026-03-07,Vendedor_B,PROD014,8,6.54,4.91
FAC-3731,2026-03-07,Vendedor_A,PROD016,6,6.72,6.2
FAC-3732,2026-03-07,Vendedor_A,PROD024,18,69.83,51.71
FAC-3733,2026-03-07,Vendedor_C,PROD015,5,6.78,4.68
FAC-3734,2026-03-07,Vendedor_C,PROD006,2,28.69,20.15
FAC-3735,2026-03-07,Vendedor_B,PROD009,4,10.02,7.11
FAC-3736,2026-03-07,Vendedor_A,PROD024,14,70.36,51.71
FAC-3737,2026-03-07,Vendedor_B,PROD013,22,6.23,4.51
FAC-3738,2026-03-07,Vendedor_C,PROD016,6,6.72,6.2
FAC-3739,2026-03-07,Vendedor_C,PROD006,4,28.62,20.15
FAC-3740,2026-03-07,Vendedor_A,PROD001,5,19.6,15.07
FAC-3741,2026-03-07,Vendedor_A,PROD008,2,11.08,8.46
FAC-3742,2026-03-07,Vendedor_B,PROD002,1,18.2,15.77
FAC-3743,2026-03-07,Vendedor_A,PROD007,5,25.9,26.17
FAC-3744,2026-03-07,Vendedor_B,PROD006,2,28.35,20.15
FAC-3745,2026-03-07,Vendedor_B,PROD020,12,68.6,51.93
FAC-3746,2026-03-08,Vendedor_A,PROD017,4,38.85,26.94
FAC-3747,2026-03-08,Vendedor_A,PROD018,5,32.05,23.02
FAC-3748,2026-03-08,Vendedor_A,PROD018,3,31.52,23.02
FAC-3749,2026-03-08,Vendedor_A,PROD007,1,25.9,26.17
FAC-3750,2026-03-08,Vendedor_A,PROD011,5,13.49,9.78
FAC-3751,2026-03-08,Vendedor_A,PROD005,2,31.17,22.13
FAC-3752,2026-03-08,Vendedor_B,PROD006,5,27.59,20.15
FAC-3753,2026-03-08,Vendedor_A,PROD025,17,100.63,73.41
FAC-3754,2026-03-08,Vendedor_C,PROD011,1,13.6,9.78
FAC-3755,2026-03-08,Vendedor_A,PROD021,12,60.71,44.66
FAC-3756,2026-03-08,Vendedor_A,PROD008,4,12.11,8.46
FAC-3757,2026-03-08,Vendedor_C,PROD021,13,63.34,44.66
FAC-3758,2026-03-08,Vendedor_B,PROD022,8,67.88,47.53
FAC-3759,2026-03-08,Vendedor_B,PROD019,4,34.38,24.88
FAC-3760,2026-03-08,Vendedor_C,PROD019,5,35.34,24.88
FAC-3761,2026-03-08,Vendedor_B,PROD010,2,8.61,6.21
FAC-3762,2026-03-08,Vendedor_B,PROD015,16,6.14,4.68
FAC-3763,2026-03-08,Vendedor_A,PROD012,19,7.48,5.33
FAC-3764,2026-03-08,Vendedor_A,PROD013,10,6.06,4.51
FAC-3765,2026-03-08,Vendedor_B,PROD023,8,78.53,55.8
FAC-3766,2026-03-08,Vendedor_C,PROD020,17,68.6,51.93
FAC-3767,2026-03-08,Vendedor_A,PROD003,5,18.84,13.46
FAC-3768,2026-03-08,Vendedor_B,PROD021,23,61.94,44.66
FAC-3769,2026-03-08,Vendedor_A,PROD007,3,25.9,26.17
FAC-3770,2026-03-08,Vendedor_A,PROD022,17,65.07,47.53
FAC-3771,2026-03-08,Vendedor_A,PROD019,4,34.91,24.88
FAC-3772,2026-03-08,Vendedor_A,PROD017,1,36.28,26.94
FAC-3773,2026-03-08,Vendedor_B,PROD021,13,58.42,44.66
FAC-3774,2026-03-08,Vendedor_A,PROD025,18,103.16,73.41
FAC-3775,2026-03-08,Vendedor_C,PROD010,5,8.36,6.21
FAC-3776,2026-03-08,Vendedor_A,PROD003,5,19.05,13.46
FAC-3777,2026-03-08,Vendedor_C,PROD007,2,25.9,26.17
FAC-3778,2026-03-08,Vendedor_A,PROD017,4,39.0,26.94
FAC-3779,2026-03-08,Vendedor_A,PROD021,3,63.71,44.66
FAC-3780,2026-03-08,Vendedor_A,PROD005,1,31.5,22.13
FAC-3781,2026-03-08,Vendedor_A,PROD025,14,98.63,73.41
FAC-3782,2026-03-08,Vendedor_A,PROD022,23,66.96,47.53
FAC-3783,2026-03-08,Vendedor_A,PROD022,3,66.89,47.53
FAC-3784,2026-03-08,Vendedor_C,PROD014,14,6.43,4.91
FAC-3785,2026-03-08,Vendedor_B,PROD015,19,6.51,4.68
FAC-3786,2026-03-08,Vendedor_B,PROD021,9,59.07,44.66
FAC-3787,2026-03-08,Vendedor_A,PROD008,4,11.36,8.46
FAC-3788,2026-03-09,Vendedor_C,PROD010,1,8.43,6.21
FAC-3789,2026-03-09,Vendedor_A,PROD001,2,19.6,15.07
FAC-3790,2026-03-09,Vendedor_A,PROD021,5,61.06,44.66
FAC-3791,2026-03-09,Vendedor_C,PROD017,4,38.88,26.94
FAC-3792,2026-03-09,Vendedor_A,PROD005,5,30.47,22.13
FAC-3793,2026-03-09,Vendedor_A,PROD008,4,11.4,8.65
FAC-3794,2026-03-09,Vendedor_B,PROD006,3,28.81,20.74
FAC-3795,2026-03-09,Vendedor_A,PROD001,5,19.6,15.07
FAC-3796,2026-03-09,Vendedor_A,PROD015,10,6.56,4.68
FAC-3797,2026-03-09,Vendedor_A,PROD013,16,6.37,4.51
FAC-3798,2026-03-09,Vendedor_A,PROD017,5,35.03,26.94
FAC-3799,2026-03-09,Vendedor_A,PROD008,5,12.07,8.65
FAC-3800,2026-03-09,Vendedor_B,PROD013,6,5.98,4.51
FAC-3801,2026-03-09,Vendedor_A,PROD017,5,37.02,26.94
FAC-3802,2026-03-09,Vendedor_B,PROD008,4,11.92,8.65
FAC-3803,2026-03-09,Vendedor_A,PROD017,2,36.55,26.94
FAC-3804,2026-03-09,Vendedor_A,PROD001,5,19.6,15.07
FAC-3805,2026-03-09,Vendedor_B,PROD012,19,7.36,5.33
FAC-3806,2026-03-09,Vendedor_A,PROD017,2,37.54,26.94
FAC-3807,2026-03-09,Vendedor_A,PROD016,23,6.72,7.09
FAC-3808,2026-03-09,Vendedor_A,PROD020,13,68.6,51.93
FAC-3809,2026-03-09,Vendedor_B,PROD015,22,6.74,4.68
FAC-3810,2026-03-09,Vendedor_A,PROD013,6,6.47,4.51
FAC-3811,2026-03-09,Vendedor_A,PROD025,21,105.88,73.41
FAC-3812,2026-03-09,Vendedor_A,PROD013,2,6.02,4.51
FAC-3813,2026-03-09,Vendedor_B,PROD019,1,35.47,25.51
FAC-3814,2026-03-09,Vendedor_A,PROD007,5,25.9,26.17
FAC-3815,2026-03-09,Vendedor_A,PROD019,4,33.97,25.51
FAC-3816,2026-03-09,Vendedor_A,PROD012,6,7.06,5.33
FAC-3817,2026-03-09,Vendedor_A,PROD023,13,76.03,55.8
FAC-3818,2026-03-09,Vendedor_B,PROD008,3,11.37,8.65
FAC-3819,2026-03-09,Vendedor_C,PROD018,5,31.0,23.02
FAC-3820,2026-03-09,Vendedor_A,PROD001,2,19.6,15.07
FAC-3821,2026-03-09,Vendedor_C,PROD005,4,31.38,22.13
FAC-3822,2026-03-09,Vendedor_A,PROD008,3,12.0,8.65
FAC-3823,2026-03-09,Vendedor_A,PROD012,5,6.94,5.33
FAC-3824,2026-03-09,Vendedor_A,PROD008,1,11.88,8.65
FAC-3825,2026-03-09,Vendedor_A,PROD011,4,12.94,9.78
FAC-3826,2026-03-09,Vendedor_A,PROD016,11,6.72,7.09
FAC-3827,2026-03-09,Vendedor_A,PROD018,3,30.47,23.02
FAC-3828,2026-03-09,Vendedor_A,PROD021,12,60.77,44.66
FAC-3829,2026-03-09,Vendedor_A,PROD021,23,59.09,44.66
FAC-3830,2026-03-09,Vendedor_B,PROD004,2,17.19,12.7
FAC-3831,2026-03-09,Vendedor_A,PROD002,2,18.2,17.04
FAC-3832,2026-03-09,Vendedor_A,PROD017,2,37.88,26.94
FAC-3833,2026-03-09,Vendedor_A,PROD021,14,60.36,44.66
FAC-3834,2026-03-09,Vendedor_B,PROD012,23,6.94,5.33
FAC-3835,2026-03-10,Vendedor_B,PROD007,5,25.9,26.17
FAC-3836,2026-03-10,Vendedor_A,PROD015,8,6.66,4.68
FAC-3837,2026-03-10,Vendedor_A,PROD008,4,12.15,8.65
FAC-3838,2026-03-10,Vendedor_C,PROD023,18,73.41,55.8
FAC-3839,2026-03-10,Vendedor_C,PROD005,1,31.05,22.13
FAC-3840,2026-03-10,Vendedor_A,PROD024,16,68.7,51.71
FAC-3841,2026-03-10,Vendedor_B,PROD019,3,34.65,25.51
FAC-3842,2026-03-10,Vendedor_A,PROD003,1,19.12,13.46
FAC-3843,2026-03-10,Vendedor_A,PROD004,5,17.24,12.7
FAC-3844,2026-03-10,Vendedor_A,PROD002,3,18.2,17.04
FAC-3845,2026-03-10,Vendedor_A,PROD013,4,6.06,4.51
FAC-3846,2026-03-10,Vendedor_A,PROD006,2,27.02,20.74
FAC-3847,2026-03-10,Vendedor_B,PROD003,2,18.47,13.46
FAC-3848,2026-03-10,Vendedor_A,PROD002,2,18.2,17.04
FAC-3849,2026-03-10,Vendedor_C,PROD021,8,60.85,44.66
FAC-3850,2026-03-10,Vendedor_B,PROD021,13,61.62,44.66
FAC-3851,2026-03-10,Vendedor_B,PROD014,16,6.74,4.91
FAC-3852,2026-03-10,Vendedor_C,PROD010,3,8.91,6.21
FAC-3853,2026-03-10,Vendedor_A,PROD002,1,18.2,17.04
FAC-3854,2026-03-10,Vendedor_A,PROD010,1,8.88,6.21
FAC-3855,2026-03-10,Vendedor_A,PROD014,2,6.42,4.91
FAC-3856,2026-03-10,Vendedor_A,PROD022,14,67.37,47.53
FAC-3857,2026-03-10,Vendedor_A,PROD019,5,34.65,25.51
FAC-3858,2026-03-10,Vendedor_C,PROD004,3,17.61,12.7
FAC-3859,2026-03-10,Vendedor_A,PROD007,5,25.9,26.17
FAC-3860,2026-03-10,Vendedor_C,PROD017,4,35.32,26.94
FAC-3861,2026-03-10,Vendedor_A,PROD013,15,6.51,4.51
FAC-3862,2026-03-10,Vendedor_C,PROD015,18,6.35,4.68
FAC-3863,2026-03-10,Vendedor_A,PROD003,2,18.38,13.46
FAC-3864,2026-03-10,Vendedor_B,PROD014,9,6.7,4.91
FAC-3865,2026-03-10,Vendedor_B,PROD004,1,17.93,12.7
FAC-3866,2026-03-10,Vendedor_A,PROD007,4,25.9,26.17
FAC-3867,2026-03-10,Vendedor_A,PROD024,23,73.43,51.71
FAC-3868,2026-03-10,Vendedor_A,PROD016,18,6.72,7.09
FAC-3869,2026-03-10,Vendedor_B,PROD014,19,6.64,4.91
FAC-3870,2026-03-10,Vendedor_A,PROD022,9,67.92,47.53
FAC-3871,2026-03-11,Vendedor_A,PROD013,20,6.27,4.57
FAC-3872,2026-03-11,Vendedor_B,PROD004,4,16.65,12.7
FAC-3873,2026-03-11,Vendedor_B,PROD014,17,6.48,4.91
FAC-3874,2026-03-11,Vendedor_A,PROD005,4,32.61,24.35
FAC-3875,2026-03-11,Vendedor_B,PROD024,17,71.53,51.71
FAC-3876,2026-03-11,Vendedor_B,PROD004,4,16.77,12.7
FAC-3877,2026-03-11,Vendedor_B,PROD005,3,34.38,24.35
FAC-3878,2026-03-11,Vendedor_A,PROD005,4,33.93,24.35
FAC-3879,2026-03-11,Vendedor_B,PROD012,17,7.61,5.33
FAC-3880,2026-03-11,Vendedor_B,PROD010,5,8.59,6.35
FAC-3881,2026-03-11,Vendedor_A,PROD009,4,10.24,7.11
FAC-3882,2026-03-11,Vendedor_A,PROD002,4,18.2,17.04
FAC-3883,2026-03-11,Vendedor_A,PROD003,2,17.95,13.46
FAC-3884,2026-03-11,Vendedor_A,PROD001,1,19.6,15.07
FAC-3885,2026-03-11,Vendedor_A,PROD025,10,105.78,73.41
FAC-3886,2026-03-11,Vendedor_B,PROD012,12,7.45,5.33
FAC-3887,2026-03-11,Vendedor_A,PROD011,5,13.92,9.78
FAC-3888,2026-03-11,Vendedor_A,PROD020,9,68.6,51.93
FAC-3889,2026-03-11,Vendedor_A,PROD018,5,33.31,23.4
FAC-3890,2026-03-11,Vendedor_A,PROD024,9,73.38,51.71
FAC-3891,2026-03-11,Vendedor_A,PROD014,5,7.12,4.91
FAC-3892,2026-03-11,Vendedor_A,PROD017,4,40.18,27.98
FAC-3893,2026-03-11,Vendedor_A,PROD013,10,5.98,4.57
FAC-3894,2026-03-11,Vendedor_A,PROD004,1,17.74,12.7
FAC-3895,2026-03-11,Vendedor_B,PROD017,2,36.7,27.98
FAC-3896,2026-03-11,Vendedor_B,PROD013,2,6.28,4.57
FAC-3897,2026-03-11,Vendedor_A,PROD025,2,99.04,73.41
FAC-3898,2026-03-11,Vendedor_C,PROD014,19,6.95,4.91
FAC-3899,2026-03-11,Vendedor_A,PROD014,4,6.61,4.91
FAC-3900,2026-03-11,Vendedor_B,PROD023,19,74.69,55.8
FAC-3901,2026-03-11,Vendedor_B,PROD011,2,13.09,9.78
FAC-3902,2026-03-11,Vendedor_A,PROD008,5,11.35,8.65
FAC-3903,2026-03-11,Vendedor_A,PROD023,5,78.94,55.8
FAC-3904,2026-03-11,Vendedor_B,PROD010,2,8.59,6.35
FAC-3905,2026-03-11,Vendedor_A,PROD021,20,62.6,44.66
FAC-3906,2026-03-11,Vendedor_C,PROD020,13,68.6,51.93
FAC-3907,2026-03-11,Vendedor_B,PROD025,16,103.92,73.41
FAC-3908,2026-03-11,Vendedor_B,PROD007,5,25.9,26.17
FAC-3909,2026-03-11,Vendedor_A,PROD010,5,9.13,6.35
FAC-3910,2026-03-11,Vendedor_B,PROD001,1,19.6,15.07
FAC-3911,2026-03-11,Vendedor_C,PROD022,16,62.63,47.53
FAC-3912,2026-03-11,Vendedor_B,PROD014,13,6.6,4.91
FAC-3913,2026-03-11,Vendedor_C,PROD001,3,19.6,15.07
FAC-3914,2026-03-11,Vendedor_B,PROD025,23,100.98,73.41
FAC-3915,2026-03-12,Vendedor_C,PROD021,16,62.99,44.66
FAC-3916,2026-03-12,Vendedor_A,PROD006,5,29.67,20.74
FAC-3917,2026-03-12,Vendedor_C,PROD023,2,73.84,55.8
FAC-3918,2026-03-12,Vendedor_C,PROD009,1,9.95,7.11
FAC-3919,2026-03-12,Vendedor_A,PROD005,5,33.22,24.35
FAC-3920,2026-03-12,Vendedor_A,PROD013,19,6.06,4.57
FAC-3921,2026-03-12,Vendedor_A,PROD025,3,98.33,73.41
FAC-3922,2026-03-12,Vendedor_A,PROD013,12,6.28,4.57
FAC-3923,2026-03-12,Vendedor_B,PROD001,1,19.6,15.07
FAC-3924,2026-03-12,Vendedor_A,PROD008,5,11.98,8.65
FAC-3925,2026-03-12,Vendedor_A,PROD016,17,6.72,7.09
FAC-3926,2026-03-12,Vendedor_C,PROD013,17,6.55,4.57
FAC-3927,2026-03-12,Vendedor_A,PROD023,19,74.34,55.8
FAC-3928,2026-03-12,Vendedor_A,PROD018,2,32.98,23.4
FAC-3929,2026-03-12,Vendedor_C,PROD009,5,9.48,7.11
FAC-3930,2026-03-12,Vendedor_A,PROD004,4,17.3,12.7
FAC-3931,2026-03-12,Vendedor_A,PROD021,4,64.29,44.66
FAC-3932,2026-03-12,Vendedor_A,PROD025,21,95.44,73.41
FAC-3933,2026-03-12,Vendedor_A,PROD024,9,67.37,51.71
FAC-3934,2026-03-12,Vendedor_A,PROD019,4,34.97,25.51
FAC-3935,2026-03-12,Vendedor_C,PROD017,5,37.91,27.98
FAC-3936,2026-03-12,Vendedor_B,PROD021,4,58.2,44.66
FAC-3937,2026-03-12,Vendedor_A,PROD016,16,6.72,7.09
FAC-3938,2026-03-12,Vendedor_C,PROD001,4,13.56,15.07
FAC-3939,2026-03-12,Vendedor_A,PROD001,2,19.6,15.07
FAC-3940,2026-03-12,Vendedor_A,PROD023,14,80.51,55.8
FAC-3941,2026-03-12,Vendedor_C,PROD016,14,6.72,7.09
FAC-3942,2026-03-12,Vendedor_A,PROD014,21,7.07,4.91
FAC-3943,2026-03-12,Vendedor_A,PROD013,22,6.14,4.57
FAC-3944,2026-03-12,Vendedor_B,PROD004,2,17.02,12.7
FAC-3945,2026-03-12,Vendedor_B,PROD025,16,101.08,73.41
FAC-3946,2026-03-12,Vendedor_B,PROD020,21,68.6,51.93
FAC-3947,2026-03-12,Vendedor_B,PROD011,5,13.8,9.78
FAC-3948,2026-03-12,Vendedor_B,PROD009,1,9.49,7.11
FAC-3949,2026-03-12,Vendedor_A,PROD006,4,29.63,20.74
FAC-3950,2026-03-12,Vendedor_A,PROD021,15,62.85,44.66
FAC-3951,2026-03-12,Vendedor_B,PROD005,3,32.89,24.35
FAC-3952,2026-03-12,Vendedor_C,PROD002,1,18.2,17.04
FAC-3953,2026-03-12,Vendedor_A,PROD005,2,34.73,24.35
FAC-3954,2026-03-12,Vendedor_B,PROD021,20,60.69,44.66
FAC-3955,2026-03-12,Vendedor_B,PROD004,1,17.61,12.7
FAC-3956,2026-03-12,Vendedor_A,PROD019,1,35.49,25.51
FAC-3957,2026-03-12,Vendedor_A,PROD003,5,18.15,13.46
FAC-3958,2026-03-12,Vendedor_C,PROD006,1,27.35,20.74
FAC-3959,2026-03-13,Vendedor_A,PROD025,5,99.81,73.41
FAC-3960,2026-03-13,Vendedor_B,PROD018,3,31.04,23.4
FAC-3961,2026-03-13,Vendedor_A,PROD019,1,36.48,25.51
FAC-3962,2026-03-13,Vendedor_B,PROD019,3,36.08,25.51
FAC-3963,2026-03-13,Vendedor_C,PROD022,3,66.99,47.53
FAC-3964,2026-03-13,Vendedor_A,PROD011,5,13.63,9.78
FAC-3965,2026-03-13,Vendedor_B,PROD021,9,64.53,44.66
FAC-3966,2026-03-13,Vendedor_C,PROD007,2,25.9,26.17
FAC-3967,2026-03-13,Vendedor_C,PROD016,13,6.72,7.09
FAC-3968,2026-03-13,Vendedor_B,PROD022,3,63.72,47.53
FAC-3969,2026-03-13,Vendedor_C,PROD013,20,6.58,4.57
FAC-3970,2026-03-13,Vendedor_B,PROD011,5,13.17,9.78
FAC-3971,2026-03-13,Vendedor_C,PROD008,1,11.92,8.65
FAC-3972,2026-03-13,Vendedor_B,PROD003,3,18.1,13.46
FAC-3973,2026-03-13,Vendedor_A,PROD014,20,6.55,4.91
FAC-3974,2026-03-13,Vendedor_C,PROD004,3,18.21,12.7
FAC-3975,2026-03-13,Vendedor_B,PROD005,4,33.36,24.35
FAC-3976,2026-03-13,Vendedor_A,PROD002,2,18.2,17.04
FAC-3977,2026-03-13,Vendedor_A,PROD019,4,34.37,25.51
FAC-3978,2026-03-13,Vendedor_A,PROD023,16,77.42,55.8
FAC-3979,2026-03-13,Vendedor_B,PROD013,14,6.39,4.57
FAC-3980,2026-03-13,Vendedor_B,PROD020,16,68.6,51.93
FAC-3981,2026-03-13,Vendedor_C,PROD023,23,80.38,55.8
FAC-3982,2026-03-13,Vendedor_C,PROD006,4,27.91,20.74
FAC-3983,2026-03-13,Vendedor_A,PROD002,3,18.2,17.04
FAC-3984,2026-03-13,Vendedor_B,PROD015,16,6.77,4.68
FAC-3985,2026-03-13,Vendedor_A,PROD024,15,71.08,51.71
FAC-3986,2026-03-13,Vendedor_A,PROD006,3,29.19,20.74
FAC-3987,2026-03-13,Vendedor_A,PROD017,4,39.1,27.98
FAC-3988,2026-03-13,Vendedor_C,PROD012,2,7.61,5.33
FAC-3989,2026-03-13,Vendedor_A,PROD010,4,8.51,6.35
FAC-3990,2026-03-13,Vendedor_B,PROD017,5,38.61,27.98
FAC-3991,2026-03-13,Vendedor_B,PROD023,23,75.37,55.8
FAC-3992,2026-03-13,Vendedor_B,PROD015,4,6.27,4.68
FAC-3993,2026-03-13,Vendedor_A,PROD002,1,18.2,17.04
FAC-3994,2026-03-13,Vendedor_B,PROD013,15,5.97,4.57
FAC-3995,2026-03-14,Vendedor_B,PROD007,3,25.9,26.17
FAC-3996,2026-03-14,Vendedor_A,PROD021,2,63.11,44.66
FAC-3997,2026-03-14,Vendedor_C,PROD016,12,6.72,7.09
FAC-3998,2026-03-14,Vendedor_A,PROD015,15,6.66,4.68
FAC-3999,2026-03-14,Vendedor_B,PROD024,8,71.88,51.71
FAC-4000,2026-03-14,Vendedor_B,PROD018,4,31.24,23.4
FAC-4001,2026-03-14,Vendedor_A,PROD009,4,9.29,7.11
FAC-4002,2026-03-14,Vendedor_B,PROD014,14,6.8,4.91
FAC-4003,2026-03-14,Vendedor_C,PROD022,14,68.31,47.53
FAC-4004,2026-03-14,Vendedor_B,PROD020,19,68.6,51.93
FAC-4005,2026-03-14,Vendedor_A,PROD024,19,73.88,51.71
FAC-4006,2026-03-14,Vendedor_A,PROD007,4,25.9,26.17
FAC-4007,2026-03-14,Vendedor_A,PROD024,23,73.39,51.71
FAC-4008,2026-03-14,Vendedor_A,PROD016,10,6.72,7.09
FAC-4009,2026-03-14,Vendedor_C,PROD025,20,66.07,73.41
FAC-4010,2026-03-14,Vendedor_B,PROD016,18,6.72,7.09
FAC-4011,2026-03-14,Vendedor_A,PROD020,3,68.6,51.93
FAC-4012,2026-03-14,Vendedor_B,PROD008,3,11.84,8.65
FAC-4013,2026-03-14,Vendedor_A,PROD009,3,9.79,7.11
FAC-4014,2026-03-14,Vendedor_B,PROD021,12,61.69,44.66
FAC-4015,2026-03-14,Vendedor_A,PROD008,2,11.82,8.65
FAC-4016,2026-03-14,Vendedor_C,PROD012,8,7.13,5.33
FAC-4017,2026-03-14,Vendedor_A,PROD004,1,16.79,12.7
FAC-4018,2026-03-14,Vendedor_A,PROD009,1,9.44,7.11
FAC-4019,2026-03-14,Vendedor_A,PROD004,5,17.81,12.7
FAC-4020,2026-03-14,Vendedor_C,PROD011,3,13.8,9.78
FAC-4021,2026-03-14,Vendedor_B,PROD019,3,34.1,25.51
FAC-4022,2026-03-14,Vendedor_C,PROD003,5,17.93,13.46
FAC-4023,2026-03-14,Vendedor_A,PROD020,12,68.6,51.93
FAC-4024,2026-03-14,Vendedor_A,PROD016,22,6.72,7.09
FAC-4025,2026-03-14,Vendedor_C,PROD020,7,68.6,51.93
FAC-4026,2026-03-14,Vendedor_B,PROD015,14,6.17,4.68
FAC-4027,2026-03-14,Vendedor_B,PROD023,21,78.4,55.8
FAC-4028,2026-03-14,Vendedor_B,PROD001,2,19.6,15.07
FAC-4029,2026-03-14,Vendedor_C,PROD003,5,17.98,13.46
FAC-4030,2026-03-14,Vendedor_B,PROD002,3,18.2,17.04
FAC-4031,2026-03-15,Vendedor_A,PROD013,22,6.23,4.57
FAC-4032,2026-03-15,Vendedor_B,PROD005,3,33.81,24.35
FAC-4033,2026-03-15,Vendedor_A,PROD006,5,29.98,20.74
FAC-4034,2026-03-15,Vendedor_A,PROD018,4,31.89,23.4
FAC-4035,2026-03-15,Vendedor_A,PROD010,4,8.46,6.35
FAC-4036,2026-03-15,Vendedor_C,PROD019,4,34.18,25.51
FAC-4037,2026-03-15,Vendedor_C,PROD010,2,9.0,6.35
FAC-4038,2026-03-15,Vendedor_C,PROD018,4,31.55,23.4
FAC-4039,2026-03-15,Vendedor_B,PROD010,3,9.13,6.35
FAC-4040,2026-03-15,Vendedor_B,PROD023,8,73.24,55.8
FAC-4041,2026-03-15,Vendedor_B,PROD016,2,6.72,7.09
FAC-4042,2026-03-15,Vendedor_A,PROD011,5,13.92,9.78
FAC-4043,2026-03-15,Vendedor_A,PROD009,4,9.3,7.11
FAC-4044,2026-03-15,Vendedor_B,PROD010,1,9.0,6.35
FAC-4045,2026-03-15,Vendedor_A,PROD020,22,68.6,51.93
FAC-4046,2026-03-15,Vendedor_C,PROD001,2,13.56,15.07
FAC-4047,2026-03-15,Vendedor_B,PROD015,14,6.4,4.68
FAC-4048,2026-03-15,Vendedor_A,PROD001,5,19.6,15.07
FAC-4049,2026-03-15,Vendedor_B,PROD006,3,27.27,20.74
FAC-4050,2026-03-15,Vendedor_B,PROD006,2,29.71,20.74
FAC-4051,2026-03-15,Vendedor_C,PROD021,23,64.61,44.66
FAC-4052,2026-03-15,Vendedor_C,PROD006,3,29.59,20.74
FAC-4053,2026-03-15,Vendedor_B,PROD006,1,27.2,20.74
FAC-4054,2026-03-15,Vendedor_A,PROD018,5,30.58,23.4
FAC-4055,2026-03-15,Vendedor_A,PROD012,22,7.71,5.33
FAC-4056,2026-03-15,Vendedor_A,PROD016,9,6.72,7.09
FAC-4057,2026-03-15,Vendedor_B,PROD011,5,13.34,9.78
FAC-4058,2026-03-15,Vendedor_A,PROD001,5,19.6,15.07
FAC-4059,2026-03-15,Vendedor_A,PROD017,2,37.44,27.98
FAC-4060,2026-03-15,Vendedor_A,PROD007,1,25.9,26.17
FAC-4061,2026-03-15,Vendedor_C,PROD025,14,66.07,73.41
FAC-4062,2026-03-15,Vendedor_A,PROD024,13,69.81,51.71
FAC-4063,2026-03-15,Vendedor_C,PROD015,13,6.73,4.68
FAC-4064,2026-03-15,Vendedor_A,PROD020,7,68.6,51.93
FAC-4065,2026-03-15,Vendedor_B,PROD009,1,9.39,7.11
FAC-4066,2026-03-15,Vendedor_C,PROD002,2,18.2,17.04
FAC-4067,2026-03-16,Vendedor_B,PROD014,2,6.75,4.91
FAC-4068,2026-03-16,Vendedor_B,PROD023,4,74.92,55.8
FAC-4069,2026-03-16,Vendedor_A,PROD005,4,34.53,24.35
FAC-4070,2026-03-16,Vendedor_C,PROD007,3,25.9,26.17
FAC-4071,2026-03-16,Vendedor_B,PROD007,1,25.9,26.17
FAC-4072,2026-03-16,Vendedor_A,PROD001,2,19.6,15.07
FAC-4073,2026-03-16,Vendedor_A,PROD025,17,99.24,73.41
FAC-4074,2026-03-16,Vendedor_C,PROD021,10,60.5,44.66
FAC-4075,2026-03-16,Vendedor_B,PROD015,4,6.18,4.68
FAC-4076,2026-03-16,Vendedor_A,PROD014,20,6.42,4.91
FAC-4077,2026-03-16,Vendedor_C,PROD012,11,6.97,5.33
FAC-4078,2026-03-16,Vendedor_A,PROD016,12,6.72,7.09
FAC-4079,2026-03-16,Vendedor_C,PROD021,22,58.19,44.66
FAC-4080,2026-03-16,Vendedor_B,PROD021,6,60.13,44.66
FAC-4081,2026-03-16,Vendedor_B,PROD007,2,25.9,26.17
FAC-4082,2026-03-16,Vendedor_A,PROD021,11,61.71,44.66
FAC-4083,2026-03-16,Vendedor_B,PROD019,1,35.1,25.51
FAC-4084,2026-03-16,Vendedor_A,PROD006,3,27.83,20.74
FAC-4085,2026-03-16,Vendedor_A,PROD017,4,40.46,27.98
FAC-4086,2026-03-16,Vendedor_A,PROD022,10,62.09,47.53
FAC-4087,2026-03-16,Vendedor_C,PROD015,2,6.48,4.68
FAC-4088,2026-03-16,Vendedor_A,PROD020,5,68.6,51.93
FAC-4089,2026-03-16,Vendedor_A,PROD004,4,17.57,12.7
FAC-4090,2026-03-16,Vendedor_A,PROD006,4,27.55,20.74
FAC-4091,2026-03-16,Vendedor_B,PROD010,5,8.57,6.35
FAC-4092,2026-03-16,Vendedor_B,PROD020,8,68.6,51.93
FAC-4093,2026-03-16,Vendedor_A,PROD018,3,31.74,23.4
FAC-4094,2026-03-16,Vendedor_B,PROD013,3,6.63,4.57
FAC-4095,2026-03-16,Vendedor_A,PROD022,8,64.38,47.53
FAC-4096,2026-03-16,Vendedor_C,PROD011,2,12.93,9.78
FAC-4097,2026-03-16,Vendedor_A,PROD006,3,28.9,20.74
FAC-4098,2026-03-16,Vendedor_A,PROD007,1,25.9,26.17
FAC-4099,2026-03-16,Vendedor_B,PROD015,20,6.78,4.68
FAC-4100,2026-03-16,Vendedor_A,PROD013,11,6.54,4.57
FAC-4101,2026-03-16,Vendedor_A,PROD002,5,18.2,17.04
FAC-4102,2026-03-16,Vendedor_B,PROD006,5,27.02,20.74
FAC-4103,2026-03-16,Vendedor_C,PROD005,3,33.57,24.35
FAC-4104,2026-03-16,Vendedor_A,PROD023,8,80.43,55.8
FAC-4105,2026-03-16,Vendedor_B,PROD019,1,35.17,25.51
FAC-4106,2026-03-16,Vendedor_A,PROD019,2,33.96,25.51
FAC-4107,2026-03-16,Vendedor_A,PROD017,4,37.75,27.98
FAC-4108,2026-03-16,Vendedor_B,PROD025,12,98.2,73.41
FAC-4109,2026-03-17,Vendedor_A,PROD017,2,39.94,27.98
FAC-4110,2026-03-17,Vendedor_A,PROD012,11,7.43,5.33
FAC-4111,2026-03-17,Vendedor_A,PROD019,5,33.2,25.51
FAC-4112,2026-03-17,Vendedor_A,PROD003,2,18.73,13.46
FAC-4113,2026-03-17,Vendedor_B,PROD013,18,6.26,4.57
FAC-4114,2026-03-17,Vendedor_B,PROD004,4,16.56,12.7
FAC-4115,2026-03-17,Vendedor_A,PROD009,5,9.7,7.11
FAC-4116,2026-03-17,Vendedor_A,PROD016,18,6.72,7.09
FAC-4117,2026-03-17,Vendedor_B,PROD013,2,6.24,4.57
FAC-4118,2026-03-17,Vendedor_B,PROD005,4,33.92,24.35
FAC-4119,2026-03-17,Vendedor_B,PROD013,7,6.42,4.57
FAC-4120,2026-03-17,Vendedor_A,PROD006,2,27.24,20.74
FAC-4121,2026-03-17,Vendedor_A,PROD003,5,18.67,13.46
FAC-4122,2026-03-17,Vendedor_B,PROD021,9,58.35,44.66
FAC-4123,2026-03-17,Vendedor_A,PROD015,7,6.36,4.68
FAC-4124,2026-03-17,Vendedor_A,PROD021,6,60.27,44.66
FAC-4125,2026-03-17,Vendedor_A,PROD006,1,29.53,20.74
FAC-4126,2026-03-17,Vendedor_A,PROD020,4,68.6,51.93
FAC-4127,2026-03-17,Vendedor_A,PROD021,14,63.86,44.66
FAC-4128,2026-03-17,Vendedor_A,PROD023,8,76.18,55.8
FAC-4129,2026-03-17,Vendedor_A,PROD004,2,17.48,12.7
FAC-4130,2026-03-17,Vendedor_A,PROD001,2,19.6,15.07
FAC-4131,2026-03-17,Vendedor_A,PROD020,7,68.6,51.93
FAC-4132,2026-03-17,Vendedor_B,PROD022,10,62.12,47.53
FAC-4133,2026-03-17,Vendedor_A,PROD015,3,6.36,4.68
FAC-4134,2026-03-17,Vendedor_A,PROD014,5,6.72,4.91
FAC-4135,2026-03-17,Vendedor_A,PROD021,15,59.88,44.66
FAC-4136,2026-03-17,Vendedor_C,PROD012,2,7.03,5.33
FAC-4137,2026-03-17,Vendedor_A,PROD012,18,7.72,5.33
FAC-4138,2026-03-17,Vendedor_B,PROD020,11,68.6,51.93
FAC-4139,2026-03-17,Vendedor_C,PROD012,16,6.99,5.33
FAC-4140,2026-03-17,Vendedor_A,PROD007,4,25.9,26.17
FAC-4141,2026-03-17,Vendedor_B,PROD019,1,35.43,25.51
FAC-4142,2026-03-17,Vendedor_A,PROD006,4,27.02,20.74
FAC-4143,2026-03-17,Vendedor_A,PROD004,5,16.68,12.7
FAC-4144,2026-03-17,Vendedor_B,PROD010,5,8.45,6.35
FAC-4145,2026-03-17,Vendedor_A,PROD018,5,31.84,23.4
FAC-4146,2026-03-17,Vendedor_A,PROD014,16,6.4,4.91
FAC-4147,2026-03-17,Vendedor_A,PROD019,3,33.7,25.51
FAC-4148,2026-03-18,Vendedor_A,PROD020,5,68.6,51.93
FAC-4149,2026-03-18,Vendedor_A,PROD020,4,68.6,51.93
FAC-4150,2026-03-18,Vendedor_A,PROD004,4,16.52,12.7
FAC-4151,2026-03-18,Vendedor_A,PROD015,23,6.36,4.68
FAC-4152,2026-03-18,Vendedor_A,PROD022,15,62.19,47.53
FAC-4153,2026-03-18,Vendedor_A,PROD015,6,6.61,4.68
FAC-4154,2026-03-18,Vendedor_A,PROD002,4,18.2,17.04
FAC-4155,2026-03-18,Vendedor_B,PROD025,10,100.32,73.41
FAC-4156,2026-03-18,Vendedor_B,PROD004,5,17.02,12.7
FAC-4157,2026-03-18,Vendedor_A,PROD001,2,19.6,15.07
FAC-4158,2026-03-18,Vendedor_C,PROD022,20,62.32,47.53
FAC-4159,2026-03-18,Vendedor_B,PROD025,3,106.36,73.41
FAC-4160,2026-03-18,Vendedor_C,PROD007,1,25.9,26.17
FAC-4161,2026-03-18,Vendedor_A,PROD007,4,25.9,26.17
FAC-4162,2026-03-18,Vendedor_B,PROD020,15,68.6,51.93
FAC-4163,2026-03-18,Vendedor_B,PROD010,5,8.95,6.35
FAC-4164,2026-03-18,Vendedor_A,PROD009,1,9.94,7.11
FAC-4165,2026-03-18,Vendedor_C,PROD022,18,62.5,47.53
FAC-4166,2026-03-18,Vendedor_A,PROD020,9,68.6,51.93
FAC-4167,2026-03-18,Vendedor_A,PROD007,4,25.9,26.17
FAC-4168,2026-03-18,Vendedor_A,PROD012,10,7.08,5.33
FAC-4169,2026-03-18,Vendedor_B,PROD013,18,6.11,4.57
FAC-4170,2026-03-18,Vendedor_A,PROD016,9,6.72,7.09
FAC-4171,2026-03-18,Vendedor_A,PROD017,4,39.93,27.98
FAC-4172,2026-03-18,Vendedor_A,PROD022,15,62.06,47.53
FAC-4173,2026-03-18,Vendedor_C,PROD016,22,6.72,7.09
FAC-4174,2026-03-18,Vendedor_A,PROD024,15,74.73,51.71
FAC-4175,2026-03-18,Vendedor_A,PROD025,4,96.9,73.41
FAC-4176,2026-03-18,Vendedor_A,PROD001,5,19.6,15.07
FAC-4177,2026-03-18,Vendedor_B,PROD019,1,35.56,25.51
FAC-4178,2026-03-18,Vendedor_A,PROD016,16,6.72,7.09
FAC-4179,2026-03-18,Vendedor_A,PROD007,2,25.9,26.17
FAC-4180,2026-03-18,Vendedor_A,PROD018,1,33.57,23.4
FAC-4181,2026-03-18,Vendedor_A,PROD004,2,17.61,12.7
FAC-4182,2026-03-18,Vendedor_A,PROD014,21,6.63,4.91
FAC-4183,2026-03-18,Vendedor_C,PROD010,5,8.51,6.35
FAC-4184,2026-03-18,Vendedor_C,PROD008,1,11.93,8.65
FAC-4185,2026-03-18,Vendedor_C,PROD016,12,6.72,7.09
FAC-4186,2026-03-18,Vendedor_A,PROD018,3,31.7,23.4
FAC-4187,2026-03-18,Vendedor_A,PROD020,6,68.6,51.93
FAC-4188,2026-03-18,Vendedor_B,PROD013,11,6.05,4.57
FAC-4189,2026-03-18,Vendedor_B,PROD008,4,11.35,8.65
FAC-4190,2026-03-18,Vendedor_A,PROD007,5,25.9,26.17
FAC-4191,2026-03-18,Vendedor_B,PROD025,11,98.31,73.41
FAC-4192,2026-03-18,Vendedor_A,PROD010,1,8.95,6.35
FAC-4193,2026-03-18,Vendedor_A,PROD021,22,59.96,44.66
FAC-4194,2026-03-19,Vendedor_A,PROD014,9,6.42,4.91
FAC-4195,2026-03-19,Vendedor_A,PROD013,18,6.11,4.57
FAC-4196,2026-03-19,Vendedor_A,PROD001,2,19.6,15.07
FAC-4197,2026-03-19,Vendedor_B,PROD002,1,18.2,17.04
FAC-4198,2026-03-19,Vendedor_B,PROD016,6,6.72,7.09
FAC-4199,2026-03-19,Vendedor_A,PROD012,16,7.64,5.33
FAC-4200,2026-03-19,Vendedor_A,PROD015,13,6.65,4.68
FAC-4201,2026-03-19,Vendedor_A,PROD010,5,8.73,6.35
FAC-4202,2026-03-19,Vendedor_A,PROD003,2,18.14,13.46
FAC-4203,2026-03-19,Vendedor_C,PROD014,11,6.55,4.91
FAC-4204,2026-03-19,Vendedor_A,PROD022,6,65.42,47.53
FAC-4205,2026-03-19,Vendedor_A,PROD008,1,11.41,8.65
FAC-4206,2026-03-19,Vendedor_B,PROD022,18,64.28,47.53
FAC-4207,2026-03-19,Vendedor_C,PROD022,17,64.29,47.53
FAC-4208,2026-03-19,Vendedor_C,PROD011,2,14.1,9.78
FAC-4209,2026-03-19,Vendedor_A,PROD012,4,7.06,5.33
FAC-4210,2026-03-19,Vendedor_B,PROD002,3,18.2,17.04
FAC-4211,2026-03-19,Vendedor_C,PROD025,12,66.07,73.41
FAC-4212,2026-03-19,Vendedor_B,PROD003,4,17.81,13.46
FAC-4213,2026-03-19,Vendedor_A,PROD010,4,8.73,6.35
FAC-4214,2026-03-19,Vendedor_A,PROD020,17,68.6,51.93
FAC-4215,2026-03-19,Vendedor_A,PROD006,5,28.54,20.74
FAC-4216,2026-03-19,Vendedor_C,PROD009,5,9.36,7.11
FAC-4217,2026-03-19,Vendedor_A,PROD015,15,6.34,4.68
FAC-4218,2026-03-19,Vendedor_C,PROD016,16,6.72,7.09
FAC-4219,2026-03-19,Vendedor_C,PROD007,5,25.9,26.17
FAC-4220,2026-03-19,Vendedor_C,PROD015,2,6.42,4.68
FAC-4221,2026-03-19,Vendedor_A,PROD017,4,37.6,27.98
FAC-4222,2026-03-19,Vendedor_B,PROD016,19,6.72,7.09
FAC-4223,2026-03-19,Vendedor_A,PROD018,2,33.71,23.4
FAC-4224,2026-03-19,Vendedor_A,PROD009,5,10.16,7.11
FAC-4225,2026-03-19,Vendedor_B,PROD011,4,12.87,9.78
FAC-4226,2026-03-19,Vendedor_A,PROD015,18,6.47,4.68
FAC-4227,2026-03-19,Vendedor_B,PROD012,19,7.02,5.33
FAC-4228,2026-03-19,Vendedor_B,PROD019,2,33.95,25.51
FAC-4229,2026-03-20,Vendedor_B,PROD018,4,32.6,23.4
FAC-4230,2026-03-20,Vendedor_C,PROD002,5,18.2,17.04
FAC-4231,2026-03-20,Vendedor_B,PROD003,4,18.41,13.46
FAC-4232,2026-03-20,Vendedor_A,PROD013,21,6.2,4.57
FAC-4233,2026-03-20,Vendedor_B,PROD006,4,28.83,20.74
FAC-4234,2026-03-20,Vendedor_A,PROD019,2,33.38,25.51
FAC-4235,2026-03-20,Vendedor_C,PROD013,3,6.0,4.57
FAC-4236,2026-03-20,Vendedor_B,PROD019,1,34.54,25.51
FAC-4237,2026-03-20,Vendedor_A,PROD009,3,9.31,7.11
FAC-4238,2026-03-20,Vendedor_A,PROD007,1,25.9,26.17
FAC-4239,2026-03-20,Vendedor_B,PROD010,4,9.01,6.35
FAC-4240,2026-03-20,Vendedor_B,PROD005,5,32.24,24.35
FAC-4241,2026-03-20,Vendedor_A,PROD005,5,32.22,24.35
FAC-4242,2026-03-20,Vendedor_A,PROD014,19,6.98,4.91
FAC-4243,2026-03-20,Vendedor_A,PROD019,4,33.46,25.51
FAC-4244,2026-03-20,Vendedor_A,PROD018,2,32.68,23.4
FAC-4245,2026-03-20,Vendedor_A,PROD018,4,30.46,23.4
FAC-4246,2026-03-20,Vendedor_C,PROD017,1,36.82,27.98
FAC-4247,2026-03-20,Vendedor_A,PROD006,4,27.68,20.74
FAC-4248,2026-03-20,Vendedor_B,PROD023,8,75.02,55.8
FAC-4249,2026-03-20,Vendedor_C,PROD002,4,18.2,17.04
FAC-4250,2026-03-20,Vendedor_A,PROD016,14,6.72,7.09
FAC-4251,2026-03-20,Vendedor_A,PROD010,2,8.49,6.35
FAC-4252,2026-03-20,Vendedor_B,PROD011,2,13.21,9.78
FAC-4253,2026-03-20,Vendedor_C,PROD003,4,19.33,13.46
FAC-4254,2026-03-20,Vendedor_A,PROD025,20,97.49,73.41
FAC-4255,2026-03-20,Vendedor_A,PROD001,2,19.6,15.07
FAC-4256,2026-03-20,Vendedor_C,PROD010,2,8.79,6.35
FAC-4257,2026-03-20,Vendedor_A,PROD013,12,6.3,4.57
FAC-4258,2026-03-20,Vendedor_B,PROD018,2,32.44,23.4
FAC-4259,2026-03-20,Vendedor_C,PROD022,20,64.57,47.53
FAC-4260,2026-03-20,Vendedor_B,PROD017,2,39.18,27.98
FAC-4261,2026-03-20,Vendedor_A,PROD014,15,7.03,4.91
FAC-4262,2026-03-20,Vendedor_B,PROD004,4,17.83,12.7
FAC-4263,2026-03-20,Vendedor_A,PROD008,2,12.42,8.65
FAC-4264,2026-03-20,Vendedor_C,PROD025,9,98.23,73.41
FAC-4265,2026-03-20,Vendedor_B,PROD009,3,9.43,7.11
FAC-4266,2026-03-20,Vendedor_C,PROD015,20,6.45,4.68
FAC-4267,2026-03-20,Vendedor_B,PROD025,12,96.95,73.41
FAC-4268,2026-03-20,Vendedor_C,PROD015,4,6.18,4.68
FAC-4269,2026-03-20,Vendedor_B,PROD018,5,31.67,23.4
FAC-4270,2026-03-20,Vendedor_A,PROD022,11,68.64,47.53
FAC-4271,2026-03-20,Vendedor_B,PROD021,11,64.25,44.66
FAC-4272,2026-03-20,Vendedor_B,PROD013,5,6.59,4.57
FAC-4273,2026-03-21,Vendedor_A,PROD017,2,38.41,27.98
FAC-4274,2026-03-21,Vendedor_A,PROD004,3,16.79,12.7
FAC-4275,2026-03-21,Vendedor_A,PROD012,14,7.15,5.33
FAC-4276,2026-03-21,Vendedor_A,PROD012,15,7.0,5.33
FAC-4277,2026-03-21,Vendedor_B,PROD022,13,66.28,47.53
FAC-4278,2026-03-21,Vendedor_B,PROD006,5,28.75,20.74
FAC-4279,2026-03-21,Vendedor_A,PROD024,13,74.53,51.71
FAC-4280,2026-03-21,Vendedor_A,PROD005,1,33.07,24.35
FAC-4281,2026-03-21,Vendedor_B,PROD018,5,33.05,23.4
FAC-4282,2026-03-21,Vendedor_B,PROD018,4,30.88,23.4
FAC-4283,2026-03-21,Vendedor_C,PROD001,1,19.6,15.07
FAC-4284,2026-03-21,Vendedor_A,PROD007,5,25.9,26.17
FAC-4285,2026-03-21,Vendedor_B,PROD022,19,62.14,47.53
FAC-4286,2026-03-21,Vendedor_A,PROD025,3,96.33,73.41
FAC-4287,2026-03-21,Vendedor_C,PROD017,3,37.5,27.98
FAC-4288,2026-03-21,Vendedor_A,PROD002,4,18.2,17.04
FAC-4289,2026-03-21,Vendedor_A,PROD002,1,18.2,17.04
FAC-4290,2026-03-21,Vendedor_A,PROD007,3,25.9,26.17
FAC-4291,2026-03-21,Vendedor_A,PROD012,10,7.05,5.33
FAC-4292,2026-03-21,Vendedor_A,PROD013,9,6.43,4.57
FAC-4293,2026-03-21,Vendedor_A,PROD003,1,18.63,13.46
FAC-4294,2026-03-21,Vendedor_B,PROD013,15,6.45,4.57
FAC-4295,2026-03-21,Vendedor_B,PROD014,21,6.54,4.91
FAC-4296,2026-03-21,Vendedor_B,PROD014,5,6.99,4.91
FAC-4297,2026-03-21,Vendedor_A,PROD014,7,6.44,4.91
FAC-4298,2026-03-21,Vendedor_B,PROD003,3,17.71,13.46
FAC-4299,2026-03-21,Vendedor_B,PROD010,3,9.11,6.35
FAC-4300,2026-03-21,Vendedor_C,PROD010,4,9.07,6.35
FAC-4301,2026-03-21,Vendedor_C,PROD025,17,66.07,73.41
FAC-4302,2026-03-21,Vendedor_B,PROD013,16,6.24,4.57
FAC-4303,2026-03-21,Vendedor_B,PROD012,22,7.23,5.33
FAC-4304,2026-03-21,Vendedor_C,PROD011,1,13.77,9.78
FAC-4305,2026-03-21,Vendedor_C,PROD012,23,7.29,5.33
FAC-4306,2026-03-21,Vendedor_A,PROD002,3,18.2,17.04
FAC-4307,2026-03-21,Vendedor_B,PROD010,4,8.9,6.35
FAC-4308,2026-03-21,Vendedor_C,PROD021,11,60.13,44.66
FAC-4309,2026-03-21,Vendedor_C,PROD023,18,78.96,55.8
FAC-4310,2026-03-21,Vendedor_B,PROD014,3,6.4,4.91
FAC-4311,2026-03-22,Vendedor_B,PROD012,10,6.94,5.33
FAC-4312,2026-03-22,Vendedor_B,PROD021,16,59.14,44.66
FAC-4313,2026-03-22,Vendedor_B,PROD018,5,31.26,23.4
FAC-4314,2026-03-22,Vendedor_A,PROD011,4,13.82,9.78
FAC-4315,2026-03-22,Vendedor_B,PROD017,4,36.68,27.98
FAC-4316,2026-03-22,Vendedor_A,PROD003,1,19.04,13.46
FAC-4317,2026-03-22,Vendedor_B,PROD021,16,58.49,44.66
FAC-4318,2026-03-22,Vendedor_B,PROD001,4,19.6,15.07
FAC-4319,2026-03-22,Vendedor_B,PROD010,5,8.79,6.35
FAC-4320,2026-03-22,Vendedor_B,PROD011,3,14.15,9.78
FAC-4321,2026-03-22,Vendedor_B,PROD009,2,9.92,7.11
FAC-4322,2026-03-22,Vendedor_A,PROD008,2,11.67,8.65
FAC-4323,2026-03-22,Vendedor_B,PROD022,13,66.68,47.53
FAC-4324,2026-03-22,Vendedor_A,PROD016,9,6.72,7.09
FAC-4325,2026-03-22,Vendedor_A,PROD001,4,19.6,15.07
FAC-4326,2026-03-22,Vendedor_A,PROD021,16,60.25,44.66
FAC-4327,2026-03-22,Vendedor_A,PROD018,1,31.22,23.4
FAC-4328,2026-03-22,Vendedor_A,PROD022,7,68.83,47.53
FAC-4329,2026-03-22,Vendedor_A,PROD024,17,68.99,51.71
FAC-4330,2026-03-22,Vendedor_B,PROD022,3,62.8,47.53
FAC-4331,2026-03-22,Vendedor_C,PROD023,18,72.91,55.8
FAC-4332,2026-03-22,Vendedor_A,PROD017,3,36.59,27.98
FAC-4333,2026-03-22,Vendedor_A,PROD017,4,38.17,27.98
FAC-4334,2026-03-22,Vendedor_A,PROD008,3,11.6,8.65
FAC-4335,2026-03-22,Vendedor_A,PROD006,2,27.79,20.74
FAC-4336,2026-03-22,Vendedor_C,PROD017,5,39.13,27.98
FAC-4337,2026-03-22,Vendedor_A,PROD003,3,17.56,13.46
FAC-4338,2026-03-22,Vendedor_A,PROD022,4,65.09,47.53
FAC-4339,2026-03-22,Vendedor_A,PROD005,4,33.8,24.35
FAC-4340,2026-03-22,Vendedor_A,PROD013,22,6.47,4.57
FAC-4341,2026-03-22,Vendedor_B,PROD014,16,7.01,4.91
FAC-4342,2026-03-22,Vendedor_C,PROD009,5,10.2,7.11
FAC-4343,2026-03-22,Vendedor_A,PROD001,3,19.6,15.07
FAC-4344,2026-03-22,Vendedor_A,PROD025,9,99.84,73.41
FAC-4345,2026-03-22,Vendedor_A,PROD017,4,38.66,27.98
FAC-4346,2026-03-22,Vendedor_A,PROD023,6,74.28,55.8
FAC-4347,2026-03-22,Vendedor_B,PROD022,14,68.07,47.53
FAC-4348,2026-03-22,Vendedor_B,PROD016,17,6.72,7.09
FAC-4349,2026-03-22,Vendedor_A,PROD023,4,73.7,55.8
FAC-4350,2026-03-22,Vendedor_B,PROD015,19,6.26,4.68
FAC-4351,2026-03-22,Vendedor_B,PROD014,7,6.49,4.91
FAC-4352,2026-03-22,Vendedor_A,PROD008,4,11.53,8.65
FAC-4353,2026-03-22,Vendedor_B,PROD018,3,30.59,23.4
FAC-4354,2026-03-23,Vendedor_B,PROD021,12,60.19,44.66
FAC-4355,2026-03-23,Vendedor_A,PROD018,1,30.57,23.4
FAC-4356,2026-03-23,Vendedor_B,PROD009,1,9.38,7.11
FAC-4357,2026-03-23,Vendedor_A,PROD002,4,18.2,17.04
FAC-4358,2026-03-23,Vendedor_B,PROD002,3,18.2,17.04
FAC-4359,2026-03-23,Vendedor_C,PROD014,9,6.42,4.91
FAC-4360,2026-03-23,Vendedor_A,PROD014,6,6.43,4.91
FAC-4361,2026-03-23,Vendedor_A,PROD016,9,6.72,7.09
FAC-4362,2026-03-23,Vendedor_B,PROD009,5,10.07,7.11
FAC-4363,2026-03-23,Vendedor_C,PROD017,5,39.61,27.98
FAC-4364,2026-03-23,Vendedor_B,PROD005,3,31.72,24.35
FAC-4365,2026-03-23,Vendedor_B,PROD023,15,73.78,55.8
FAC-4366,2026-03-23,Vendedor_A,PROD014,17,6.99,4.91
FAC-4367,2026-03-23,Vendedor_A,PROD004,2,17.9,12.7
FAC-4368,2026-03-23,Vendedor_B,PROD008,3,11.45,8.65
FAC-4369,2026-03-23,Vendedor_A,PROD016,9,6.72,7.09
FAC-4370,2026-03-23,Vendedor_C,PROD012,21,7.24,5.33
FAC-4371,2026-03-23,Vendedor_C,PROD019,1,36.8,25.51
FAC-4372,2026-03-23,Vendedor_B,PROD021,11,62.05,44.66
FAC-4373,2026-03-23,Vendedor_A,PROD017,3,40.42,27.98
FAC-4374,2026-03-23,Vendedor_A,PROD008,3,11.27,8.65
FAC-4375,2026-03-23,Vendedor_B,PROD007,2,25.9,26.17
FAC-4376,2026-03-23,Vendedor_A,PROD023,12,75.56,55.8
FAC-4377,2026-03-23,Vendedor_C,PROD022,7,67.15,47.53
FAC-4378,2026-03-23,Vendedor_B,PROD001,1,19.6,15.07
FAC-4379,2026-03-23,Vendedor_A,PROD021,17,58.99,44.66
FAC-4380,2026-03-23,Vendedor_A,PROD006,4,27.16,20.74
FAC-4381,2026-03-23,Vendedor_A,PROD012,4,7.15,5.33
FAC-4382,2026-03-23,Vendedor_A,PROD012,3,7.11,5.33
FAC-4383,2026-03-23,Vendedor_A,PROD017,2,37.97,27.98
FAC-4384,2026-03-23,Vendedor_A,PROD021,5,60.4,44.66
FAC-4385,2026-03-23,Vendedor_A,PROD002,4,18.2,17.04
FAC-4386,2026-03-23,Vendedor_B,PROD010,4,8.88,6.35
FAC-4387,2026-03-23,Vendedor_B,PROD023,21,78.93,55.8
FAC-4388,2026-03-23,Vendedor_C,PROD013,9,6.55,4.57
FAC-4389,2026-03-23,Vendedor_A,PROD018,5,33.35,23.4
FAC-4390,2026-03-23,Vendedor_C,PROD005,1,33.44,24.35
FAC-4391,2026-03-23,Vendedor_A,PROD020,5,68.6,51.93
FAC-4392,2026-03-23,Vendedor_A,PROD006,1,27.19,20.74
FAC-4393,2026-03-23,Vendedor_C,PROD013,12,6.15,4.57
FAC-4394,2026-03-24,Vendedor_B,PROD012,11,7.35,5.33
FAC-4395,2026-03-24,Vendedor_C,PROD001,2,13.56,15.07
FAC-4396,2026-03-24,Vendedor_B,PROD023,5,77.52,55.8
FAC-4397,2026-03-24,Vendedor_A,PROD005,1,33.29,24.35
FAC-4398,2026-03-24,Vendedor_C,PROD023,2,73.63,55.8
FAC-4399,2026-03-24,Vendedor_A,PROD022,17,68.11,47.53
FAC-4400,2026-03-24,Vendedor_C,PROD020,23,68.6,51.93
FAC-4401,2026-03-24,Vendedor_C,PROD019,1,34.31,25.51
FAC-4402,2026-03-24,Vendedor_C,PROD024,4,73.67,51.71
FAC-4403,2026-03-24,Vendedor_A,PROD015,8,6.69,4.68
FAC-4404,2026-03-24,Vendedor_C,PROD009,4,9.67,7.11
FAC-4405,2026-03-24,Vendedor_A,PROD020,13,68.6,51.93
FAC-4406,2026-03-24,Vendedor_B,PROD002,1,18.2,17.04
FAC-4407,2026-03-24,Vendedor_B,PROD020,10,68.6,51.93
FAC-4408,2026-03-24,Vendedor_A,PROD017,2,39.24,27.98
FAC-4409,2026-03-24,Vendedor_C,PROD016,12,6.72,7.09
FAC-4410,2026-03-24,Vendedor_A,PROD020,10,68.6,51.93
FAC-4411,2026-03-24,Vendedor_A,PROD015,14,6.46,4.68
FAC-4412,2026-03-24,Vendedor_A,PROD017,4,39.42,27.98
FAC-4413,2026-03-24,Vendedor_A,PROD017,5,38.91,27.98
FAC-4414,2026-03-24,Vendedor_C,PROD011,2,13.51,9.78
FAC-4415,2026-03-24,Vendedor_A,PROD020,14,68.6,51.93
FAC-4416,2026-03-24,Vendedor_A,PROD020,22,68.6,51.93
FAC-4417,2026-03-24,Vendedor_B,PROD023,12,80.64,55.8
FAC-4418,2026-03-24,Vendedor_C,PROD010,3,8.59,6.35
FAC-4419,2026-03-24,Vendedor_A,PROD001,5,19.6,15.07
FAC-4420,2026-03-24,Vendedor_C,PROD001,4,19.6,15.07
FAC-4421,2026-03-24,Vendedor_C,PROD015,15,6.47,4.68
FAC-4422,2026-03-24,Vendedor_A,PROD022,8,62.93,47.53
FAC-4423,2026-03-24,Vendedor_B,PROD023,7,72.89,55.8
FAC-4424,2026-03-24,Vendedor_B,PROD023,4,75.73,55.8
FAC-4425,2026-03-24,Vendedor_C,PROD007,5,25.9,26.17
FAC-4426,2026-03-24,Vendedor_A,PROD023,14,80.37,55.8
FAC-4427,2026-03-24,Vendedor_A,PROD016,3,6.72,7.09
FAC-4428,2026-03-24,Vendedor_B,PROD018,3,32.42,23.4
FAC-4429,2026-03-24,Vendedor_C,PROD024,18,71.69,51.71
FAC-4430,2026-03-24,Vendedor_A,PROD012,14,7.01,5.33
FAC-4431,2026-03-25,Vendedor_C,PROD019,2,36.42,25.51
FAC-4432,2026-03-25,Vendedor_B,PROD007,2,25.9,26.17
FAC-4433,2026-03-25,Vendedor_C,PROD025,2,66.07,73.41
FAC-4434,2026-03-25,Vendedor_A,PROD020,17,68.6,51.93
FAC-4435,2026-03-25,Vendedor_B,PROD005,1,35.11,24.35
FAC-4436,2026-03-25,Vendedor_A,PROD007,1,25.9,26.17
FAC-4437,2026-03-25,Vendedor_B,PROD013,10,6.26,4.57
FAC-4438,2026-03-25,Vendedor_A,PROD015,21,6.24,4.68
FAC-4439,2026-03-25,Vendedor_A,PROD008,1,11.66,8.65
FAC-4440,2026-03-25,Vendedor_A,PROD019,4,33.63,25.51
FAC-4441,2026-03-25,Vendedor_A,PROD011,4,13.1,9.78
FAC-4442,2026-03-25,Vendedor_B,PROD023,8,73.38,55.8
FAC-4443,2026-03-25,Vendedor_A,PROD017,3,36.74,27.98
FAC-4444,2026-03-25,Vendedor_C,PROD003,4,17.76,13.46
FAC-4445,2026-03-25,Vendedor_A,PROD022,8,67.57,47.53
FAC-4446,2026-03-25,Vendedor_B,PROD007,3,25.9,26.17
FAC-4447,2026-03-25,Vendedor_A,PROD018,5,32.75,23.4
FAC-4448,2026-03-25,Vendedor_B,PROD004,5,17.51,12.7
FAC-4449,2026-03-25,Vendedor_A,PROD013,6,6.16,4.57
FAC-4450,2026-03-25,Vendedor_B,PROD020,12,68.6,51.93
FAC-4451,2026-03-25,Vendedor_B,PROD018,5,30.95,23.4
FAC-4452,2026-03-25,Vendedor_A,PROD016,10,6.72,7.09
FAC-4453,2026-03-25,Vendedor_B,PROD011,4,12.79,9.78
FAC-4454,2026-03-25,Vendedor_A,PROD009,3,9.62,7.11
FAC-4455,2026-03-25,Vendedor_C,PROD021,11,63.67,44.66
FAC-4456,2026-03-25,Vendedor_A,PROD005,2,34.57,24.35
FAC-4457,2026-03-25,Vendedor_A,PROD023,5,77.16,55.8
FAC-4458,2026-03-25,Vendedor_A,PROD024,14,67.61,51.71
FAC-4459,2026-03-25,Vendedor_A,PROD010,4,8.98,6.35
FAC-4460,2026-03-25,Vendedor_B,PROD016,9,6.72,7.09
FAC-4461,2026-03-25,Vendedor_A,PROD010,1,8.33,6.35
FAC-4462,2026-03-25,Vendedor_B,PROD012,18,7.48,5.33
FAC-4463,2026-03-25,Vendedor_C,PROD001,3,13.56,15.07
FAC-4464,2026-03-25,Vendedor_A,PROD014,8,6.58,4.91
FAC-4465,2026-03-25,Vendedor_A,PROD010,3,8.64,6.35
FAC-4466,2026-03-25,Vendedor_B,PROD025,16,99.39,73.41
FAC-4467,2026-03-26,Vendedor_A,PROD004,1,17.33,12.7
FAC-4468,2026-03-26,Vendedor_C,PROD010,4,8.69,6.35
FAC-4469,2026-03-26,Vendedor_C,PROD012,10,7.36,5.33
FAC-4470,2026-03-26,Vendedor_A,PROD014,20,6.96,4.91
FAC-4471,2026-03-26,Vendedor_B,PROD004,5,18.1,12.7
FAC-4472,2026-03-26,Vendedor_A,PROD014,2,6.63,4.91
FAC-4473,2026-03-26,Vendedor_A,PROD025,15,105.4,73.41
FAC-4474,2026-03-26,Vendedor_B,PROD022,3,64.0,47.53
FAC-4475,2026-03-26,Vendedor_A,PROD008,2,11.53,8.65
FAC-4476,2026-03-26,Vendedor_A,PROD009,3,10.04,7.11
FAC-4477,2026-03-26,Vendedor_B,PROD025,10,96.74,73.41
FAC-4478,2026-03-26,Vendedor_A,PROD007,2,25.9,26.17
FAC-4479,2026-03-26,Vendedor_A,PROD025,21,97.34,73.41
FAC-4480,2026-03-26,Vendedor_A,PROD009,3,9.29,7.11
FAC-4481,2026-03-26,Vendedor_A,PROD020,22,68.6,51.93
FAC-4482,2026-03-26,Vendedor_C,PROD012,11,7.3,5.33
FAC-4483,2026-03-26,Vendedor_B,PROD023,5,73.78,55.8
FAC-4484,2026-03-26,Vendedor_A,PROD018,2,30.66,23.4
FAC-4485,2026-03-26,Vendedor_B,PROD004,2,16.54,12.7
FAC-4486,2026-03-26,Vendedor_A,PROD016,14,6.72,7.09
FAC-4487,2026-03-26,Vendedor_B,PROD001,2,19.6,15.07
FAC-4488,2026-03-26,Vendedor_B,PROD002,5,18.2,17.04
FAC-4489,2026-03-26,Vendedor_B,PROD004,4,16.82,12.7
FAC-4490,2026-03-26,Vendedor_A,PROD003,5,17.62,13.46
FAC-4491,2026-03-26,Vendedor_B,PROD021,11,59.35,44.66
FAC-4492,2026-03-26,Vendedor_A,PROD001,2,19.6,15.07
FAC-4493,2026-03-26,Vendedor_A,PROD007,5,25.9,26.17
FAC-4494,2026-03-26,Vendedor_A,PROD021,5,61.24,44.66
FAC-4495,2026-03-26,Vendedor_B,PROD013,14,6.37,4.57
FAC-4496,2026-03-26,Vendedor_A,PROD019,4,35.43,25.51
FAC-4497,2026-03-26,Vendedor_A,PROD001,5,19.6,15.07
FAC-4498,2026-03-26,Vendedor_A,PROD022,8,68.15,47.53
FAC-4499,2026-03-26,Vendedor_C,PROD017,4,38.61,27.98
FAC-4500,2026-03-26,Vendedor_A,PROD021,2,59.5,44.66
FAC-4501,2026-03-26,Vendedor_C,PROD016,16,6.72,7.09
FAC-4502,2026-03-26,Vendedor_B,PROD006,3,29.9,20.74
FAC-4503,2026-03-27,Vendedor_A,PROD011,3,13.08,9.78
FAC-4504,2026-03-27,Vendedor_C,PROD017,4,39.34,27.98
FAC-4505,2026-03-27,Vendedor_B,PROD017,2,38.53,27.98
FAC-4506,2026-03-27,Vendedor_A,PROD014,16,6.49,4.91
FAC-4507,2026-03-27,Vendedor_A,PROD010,5,8.44,6.35
FAC-4508,2026-03-27,Vendedor_A,PROD022,10,66.62,47.53
FAC-4509,2026-03-27,Vendedor_B,PROD017,1,39.37,27.98
FAC-4510,2026-03-27,Vendedor_C,PROD005,4,34.84,24.35
FAC-4511,2026-03-27,Vendedor_A,PROD016,13,6.72,7.09
FAC-4512,2026-03-27,Vendedor_A,PROD009,3,10.12,7.11
FAC-4513,2026-03-27,Vendedor_B,PROD007,1,25.9,26.17
FAC-4514,2026-03-27,Vendedor_A,PROD012,3,7.54,5.33
FAC-4515,2026-03-27,Vendedor_A,PROD004,5,18.0,12.7
FAC-4516,2026-03-27,Vendedor_B,PROD004,3,17.61,12.7
FAC-4517,2026-03-27,Vendedor_A,PROD024,8,67.46,51.71
FAC-4518,2026-03-27,Vendedor_A,PROD014,9,6.53,4.91
FAC-4519,2026-03-27,Vendedor_B,PROD023,22,76.86,55.8
FAC-4520,2026-03-27,Vendedor_B,PROD020,17,68.6,51.93
FAC-4521,2026-03-27,Vendedor_B,PROD020,5,68.6,51.93
FAC-4522,2026-03-27,Vendedor_B,PROD016,22,6.72,7.09
FAC-4523,2026-03-27,Vendedor_A,PROD013,8,6.14,4.57
FAC-4524,2026-03-27,Vendedor_A,PROD014,19,6.5,4.91
FAC-4525,2026-03-27,Vendedor_C,PROD010,2,9.21,6.35
FAC-4526,2026-03-27,Vendedor_B,PROD007,1,25.9,26.17
FAC-4527,2026-03-27,Vendedor_A,PROD014,9,6.45,4.91
FAC-4528,2026-03-27,Vendedor_C,PROD010,1,8.82,6.35
FAC-4529,2026-03-27,Vendedor_A,PROD016,20,6.72,7.09
FAC-4530,2026-03-27,Vendedor_A,PROD020,7,68.6,51.93
FAC-4531,2026-03-27,Vendedor_A,PROD025,17,106.15,73.41
FAC-4532,2026-03-27,Vendedor_B,PROD015,16,6.7,4.68
FAC-4533,2026-03-27,Vendedor_B,PROD018,4,30.84,23.4
FAC-4534,2026-03-27,Vendedor_B,PROD011,5,13.88,9.78
FAC-4535,2026-03-27,Vendedor_A,PROD001,5,19.6,15.07
FAC-4536,2026-03-27,Vendedor_B,PROD001,3,19.6,15.07
FAC-4537,2026-03-27,Vendedor_B,PROD004,5,18.01,12.7
FAC-4538,2026-03-27,Vendedor_A,PROD020,18,68.6,51.93
FAC-4539,2026-03-27,Vendedor_A,PROD005,4,33.36,24.35
FAC-4540,2026-03-27,Vendedor_C,PROD001,2,19.6,15.07
FAC-4541,2026-03-27,Vendedor_B,PROD017,4,36.88,27.98
FAC-4542,2026-03-27,Vendedor_A,PROD013,10,6.26,4.57
FAC-4543,2026-03-27,Vendedor_C,PROD023,2,80.56,55.8
FAC-4544,2026-03-27,Vendedor_B,PROD022,16,66.38,47.53
FAC-4545,2026-03-27,Vendedor_A,PROD003,1,17.75,13.46
FAC-4546,2026-03-27,Vendedor_A,PROD021,5,60.04,44.66
FAC-4547,2026-03-27,Vendedor_A,PROD011,3,13.73,9.78
FAC-4548,2026-03-27,Vendedor_A,PROD010,2,8.76,6.35
FAC-4549,2026-03-27,Vendedor_C,PROD007,3,25.9,26.17
FAC-4550,2026-03-28,Vendedor_A,PROD020,6,68.6,51.93
FAC-4551,2026-03-28,Vendedor_C,PROD024,22,67.31,51.71
FAC-4552,2026-03-28,Vendedor_C,PROD011,2,13.01,9.78
FAC-4553,2026-03-28,Vendedor_C,PROD018,4,33.89,23.4
FAC-4554,2026-03-28,Vendedor_C,PROD023,22,79.59,55.8
FAC-4555,2026-03-28,Vendedor_A,PROD025,14,97.38,73.41
FAC-4556,2026-03-28,Vendedor_A,PROD010,2,8.68,6.35
FAC-4557,2026-03-28,Vendedor_C,PROD003,5,19.0,13.46
FAC-4558,2026-03-28,Vendedor_B,PROD016,11,6.72,7.09
FAC-4559,2026-03-28,Vendedor_A,PROD013,23,6.01,4.57
FAC-4560,2026-03-28,Vendedor_A,PROD012,22,7.03,5.33
FAC-4561,2026-03-28,Vendedor_A,PROD020,10,68.6,51.93
FAC-4562,2026-03-28,Vendedor_A,PROD008,5,11.37,8.65
FAC-4563,2026-03-28,Vendedor_A,PROD022,17,68.87,47.53
FAC-4564,2026-03-28,Vendedor_C,PROD014,5,6.89,4.91
FAC-4565,2026-03-28,Vendedor_C,PROD022,3,66.63,47.53
FAC-4566,2026-03-28,Vendedor_C,PROD012,2,7.7,5.33
FAC-4567,2026-03-28,Vendedor_B,PROD004,4,18.22,12.7
FAC-4568,2026-03-28,Vendedor_A,PROD012,11,7.01,5.33
FAC-4569,2026-03-28,Vendedor_A,PROD017,1,36.77,27.98
FAC-4570,2026-03-28,Vendedor_A,PROD004,2,18.11,12.7
FAC-4571,2026-03-28,Vendedor_B,PROD006,5,27.05,20.74
FAC-4572,2026-03-28,Vendedor_A,PROD009,4,9.95,7.11
FAC-4573,2026-03-28,Vendedor_A,PROD008,3,11.77,8.65
FAC-4574,2026-03-28,Vendedor_A,PROD005,5,33.16,24.35
FAC-4575,2026-03-28,Vendedor_C,PROD011,5,12.94,9.78
FAC-4576,2026-03-28,Vendedor_A,PROD022,8,68.76,47.53
FAC-4577,2026-03-28,Vendedor_A,PROD018,4,33.71,23.4
FAC-4578,2026-03-28,Vendedor_B,PROD007,1,25.9,26.17
FAC-4579,2026-03-28,Vendedor_A,PROD015,10,6.14,4.68
FAC-4580,2026-03-28,Vendedor_B,PROD015,20,6.72,4.68
FAC-4581,2026-03-28,Vendedor_A,PROD013,16,6.6,4.57
FAC-4582,2026-03-28,Vendedor_A,PROD018,1,33.49,23.4
FAC-4583,2026-03-28,Vendedor_A,PROD023,15,79.54,55.8
FAC-4584,2026-03-28,Vendedor_B,PROD006,5,28.21,20.74
FAC-4585,2026-03-28,Vendedor_A,PROD012,3,7.28,5.33
FAC-4586,2026-03-28,Vendedor_A,PROD011,1,13.73,9.78
FAC-4587,2026-03-28,Vendedor_B,PROD024,7,73.09,51.71
FAC-4588,2026-03-28,Vendedor_A,PROD016,13,6.72,7.09
FAC-4589,2026-03-28,Vendedor_A,PROD003,2,19.02,13.46
FAC-4590,2026-03-28,Vendedor_B,PROD021,15,61.13,44.66
FAC-4591,2026-03-28,Vendedor_B,PROD003,1,18.73,13.46
FAC-4592,2026-03-28,Vendedor_B,PROD016,11,6.72,7.09
FAC-4593,2026-03-28,Vendedor_B,PROD021,4,58.78,44.66
FAC-4594,2026-03-28,Vendedor_C,PROD007,4,25.9,26.17
FAC-4595,2026-03-28,Vendedor_A,PROD009,4,9.79,7.11
FAC-4596,2026-03-29,Vendedor_B,PROD004,2,16.75,12.7
FAC-4597,2026-03-29,Vendedor_B,PROD022,10,67.44,47.53
FAC-4598,2026-03-29,Vendedor_A,PROD019,4,36.72,25.51
FAC-4599,2026-03-29,Vendedor_C,PROD003,1,19.47,13.46
FAC-4600,2026-03-29,Vendedor_A,PROD006,3,28.4,20.74
FAC-4601,2026-03-29,Vendedor_C,PROD007,3,25.9,26.17
FAC-4602,2026-03-29,Vendedor_A,PROD023,19,79.87,55.8
FAC-4603,2026-03-29,Vendedor_B,PROD008,2,11.28,8.65
FAC-4604,2026-03-29,Vendedor_A,PROD017,2,39.0,27.98
FAC-4605,2026-03-29,Vendedor_A,PROD024,20,67.8,51.71
FAC-4606,2026-03-29,Vendedor_B,PROD001,2,19.6,15.07
FAC-4607,2026-03-29,Vendedor_A,PROD021,7,61.74,44.66
FAC-4608,2026-03-29,Vendedor_C,PROD019,2,33.69,25.51
FAC-4609,2026-03-29,Vendedor_A,PROD021,11,59.31,44.66
FAC-4610,2026-03-29,Vendedor_B,PROD017,5,39.49,27.98
FAC-4611,2026-03-29,Vendedor_C,PROD018,2,31.34,23.4
FAC-4612,2026-03-29,Vendedor_A,PROD019,1,35.79,25.51
FAC-4613,2026-03-29,Vendedor_A,PROD019,4,34.8,25.51
FAC-4614,2026-03-29,Vendedor_A,PROD022,8,66.94,47.53
FAC-4615,2026-03-29,Vendedor_A,PROD022,9,68.89,47.53
FAC-4616,2026-03-29,Vendedor_B,PROD010,3,9.01,6.35
FAC-4617,2026-03-29,Vendedor_A,PROD006,2,29.52,20.74
FAC-4618,2026-03-29,Vendedor_B,PROD003,3,17.96,13.46
FAC-4619,2026-03-29,Vendedor_B,PROD021,23,59.44,44.66
FAC-4620,2026-03-29,Vendedor_A,PROD004,1,17.12,12.7
FAC-4621,2026-03-29,Vendedor_B,PROD006,2,28.04,20.74
FAC-4622,2026-03-29,Vendedor_C,PROD013,6,6.01,4.57
FAC-4623,2026-03-29,Vendedor_B,PROD010,5,9.17,6.35
FAC-4624,2026-03-29,Vendedor_B,PROD021,18,61.23,44.66
FAC-4625,2026-03-29,Vendedor_A,PROD008,1,11.41,8.65
FAC-4626,2026-03-29,Vendedor_A,PROD008,3,11.88,8.65
FAC-4627,2026-03-29,Vendedor_A,PROD008,2,11.63,8.65
FAC-4628,2026-03-29,Vendedor_A,PROD022,2,62.89,47.53
FAC-4629,2026-03-29,Vendedor_B,PROD007,4,25.9,26.17
FAC-4630,2026-03-29,Vendedor_B,PROD014,17,6.64,4.91
FAC-4631,2026-03-30,Vendedor_A,PROD005,2,33.29,24.35
FAC-4632,2026-03-30,Vendedor_A,PROD006,1,27.2,20.74
FAC-4633,2026-03-30,Vendedor_A,PROD013,2,6.23,4.57
FAC-4634,2026-03-30,Vendedor_C,PROD008,3,11.96,8.65
FAC-4635,2026-03-30,Vendedor_A,PROD021,20,60.83,44.66
FAC-4636,2026-03-30,Vendedor_B,PROD001,1,19.6,15.07
FAC-4637,2026-03-30,Vendedor_A,PROD023,8,76.81,55.8
FAC-4638,2026-03-30,Vendedor_C,PROD025,13,66.07,73.41
FAC-4639,2026-03-30,Vendedor_C,PROD004,5,17.37,12.7
FAC-4640,2026-03-30,Vendedor_A,PROD013,2,6.41,4.57
FAC-4641,2026-03-30,Vendedor_B,PROD013,9,6.03,4.57
FAC-4642,2026-03-30,Vendedor_C,PROD017,2,36.43,27.98
FAC-4643,2026-03-30,Vendedor_B,PROD019,2,34.05,25.51
FAC-4644,2026-03-30,Vendedor_C,PROD003,2,18.55,13.46
FAC-4645,2026-03-30,Vendedor_B,PROD014,2,6.74,4.91
FAC-4646,2026-03-30,Vendedor_A,PROD025,7,99.08,73.41
FAC-4647,2026-03-30,Vendedor_A,PROD018,1,30.77,23.4
FAC-4648,2026-03-30,Vendedor_A,PROD016,18,6.72,7.09
FAC-4649,2026-03-30,Vendedor_A,PROD008,4,11.96,8.65
FAC-4650,2026-03-30,Vendedor_A,PROD025,12,97.37,73.41
FAC-4651,2026-03-30,Vendedor_C,PROD004,1,17.98,12.7
FAC-4652,2026-03-30,Vendedor_C,PROD002,2,18.2,17.04
FAC-4653,2026-03-30,Vendedor_A,PROD007,1,25.9,26.17
FAC-4654,2026-03-30,Vendedor_A,PROD009,1,9.34,7.11
FAC-4655,2026-03-30,Vendedor_A,PROD007,1,25.9,26.17
FAC-4656,2026-03-30,Vendedor_B,PROD003,5,19.07,13.46
FAC-4657,2026-03-30,Vendedor_B,PROD001,4,19.6,15.07
FAC-4658,2026-03-30,Vendedor_C,PROD023,18,75.05,55.8
FAC-4659,2026-03-30,Vendedor_A,PROD021,21,59.68,44.66
FAC-4660,2026-03-30,Vendedor_A,PROD020,2,68.6,51.93
FAC-4661,2026-03-30,Vendedor_A,PROD001,2,19.6,15.07
FAC-4662,2026-03-30,Vendedor_C,PROD017,2,36.87,27.98
FAC-4663,2026-03-30,Vendedor_B,PROD009,3,10.23,7.11
FAC-4664,2026-03-30,Vendedor_B,PROD006,1,28.18,20.74
FAC-4665,2026-03-30,Vendedor_B,PROD011,2,14.1,9.78
FAC-4666,2026-03-30,Vendedor_B,PROD015,8,6.6,4.68
FAC-4667,2026-03-30,Vendedor_B,PROD012,23,7.54,5.33
FAC-4668,2026-03-30,Vendedor_A,PROD014,22,6.39,4.91
FAC-4669,2026-03-30,Vendedor_C,PROD010,1,8.45,6.35
FAC-4670,2026-03-30,Vendedor_C,PROD018,5,31.93,23.4
FAC-4671,2026-03-31,Vendedor_A,PROD016,16,6.72,7.09
FAC-4672,2026-03-31,Vendedor_A,PROD006,4,29.79,20.74
FAC-4673,2026-03-31,Vendedor_B,PROD009,2,9.69,7.11
FAC-4674,2026-03-31,Vendedor_C,PROD008,5,12.31,8.65
FAC-4675,2026-03-31,Vendedor_A,PROD016,4,6.72,7.09
FAC-4676,2026-03-31,Vendedor_A,PROD023,16,74.12,55.8
FAC-4677,2026-03-31,Vendedor_C,PROD018,2,31.94,23.4
FAC-4678,2026-03-31,Vendedor_A,PROD022,5,65.98,47.53
FAC-4679,2026-03-31,Vendedor_C,PROD019,5,33.59,25.51
FAC-4680,2026-03-31,Vendedor_A,PROD023,23,73.41,55.8
FAC-4681,2026-03-31,Vendedor_B,PROD012,2,7.07,5.33
FAC-4682,2026-03-31,Vendedor_B,PROD024,14,71.11,51.71
FAC-4683,2026-03-31,Vendedor_C,PROD025,19,66.07,73.41
FAC-4684,2026-03-31,Vendedor_A,PROD024,6,72.27,51.71
FAC-4685,2026-03-31,Vendedor_C,PROD009,3,9.3,7.11
FAC-4686,2026-03-31,Vendedor_A,PROD001,1,19.6,15.07
FAC-4687,2026-03-31,Vendedor_A,PROD010,2,9.16,6.35
FAC-4688,2026-03-31,Vendedor_B,PROD019,2,35.01,25.51
FAC-4689,2026-03-31,Vendedor_B,PROD011,1,13.21,9.78
FAC-4690,2026-03-31,Vendedor_A,PROD008,1,11.89,8.65
FAC-4691,2026-03-31,Vendedor_B,PROD009,3,9.69,7.11
FAC-4692,2026-03-31,Vendedor_C,PROD021,5,63.75,44.66
FAC-4693,2026-03-31,Vendedor_C,PROD017,2,37.07,27.98
FAC-4694,2026-03-31,Vendedor_B,PROD020,2,68.6,51.93
FAC-4695,2026-03-31,Vendedor_A,PROD021,11,64.09,44.66
FAC-4696,2026-03-31,Vendedor_A,PROD025,18,100.95,73.41
FAC-4697,2026-03-31,Vendedor_C,PROD001,1,13.56,15.07
FAC-4698,2026-03-31,Vendedor_B,PROD019,4,36.76,25.51
FAC-4699,2026-03-31,Vendedor_A,PROD009,1,10.13,7.11
FAC-4700,2026-03-31,Vendedor_A,PROD005,5,33.61,24.35
FAC-4701,2026-03-31,Vendedor_A,PROD017,2,38.59,27.98
FAC-4702,2026-03-31,Vendedor_A,PROD018,3,33.93,23.4
FAC-4703,2026-03-31,Vendedor_C,PROD010,5,8.46,6.35
FAC-4704,2026-03-31,Vendedor_B,PROD020,16,68.6,51.93
FAC-4705,2026-03-31,Vendedor_C,PROD012,19,7.1,5.33
FAC-4706,2026-03-31,Vendedor_A,PROD017,1,36.8,27.98
FAC-4707,2026-03-31,Vendedor_B,PROD017,5,39.27,27.98
FAC-4708,2026-03-31,Vendedor_B,PROD013,7,6.58,4.57
FAC-4709,2026-03-31,Vendedor_A,PROD001,4,19.6,15.07
FAC-4710,2026-03-31,Vendedor_B,PROD001,3,19.6,15.07
FAC-4711,2026-03-31,Vendedor_A,PROD024,21,74.87,51.71
FAC-4712,2026-03-31,Vendedor_A,PROD021,17,61.82,44.66
FAC-4713,2026-04-01,Vendedor_C,PROD015,7,6.35,4.68
FAC-4714,2026-04-01,Vendedor_B,PROD005,5,34.7,24.35
FAC-4715,2026-04-01,Vendedor_A,PROD017,4,38.96,27.98
FAC-4716,2026-04-01,Vendedor_C,PROD001,2,19.6,15.07
FAC-4717,2026-04-01,Vendedor_C,PROD020,16,68.6,51.93
FAC-4718,2026-04-01,Vendedor_C,PROD006,3,27.01,20.74
FAC-4719,2026-04-01,Vendedor_A,PROD020,2,68.6,51.93
FAC-4720,2026-04-01,Vendedor_C,PROD015,16,6.6,4.68
FAC-4721,2026-04-01,Vendedor_B,PROD005,3,34.57,24.35
FAC-4722,2026-04-01,Vendedor_B,PROD022,2,64.87,47.53
FAC-4723,2026-04-01,Vendedor_B,PROD019,1,34.41,25.51
FAC-4724,2026-04-01,Vendedor_B,PROD018,1,32.8,23.4
FAC-4725,2026-04-01,Vendedor_A,PROD009,2,9.7,7.11
FAC-4726,2026-04-01,Vendedor_C,PROD007,2,25.9,26.17
FAC-4727,2026-04-01,Vendedor_A,PROD004,2,17.38,12.7
FAC-4728,2026-04-01,Vendedor_B,PROD003,2,19.19,13.46
FAC-4729,2026-04-01,Vendedor_B,PROD019,2,35.14,25.51
FAC-4730,2026-04-01,Vendedor_C,PROD022,21,66.22,47.53
FAC-4731,2026-04-01,Vendedor_B,PROD025,13,101.4,73.41
FAC-4732,2026-04-01,Vendedor_A,PROD011,5,13.9,9.78
FAC-4733,2026-04-01,Vendedor_A,PROD002,3,18.2,17.04
FAC-4734,2026-04-01,Vendedor_C,PROD006,3,27.59,20.74
FAC-4735,2026-04-01,Vendedor_B,PROD005,3,32.23,24.35
FAC-4736,2026-04-01,Vendedor_A,PROD014,22,6.96,4.91
FAC-4737,2026-04-01,Vendedor_C,PROD023,16,77.84,55.8
FAC-4738,2026-04-01,Vendedor_A,PROD014,14,6.86,4.91
FAC-4739,2026-04-01,Vendedor_C,PROD018,5,33.33,23.4
FAC-4740,2026-04-01,Vendedor_A,PROD015,6,6.25,4.68
FAC-4741,2026-04-01,Vendedor_B,PROD009,5,9.6,7.11
FAC-4742,2026-04-01,Vendedor_B,PROD004,5,17.62,12.7
FAC-4743,2026-04-01,Vendedor_C,PROD015,6,6.12,4.68
FAC-4744,2026-04-01,Vendedor_A,PROD022,6,68.53,47.53
FAC-4745,2026-04-01,Vendedor_B,PROD013,21,6.36,4.57
FAC-4746,2026-04-01,Vendedor_A,PROD023,20,76.61,55.8
FAC-4747,2026-04-01,Vendedor_B,PROD020,23,68.6,51.93
FAC-4748,2026-04-01,Vendedor_B,PROD010,3,8.91,6.35
FAC-4749,2026-04-01,Vendedor_A,PROD019,5,36.14,25.51
FAC-4750,2026-04-01,Vendedor_C,PROD001,4,19.6,15.07
FAC-4751,2026-04-01,Vendedor_B,PROD022,15,62.21,47.53
FAC-4752,2026-04-01,Vendedor_C,PROD014,9,7.1,4.91
FAC-4753,2026-04-01,Vendedor_A,PROD019,3,35.09,25.51
FAC-4754,2026-04-01,Vendedor_B,PROD013,22,6.01,4.57
FAC-4755,2026-04-01,Vendedor_C,PROD019,4,36.23,25.51
FAC-4756,2026-04-01,Vendedor_C,PROD020,20,68.6,51.93
FAC-4757,2026-04-01,Vendedor_B,PROD005,5,32.42,24.35
FAC-4758,2026-04-01,Vendedor_A,PROD011,5,13.06,9.78
FAC-4759,2026-04-01,Vendedor_A,PROD018,4,30.68,23.4
FAC-4760,2026-04-01,Vendedor_A,PROD001,3,19.6,15.07
FAC-4761,2026-04-01,Vendedor_A,PROD006,1,28.16,20.74
FAC-4762,2026-04-02,Vendedor_C,PROD019,4,35.47,25.51
FAC-4763,2026-04-02,Vendedor_A,PROD011,1,12.97,9.78
FAC-4764,2026-04-02,Vendedor_B,PROD010,1,9.35,6.46
FAC-4765,2026-04-02,Vendedor_B,PROD020,10,68.6,51.93
FAC-4766,2026-04-02,Vendedor_B,PROD012,4,7.44,5.33
FAC-4767,2026-04-02,Vendedor_A,PROD004,1,17.1,12.7
FAC-4768,2026-04-02,Vendedor_B,PROD022,7,68.31,47.53
FAC-4769,2026-04-02,Vendedor_A,PROD019,5,35.04,25.51
FAC-4770,2026-04-02,Vendedor_B,PROD020,13,68.6,51.93
FAC-4771,2026-04-02,Vendedor_B,PROD005,5,35.08,26.33
FAC-4772,2026-04-02,Vendedor_B,PROD024,11,70.42,51.71
FAC-4773,2026-04-02,Vendedor_B,PROD010,5,9.06,6.46
FAC-4774,2026-04-02,Vendedor_A,PROD014,19,6.64,4.91
FAC-4775,2026-04-02,Vendedor_C,PROD018,2,31.28,23.4
FAC-4776,2026-04-02,Vendedor_A,PROD012,2,7.07,5.33
FAC-4777,2026-04-02,Vendedor_A,PROD020,4,68.6,51.93
FAC-4778,2026-04-02,Vendedor_A,PROD012,11,7.52,5.33
FAC-4779,2026-04-02,Vendedor_A,PROD015,15,6.64,4.68
FAC-4780,2026-04-02,Vendedor_B,PROD007,3,25.9,26.17
FAC-4781,2026-04-02,Vendedor_C,PROD022,18,64.26,47.53
FAC-4782,2026-04-02,Vendedor_A,PROD010,2,8.87,6.46
FAC-4783,2026-04-02,Vendedor_C,PROD006,2,28.14,20.74
FAC-4784,2026-04-02,Vendedor_A,PROD012,9,7.51,5.33
FAC-4785,2026-04-02,Vendedor_A,PROD021,4,59.18,44.66
FAC-4786,2026-04-02,Vendedor_A,PROD016,16,6.72,7.09
FAC-4787,2026-04-02,Vendedor_A,PROD013,23,6.11,4.57
FAC-4788,2026-04-02,Vendedor_A,PROD022,13,67.15,47.53
FAC-4789,2026-04-02,Vendedor_C,PROD019,4,34.03,25.51
FAC-4790,2026-04-02,Vendedor_A,PROD025,16,103.09,73.41
FAC-4791,2026-04-02,Vendedor_C,PROD013,20,6.51,4.57
FAC-4792,2026-04-02,Vendedor_A,PROD019,1,35.03,25.51
FAC-4793,2026-04-02,Vendedor_B,PROD010,3,8.59,6.46
FAC-4794,2026-04-02,Vendedor_A,PROD018,4,32.09,23.4
FAC-4795,2026-04-02,Vendedor_A,PROD014,8,6.68,4.91
FAC-4796,2026-04-02,Vendedor_A,PROD010,1,8.82,6.46
FAC-4797,2026-04-02,Vendedor_B,PROD019,2,33.38,25.51
FAC-4798,2026-04-02,Vendedor_A,PROD012,5,7.38,5.33
FAC-4799,2026-04-02,Vendedor_B,PROD012,4,7.65,5.33
FAC-4800,2026-04-02,Vendedor_C,PROD021,11,63.49,44.66
FAC-4801,2026-04-02,Vendedor_A,PROD002,3,18.2,19.03
FAC-4802,2026-04-02,Vendedor_A,PROD023,20,77.8,55.8
FAC-4803,2026-04-02,Vendedor_A,PROD002,2,18.2,19.03
FAC-4804,2026-04-03,Vendedor_A,PROD024,8,74.6,51.71
FAC-4805,2026-04-03,Vendedor_B,PROD006,1,28.71,20.74
FAC-4806,2026-04-03,Vendedor_B,PROD017,4,39.7,28.73
FAC-4807,2026-04-03,Vendedor_A,PROD001,1,19.6,15.07
FAC-4808,2026-04-03,Vendedor_C,PROD015,6,6.67,4.68
FAC-4809,2026-04-03,Vendedor_B,PROD005,2,37.36,26.33
FAC-4810,2026-04-03,Vendedor_A,PROD008,4,11.91,8.65
FAC-4811,2026-04-03,Vendedor_B,PROD019,4,34.31,25.51
FAC-4812,2026-04-03,Vendedor_B,PROD020,13,68.6,51.93
FAC-4813,2026-04-03,Vendedor_C,PROD020,18,68.6,51.93
FAC-4814,2026-04-03,Vendedor_C,PROD002,1,18.2,19.03
FAC-4815,2026-04-03,Vendedor_A,PROD003,3,17.86,13.46
FAC-4816,2026-04-03,Vendedor_B,PROD018,5,31.12,23.4
FAC-4817,2026-04-03,Vendedor_C,PROD024,21,72.5,51.71
FAC-4818,2026-04-03,Vendedor_B,PROD023,16,74.64,55.8
FAC-4819,2026-04-03,Vendedor_C,PROD017,3,37.51,28.73
FAC-4820,2026-04-03,Vendedor_A,PROD018,1,31.68,23.4
FAC-4821,2026-04-03,Vendedor_C,PROD006,1,29.42,20.74
FAC-4822,2026-04-03,Vendedor_C,PROD013,12,6.59,4.57
FAC-4823,2026-04-03,Vendedor_A,PROD007,2,25.9,26.17
FAC-4824,2026-04-03,Vendedor_A,PROD025,15,108.46,79.48
FAC-4825,2026-04-03,Vendedor_A,PROD005,3,37.25,26.33
FAC-4826,2026-04-03,Vendedor_A,PROD024,7,74.17,51.71
FAC-4827,2026-04-03,Vendedor_B,PROD021,5,59.98,44.66
FAC-4828,2026-04-03,Vendedor_C,PROD017,5,39.53,28.73
FAC-4829,2026-04-03,Vendedor_A,PROD014,11,7.09,4.91
FAC-4830,2026-04-03,Vendedor_A,PROD022,15,66.17,47.53
FAC-4831,2026-04-03,Vendedor_C,PROD020,16,68.6,51.93
FAC-4832,2026-04-03,Vendedor_A,PROD012,21,7.18,5.33
FAC-4833,2026-04-03,Vendedor_A,PROD006,4,28.83,20.74
FAC-4834,2026-04-03,Vendedor_B,PROD013,13,5.99,4.57
FAC-4835,2026-04-03,Vendedor_B,PROD020,4,68.6,51.93
FAC-4836,2026-04-03,Vendedor_A,PROD014,11,6.68,4.91
FAC-4837,2026-04-03,Vendedor_A,PROD017,3,39.81,28.73
FAC-4838,2026-04-03,Vendedor_B,PROD016,22,6.72,7.83
FAC-4839,2026-04-03,Vendedor_A,PROD001,2,19.6,15.07
FAC-4840,2026-04-03,Vendedor_A,PROD012,16,7.34,5.33
FAC-4841,2026-04-03,Vendedor_C,PROD007,3,25.9,26.17
FAC-4842,2026-04-03,Vendedor_A,PROD011,3,14.76,10.93
FAC-4843,2026-04-03,Vendedor_A,PROD017,5,38.29,28.73
FAC-4844,2026-04-03,Vendedor_A,PROD021,21,63.29,44.66
FAC-4845,2026-04-03,Vendedor_A,PROD008,3,11.69,8.65
FAC-4846,2026-04-03,Vendedor_A,PROD023,2,76.1,55.8
FAC-4847,2026-04-03,Vendedor_A,PROD001,4,19.6,15.07
FAC-4848,2026-04-03,Vendedor_B,PROD011,4,14.92,10.93
FAC-4849,2026-04-03,Vendedor_A,PROD017,4,39.7,28.73
FAC-4850,2026-04-03,Vendedor_B,PROD008,4,12.29,8.65
FAC-4851,2026-04-03,Vendedor_A,PROD009,2,9.36,7.11
FAC-4852,2026-04-03,Vendedor_C,PROD009,3,9.57,7.11
FAC-4853,2026-04-04,Vendedor_A,PROD011,4,15.13,10.93
FAC-4854,2026-04-04,Vendedor_A,PROD006,4,28.48,20.74
FAC-4855,2026-04-04,Vendedor_A,PROD018,4,33.48,23.4
FAC-4856,2026-04-04,Vendedor_A,PROD010,2,8.73,6.46
FAC-4857,2026-04-04,Vendedor_A,PROD024,11,74.27,51.71
FAC-4858,2026-04-04,Vendedor_B,PROD025,21,110.26,79.48
FAC-4859,2026-04-04,Vendedor_A,PROD025,17,110.17,79.48
FAC-4860,2026-04-04,Vendedor_A,PROD010,3,9.14,6.46
FAC-4861,2026-04-04,Vendedor_C,PROD019,5,35.2,25.51
FAC-4862,2026-04-04,Vendedor_B,PROD015,22,6.54,4.68
FAC-4863,2026-04-04,Vendedor_A,PROD002,4,18.2,19.03
FAC-4864,2026-04-04,Vendedor_A,PROD020,21,68.6,51.93
FAC-4865,2026-04-04,Vendedor_C,PROD015,15,6.53,4.68
FAC-4866,2026-04-04,Vendedor_A,PROD023,23,77.01,55.8
FAC-4867,2026-04-04,Vendedor_A,PROD024,11,71.55,51.71
FAC-4868,2026-04-04,Vendedor_A,PROD008,4,11.62,8.65
FAC-4869,2026-04-04,Vendedor_A,PROD025,13,111.45,79.48
FAC-4870,2026-04-04,Vendedor_B,PROD009,5,10.13,7.11
FAC-4871,2026-04-04,Vendedor_B,PROD013,7,6.18,4.65
FAC-4872,2026-04-04,Vendedor_A,PROD006,1,27.33,20.74
FAC-4873,2026-04-04,Vendedor_B,PROD007,1,25.9,26.17
FAC-4874,2026-04-04,Vendedor_B,PROD010,5,8.95,6.46
FAC-4875,2026-04-04,Vendedor_A,PROD008,4,11.31,8.65
FAC-4876,2026-04-04,Vendedor_B,PROD014,4,6.48,4.91
FAC-4877,2026-04-04,Vendedor_A,PROD014,2,6.84,4.91
FAC-4878,2026-04-04,Vendedor_C,PROD009,4,10.23,7.11
FAC-4879,2026-04-04,Vendedor_B,PROD021,2,66.82,46.17
FAC-4880,2026-04-04,Vendedor_A,PROD021,3,60.26,46.17
FAC-4881,2026-04-04,Vendedor_A,PROD019,1,35.12,25.51
FAC-4882,2026-04-04,Vendedor_C,PROD015,16,6.72,4.68
FAC-4883,2026-04-04,Vendedor_A,PROD020,11,68.6,51.93
FAC-4884,2026-04-04,Vendedor_A,PROD014,4,6.76,4.91
FAC-4885,2026-04-04,Vendedor_A,PROD001,2,19.6,15.07
FAC-4886,2026-04-04,Vendedor_C,PROD019,5,35.81,25.51
FAC-4887,2026-04-04,Vendedor_A,PROD009,4,10.28,7.11
FAC-4888,2026-04-05,Vendedor_A,PROD010,3,8.59,6.46
FAC-4889,2026-04-05,Vendedor_C,PROD011,1,15.22,10.93
FAC-4890,2026-04-05,Vendedor_C,PROD015,14,6.24,4.68
FAC-4891,2026-04-05,Vendedor_B,PROD012,20,7.7,5.33
FAC-4892,2026-04-05,Vendedor_B,PROD007,4,25.9,26.17
FAC-4893,2026-04-05,Vendedor_C,PROD005,3,36.53,26.33
FAC-4894,2026-04-05,Vendedor_B,PROD007,2,25.9,26.17
FAC-4895,2026-04-05,Vendedor_A,PROD011,2,14.21,10.93
FAC-4896,2026-04-05,Vendedor_A,PROD002,2,18.2,19.03
FAC-4897,2026-04-05,Vendedor_A,PROD021,18,62.51,46.17
FAC-4898,2026-04-05,Vendedor_B,PROD009,5,9.29,7.11
FAC-4899,2026-04-05,Vendedor_B,PROD020,2,68.6,51.93
FAC-4900,2026-04-05,Vendedor_B,PROD004,5,17.69,12.97
FAC-4901,2026-04-05,Vendedor_A,PROD012,19,7.44,5.33
FAC-4902,2026-04-05,Vendedor_B,PROD006,2,30.01,20.74
FAC-4903,2026-04-05,Vendedor_B,PROD008,2,13.02,8.98
FAC-4904,2026-04-05,Vendedor_A,PROD019,3,36.45,26.26
FAC-4905,2026-04-05,Vendedor_A,PROD004,2,17.98,12.97
FAC-4906,2026-04-05,Vendedor_C,PROD013,22,6.18,4.65
FAC-4907,2026-04-05,Vendedor_A,PROD018,4,33.13,23.4
FAC-4908,2026-04-05,Vendedor_A,PROD008,1,12.58,8.98
FAC-4909,2026-04-05,Vendedor_B,PROD017,4,38.13,28.73
FAC-4910,2026-04-05,Vendedor_B,PROD015,9,6.66,4.68
FAC-4911,2026-04-05,Vendedor_A,PROD020,20,68.6,51.93
FAC-4912,2026-04-05,Vendedor_C,PROD015,15,6.29,4.68
FAC-4913,2026-04-05,Vendedor_B,PROD003,1,17.7,13.46
FAC-4914,2026-04-05,Vendedor_A,PROD023,14,81.0,60.95
FAC-4915,2026-04-05,Vendedor_C,PROD003,1,19.33,13.46
FAC-4916,2026-04-05,Vendedor_A,PROD013,4,6.08,4.65
FAC-4917,2026-04-05,Vendedor_A,PROD013,23,6.19,4.65
FAC-4918,2026-04-05,Vendedor_B,PROD021,11,65.38,46.17
FAC-4919,2026-04-05,Vendedor_A,PROD001,3,19.6,15.07
FAC-4920,2026-04-05,Vendedor_A,PROD019,1,37.96,26.26
FAC-4921,2026-04-05,Vendedor_A,PROD014,2,7.02,5.09
FAC-4922,2026-04-05,Vendedor_B,PROD016,5,6.72,7.83
FAC-4923,2026-04-05,Vendedor_B,PROD009,3,9.45,7.11
FAC-4924,2026-04-05,Vendedor_A,PROD023,3,85.22,60.95
FAC-4925,2026-04-05,Vendedor_A,PROD015,8,6.47,4.68
FAC-4926,2026-04-06,Vendedor_A,PROD018,4,33.46,23.4
FAC-4927,2026-04-06,Vendedor_A,PROD023,9,86.99,60.95
FAC-4928,2026-04-06,Vendedor_A,PROD002,1,18.2,19.03
FAC-4929,2026-04-06,Vendedor_A,PROD022,20,66.62,47.53
FAC-4930,2026-04-06,Vendedor_C,PROD011,1,14.32,10.93
FAC-4931,2026-04-06,Vendedor_A,PROD006,4,28.15,20.74
FAC-4932,2026-04-06,Vendedor_C,PROD002,1,18.2,19.03
FAC-4933,2026-04-06,Vendedor_C,PROD023,4,85.39,60.95
FAC-4934,2026-04-06,Vendedor_A,PROD004,2,17.45,12.97
FAC-4935,2026-04-06,Vendedor_A,PROD022,7,62.23,47.53
FAC-4936,2026-04-06,Vendedor_B,PROD020,17,68.6,51.93
FAC-4937,2026-04-06,Vendedor_B,PROD022,18,66.02,47.53
FAC-4938,2026-04-06,Vendedor_B,PROD021,3,65.59,46.17
FAC-4939,2026-04-06,Vendedor_B,PROD010,3,9.07,6.46
FAC-4940,2026-04-06,Vendedor_C,PROD013,23,6.32,4.65
FAC-4941,2026-04-06,Vendedor_B,PROD005,5,36.7,26.33
FAC-4942,2026-04-06,Vendedor_A,PROD012,10,7.08,5.33
FAC-4943,2026-04-06,Vendedor_C,PROD017,5,41.09,28.73
FAC-4944,2026-04-06,Vendedor_C,PROD022,7,63.47,47.53
FAC-4945,2026-04-06,Vendedor_C,PROD014,10,7.35,5.09
FAC-4946,2026-04-06,Vendedor_B,PROD006,1,27.19,20.74
FAC-4947,2026-04-06,Vendedor_C,PROD025,4,107.1,79.48
FAC-4948,2026-04-06,Vendedor_B,PROD005,4,35.64,26.33
FAC-4949,2026-04-06,Vendedor_B,PROD006,3,27.92,20.74
FAC-4950,2026-04-06,Vendedor_A,PROD020,12,68.6,51.93
FAC-4951,2026-04-06,Vendedor_A,PROD023,10,87.5,60.95
FAC-4952,2026-04-06,Vendedor_A,PROD009,2,9.92,7.11
FAC-4953,2026-04-06,Vendedor_A,PROD002,1,18.2,19.03
FAC-4954,2026-04-06,Vendedor_B,PROD019,4,37.84,26.26
FAC-4955,2026-04-06,Vendedor_B,PROD021,11,66.82,46.17
FAC-4956,2026-04-06,Vendedor_A,PROD009,4,9.71,7.11
FAC-4957,2026-04-06,Vendedor_A,PROD024,21,72.78,51.71
FAC-4958,2026-04-06,Vendedor_A,PROD006,1,28.84,20.74
FAC-4959,2026-04-06,Vendedor_B,PROD010,1,8.82,6.46
FAC-4960,2026-04-06,Vendedor_C,PROD004,1,18.76,12.97
FAC-4961,2026-04-06,Vendedor_A,PROD019,2,34.18,26.26
FAC-4962,2026-04-06,Vendedor_A,PROD008,5,12.13,8.98
FAC-4963,2026-04-06,Vendedor_A,PROD016,23,6.72,7.83
FAC-4964,2026-04-07,Vendedor_B,PROD007,3,25.9,26.17
FAC-4965,2026-04-07,Vendedor_C,PROD015,16,6.69,4.68
FAC-4966,2026-04-07,Vendedor_A,PROD023,21,82.41,60.95
FAC-4967,2026-04-07,Vendedor_A,PROD009,2,10.04,7.11
FAC-4968,2026-04-07,Vendedor_A,PROD025,4,106.76,79.48
FAC-4969,2026-04-07,Vendedor_B,PROD019,4,34.87,26.26
FAC-4970,2026-04-07,Vendedor_A,PROD018,2,32.21,23.88
FAC-4971,2026-04-07,Vendedor_B,PROD003,4,18.45,13.69
FAC-4972,2026-04-07,Vendedor_A,PROD013,22,6.67,4.65
FAC-4973,2026-04-07,Vendedor_A,PROD013,21,6.31,4.65
FAC-4974,2026-04-07,Vendedor_B,PROD014,14,7.23,5.09
FAC-4975,2026-04-07,Vendedor_B,PROD024,3,71.6,51.71
FAC-4976,2026-04-07,Vendedor_C,PROD018,2,34.43,23.88
FAC-4977,2026-04-07,Vendedor_A,PROD014,18,6.86,5.09
FAC-4978,2026-04-07,Vendedor_A,PROD023,22,85.88,60.95
FAC-4979,2026-04-07,Vendedor_A,PROD010,1,8.9,6.46
FAC-4980,2026-04-07,Vendedor_B,PROD016,15,6.72,7.83
FAC-4981,2026-04-07,Vendedor_C,PROD004,3,17.91,12.97
FAC-4982,2026-04-07,Vendedor_B,PROD004,5,17.14,12.97
FAC-4983,2026-04-07,Vendedor_A,PROD016,2,6.72,7.83
FAC-4984,2026-04-07,Vendedor_A,PROD024,14,70.58,51.71
FAC-4985,2026-04-07,Vendedor_B,PROD018,1,33.07,23.88
FAC-4986,2026-04-07,Vendedor_A,PROD011,4,15.15,10.93
FAC-4987,2026-04-07,Vendedor_A,PROD010,1,8.45,6.46
FAC-4988,2026-04-07,Vendedor_C,PROD003,5,18.47,13.69
FAC-4989,2026-04-07,Vendedor_B,PROD007,2,25.9,26.17
FAC-4990,2026-04-07,Vendedor_C,PROD017,5,38.14,28.73
FAC-4991,2026-04-07,Vendedor_C,PROD024,7,73.28,51.71
FAC-4992,2026-04-07,Vendedor_A,PROD005,1,35.21,26.33
FAC-4993,2026-04-07,Vendedor_B,PROD009,3,9.97,7.11
FAC-4994,2026-04-07,Vendedor_A,PROD013,17,6.42,4.65
FAC-4995,2026-04-07,Vendedor_C,PROD004,5,17.84,12.97
FAC-4996,2026-04-07,Vendedor_A,PROD021,21,64.48,46.17
FAC-4997,2026-04-07,Vendedor_C,PROD005,2,38.17,26.33
FAC-4998,2026-04-07,Vendedor_C,PROD005,4,35.83,26.33
FAC-4999,2026-04-07,Vendedor_B,PROD004,2,18.6,12.97
FAC-5000,2026-04-07,Vendedor_B,PROD008,2,12.52,8.98
FAC-5001,2026-04-07,Vendedor_B,PROD004,1,18.39,12.97
FAC-5002,2026-04-07,Vendedor_C,PROD008,2,11.99,8.98
FAC-5003,2026-04-07,Vendedor_B,PROD006,2,28.94,20.74
FAC-5004,2026-04-07,Vendedor_A,PROD018,3,33.4,23.88
FAC-5005,2026-04-07,Vendedor_C,PROD012,17,7.45,5.5
FAC-5006,2026-04-07,Vendedor_A,PROD010,2,9.01,6.46
FAC-5007,2026-04-07,Vendedor_B,PROD023,13,82.93,60.95
FAC-5008,2026-04-07,Vendedor_B,PROD013,18,6.55,4.65
FAC-5009,2026-04-08,Vendedor_A,PROD008,4,11.74,8.98
FAC-5010,2026-04-08,Vendedor_A,PROD004,4,18.2,12.97
FAC-5011,2026-04-08,Vendedor_B,PROD025,7,111.6,79.48
FAC-5012,2026-04-08,Vendedor_C,PROD012,15,7.44,5.5
FAC-5013,2026-04-08,Vendedor_A,PROD004,5,16.93,12.97
FAC-5014,2026-04-08,Vendedor_B,PROD002,3,18.2,19.03
FAC-5015,2026-04-08,Vendedor_B,PROD005,5,37.7,26.33
FAC-5016,2026-04-08,Vendedor_A,PROD012,19,7.75,5.5
FAC-5017,2026-04-08,Vendedor_A,PROD021,16,65.36,46.17
FAC-5018,2026-04-08,Vendedor_A,PROD014,16,6.87,5.09
FAC-5019,2026-04-08,Vendedor_A,PROD013,15,6.24,4.65
FAC-5020,2026-04-08,Vendedor_A,PROD001,2,19.6,15.07
FAC-5021,2026-04-08,Vendedor_A,PROD022,4,67.89,47.53
FAC-5022,2026-04-08,Vendedor_C,PROD018,5,33.72,23.88
FAC-5023,2026-04-08,Vendedor_C,PROD018,5,33.11,23.88
FAC-5024,2026-04-08,Vendedor_B,PROD012,8,7.8,5.5
FAC-5025,2026-04-08,Vendedor_A,PROD011,3,14.49,10.93
FAC-5026,2026-04-08,Vendedor_A,PROD008,3,13.01,8.98
FAC-5027,2026-04-08,Vendedor_A,PROD003,5,18.17,13.69
FAC-5028,2026-04-08,Vendedor_A,PROD015,13,6.33,4.68
FAC-5029,2026-04-08,Vendedor_A,PROD016,3,6.72,7.83
FAC-5030,2026-04-08,Vendedor_C,PROD014,8,6.97,5.09
FAC-5031,2026-04-08,Vendedor_A,PROD010,1,8.85,6.46
FAC-5032,2026-04-08,Vendedor_A,PROD004,3,17.97,12.97
FAC-5033,2026-04-08,Vendedor_B,PROD018,1,34.14,23.88
FAC-5034,2026-04-08,Vendedor_A,PROD012,20,7.33,5.5
FAC-5035,2026-04-08,Vendedor_C,PROD022,15,65.34,47.53
FAC-5036,2026-04-08,Vendedor_B,PROD005,1,36.84,26.33
FAC-5037,2026-04-08,Vendedor_C,PROD004,2,17.59,12.97
FAC-5038,2026-04-08,Vendedor_B,PROD008,2,12.17,8.98
FAC-5039,2026-04-08,Vendedor_A,PROD024,5,72.31,51.71
FAC-5040,2026-04-08,Vendedor_B,PROD002,2,18.2,19.03
FAC-5041,2026-04-08,Vendedor_C,PROD002,4,18.2,19.03
FAC-5042,2026-04-08,Vendedor_A,PROD022,5,64.07,47.53
FAC-5043,2026-04-08,Vendedor_A,PROD019,1,34.9,26.26
FAC-5044,2026-04-08,Vendedor_C,PROD002,1,18.2,19.03
FAC-5045,2026-04-09,Vendedor_A,PROD004,2,17.66,12.97
FAC-5046,2026-04-09,Vendedor_C,PROD013,5,6.43,4.65
FAC-5047,2026-04-09,Vendedor_A,PROD019,5,34.37,26.26
FAC-5048,2026-04-09,Vendedor_A,PROD025,11,108.14,79.48
FAC-5049,2026-04-09,Vendedor_A,PROD021,19,63.21,46.17
FAC-5050,2026-04-09,Vendedor_C,PROD011,2,15.52,10.93
FAC-5051,2026-04-09,Vendedor_A,PROD025,20,106.52,79.48
FAC-5052,2026-04-09,Vendedor_B,PROD001,2,19.6,15.37
FAC-5053,2026-04-09,Vendedor_A,PROD011,1,15.38,10.93
FAC-5054,2026-04-09,Vendedor_A,PROD019,5,37.68,26.26
FAC-5055,2026-04-09,Vendedor_B,PROD017,1,40.38,28.73
FAC-5056,2026-04-09,Vendedor_B,PROD023,20,80.53,60.95
FAC-5057,2026-04-09,Vendedor_B,PROD024,15,72.4,53.25
FAC-5058,2026-04-09,Vendedor_A,PROD022,8,64.04,47.53
FAC-5059,2026-04-09,Vendedor_A,PROD017,4,38.33,28.73
FAC-5060,2026-04-09,Vendedor_A,PROD006,3,30.66,21.48
FAC-5061,2026-04-09,Vendedor_B,PROD023,13,87.77,60.95
FAC-5062,2026-04-09,Vendedor_C,PROD008,4,12.32,8.98
FAC-5063,2026-04-09,Vendedor_A,PROD024,21,76.3,53.25
FAC-5064,2026-04-09,Vendedor_A,PROD018,4,34.53,23.88
FAC-5065,2026-04-09,Vendedor_C,PROD002,3,18.2,19.03
FAC-5066,2026-04-09,Vendedor_C,PROD023,13,87.54,60.95
FAC-5067,2026-04-09,Vendedor_A,PROD023,7,80.66,60.95
FAC-5068,2026-04-09,Vendedor_A,PROD011,2,15.2,10.93
FAC-5069,2026-04-09,Vendedor_B,PROD019,1,36.66,26.26
FAC-5070,2026-04-09,Vendedor_A,PROD006,5,29.51,21.48
FAC-5071,2026-04-09,Vendedor_A,PROD021,10,64.76,46.17
FAC-5072,2026-04-09,Vendedor_A,PROD016,20,6.72,7.83
FAC-5073,2026-04-09,Vendedor_A,PROD018,4,31.52,23.88
FAC-5074,2026-04-09,Vendedor_A,PROD001,1,19.6,15.37
FAC-5075,2026-04-09,Vendedor_A,PROD021,10,60.14,46.17
FAC-5076,2026-04-09,Vendedor_C,PROD017,2,38.63,28.73
FAC-5077,2026-04-09,Vendedor_B,PROD007,2,25.9,29.67
FAC-5078,2026-04-09,Vendedor_C,PROD024,16,69.55,53.25
FAC-5079,2026-04-09,Vendedor_A,PROD008,5,11.92,8.98
FAC-5080,2026-04-09,Vendedor_C,PROD016,5,6.72,7.83
FAC-5081,2026-04-09,Vendedor_B,PROD020,17,68.6,53.28
FAC-5082,2026-04-09,Vendedor_A,PROD010,3,8.65,6.46
FAC-5083,2026-04-09,Vendedor_B,PROD013,12,6.38,4.65
FAC-5084,2026-04-09,Vendedor_B,PROD020,3,68.6,53.28
FAC-5085,2026-04-09,Vendedor_B,PROD012,15,7.68,5.5
FAC-5086,2026-04-09,Vendedor_A,PROD024,11,72.82,53.25
FAC-5087,2026-04-09,Vendedor_B,PROD017,4,39.76,28.73
FAC-5088,2026-04-09,Vendedor_A,PROD024,17,72.11,53.25
FAC-5089,2026-04-10,Vendedor_A,PROD011,4,14.57,10.93
FAC-5090,2026-04-10,Vendedor_B,PROD014,13,6.78,5.09
FAC-5091,2026-04-10,Vendedor_A,PROD002,1,18.2,19.03
FAC-5092,2026-04-10,Vendedor_A,PROD005,1,37.63,26.33
FAC-5093,2026-04-10,Vendedor_B,PROD003,2,19.7,13.69
FAC-5094,2026-04-10,Vendedor_C,PROD013,3,6.08,4.65
FAC-5095,2026-04-10,Vendedor_A,PROD011,2,15.35,10.93
FAC-5096,2026-04-10,Vendedor_A,PROD013,17,6.6,4.65
FAC-5097,2026-04-10,Vendedor_C,PROD015,2,6.52,4.75
FAC-5098,2026-04-10,Vendedor_A,PROD017,2,40.64,28.73
FAC-5099,2026-04-10,Vendedor_A,PROD002,1,18.2,19.03
FAC-5100,2026-04-10,Vendedor_A,PROD005,4,35.12,26.33
FAC-5101,2026-04-10,Vendedor_B,PROD011,3,15.38,10.93
FAC-5102,2026-04-10,Vendedor_A,PROD006,1,29.45,21.48
FAC-5103,2026-04-10,Vendedor_A,PROD015,15,6.74,4.75
FAC-5104,2026-04-10,Vendedor_A,PROD015,2,6.73,4.75
FAC-5105,2026-04-10,Vendedor_A,PROD006,4,28.95,21.48
FAC-5106,2026-04-10,Vendedor_A,PROD018,1,34.26,23.88
FAC-5107,2026-04-10,Vendedor_A,PROD021,5,61.56,46.17
FAC-5108,2026-04-10,Vendedor_C,PROD021,17,66.63,46.17
FAC-5109,2026-04-10,Vendedor_A,PROD014,15,6.76,5.09
FAC-5110,2026-04-10,Vendedor_A,PROD019,2,35.12,26.26
FAC-5111,2026-04-10,Vendedor_A,PROD013,16,6.34,4.65
FAC-5112,2026-04-10,Vendedor_A,PROD024,6,76.18,53.25
FAC-5113,2026-04-10,Vendedor_A,PROD013,11,6.5,4.65
FAC-5114,2026-04-10,Vendedor_B,PROD006,4,31.12,21.48
FAC-5115,2026-04-10,Vendedor_A,PROD011,3,14.34,10.93
FAC-5116,2026-04-10,Vendedor_A,PROD006,2,28.68,21.48
FAC-5117,2026-04-10,Vendedor_A,PROD001,2,19.6,15.37
FAC-5118,2026-04-10,Vendedor_C,PROD007,1,25.9,29.67
FAC-5119,2026-04-10,Vendedor_A,PROD023,11,87.81,60.95
FAC-5120,2026-04-10,Vendedor_A,PROD006,5,30.7,21.48
FAC-5121,2026-04-10,Vendedor_B,PROD012,5,7.31,5.5
FAC-5122,2026-04-10,Vendedor_C,PROD018,3,33.8,23.88
FAC-5123,2026-04-10,Vendedor_A,PROD011,4,15.75,10.93
FAC-5124,2026-04-10,Vendedor_C,PROD019,2,34.95,26.26
FAC-5125,2026-04-10,Vendedor_A,PROD024,17,72.06,53.25
FAC-5126,2026-04-10,Vendedor_A,PROD007,1,25.9,29.67
FAC-5127,2026-04-10,Vendedor_B,PROD005,1,37.9,26.33
FAC-5128,2026-04-10,Vendedor_C,PROD010,1,9.21,6.46
FAC-5129,2026-04-10,Vendedor_A,PROD002,4,18.2,19.03
FAC-5130,2026-04-11,Vendedor_B,PROD018,2,31.98,23.88
FAC-5131,2026-04-11,Vendedor_B,PROD002,5,18.2,19.03
FAC-5132,2026-04-11,Vendedor_A,PROD025,13,103.43,79.48
FAC-5133,2026-04-11,Vendedor_A,PROD009,5,9.71,7.36
FAC-5134,2026-04-11,Vendedor_A,PROD016,11,6.72,7.83
FAC-5135,2026-04-11,Vendedor_A,PROD008,3,12.9,8.98
FAC-5136,2026-04-11,Vendedor_A,PROD009,4,10.22,7.36
FAC-5137,2026-04-11,Vendedor_B,PROD004,4,17.81,12.97
FAC-5138,2026-04-11,Vendedor_C,PROD009,5,10.27,7.36
FAC-5139,2026-04-11,Vendedor_A,PROD015,15,6.35,4.75
FAC-5140,2026-04-11,Vendedor_A,PROD003,1,17.87,13.69
FAC-5141,2026-04-11,Vendedor_C,PROD023,18,85.52,60.95
FAC-5142,2026-04-11,Vendedor_B,PROD001,3,19.6,15.37
FAC-5143,2026-04-11,Vendedor_A,PROD025,4,112.32,79.48
FAC-5144,2026-04-11,Vendedor_A,PROD012,8,7.57,5.5
FAC-5145,2026-04-11,Vendedor_C,PROD019,5,37.0,26.26
FAC-5146,2026-04-11,Vendedor_B,PROD016,16,6.72,7.83
FAC-5147,2026-04-11,Vendedor_B,PROD007,3,25.9,29.67
FAC-5148,2026-04-11,Vendedor_B,PROD010,1,8.8,6.46
FAC-5149,2026-04-11,Vendedor_A,PROD001,3,19.6,15.37
FAC-5150,2026-04-11,Vendedor_B,PROD002,3,18.2,19.03
FAC-5151,2026-04-11,Vendedor_A,PROD019,2,35.36,26.26
FAC-5152,2026-04-11,Vendedor_A,PROD024,6,71.25,53.25
FAC-5153,2026-04-11,Vendedor_A,PROD012,9,7.19,5.5
FAC-5154,2026-04-11,Vendedor_B,PROD015,12,6.54,4.75
FAC-5155,2026-04-11,Vendedor_B,PROD013,12,6.09,4.65
FAC-5156,2026-04-11,Vendedor_A,PROD008,4,12.96,8.98
FAC-5157,2026-04-11,Vendedor_A,PROD006,5,30.03,21.48
FAC-5158,2026-04-11,Vendedor_B,PROD010,1,9.29,6.46
FAC-5159,2026-04-11,Vendedor_A,PROD010,5,8.42,6.46
FAC-5160,2026-04-11,Vendedor_B,PROD017,4,40.29,28.73
FAC-5161,2026-04-11,Vendedor_B,PROD002,3,18.2,19.03
FAC-5162,2026-04-11,Vendedor_A,PROD023,19,82.63,60.95
FAC-5163,2026-04-11,Vendedor_A,PROD015,19,6.29,4.75
FAC-5164,2026-04-11,Vendedor_B,PROD005,2,37.07,26.33
FAC-5165,2026-04-11,Vendedor_B,PROD008,3,12.38,8.98
FAC-5166,2026-04-11,Vendedor_B,PROD008,3,11.74,8.98
FAC-5167,2026-04-11,Vendedor_A,PROD022,18,65.09,48.95
FAC-5168,2026-04-11,Vendedor_B,PROD003,1,18.87,13.69
FAC-5169,2026-04-11,Vendedor_A,PROD021,17,66.43,46.17
FAC-5170,2026-04-11,Vendedor_A,PROD022,19,63.99,48.95
FAC-5171,2026-04-11,Vendedor_C,PROD010,5,8.8,6.46
FAC-5172,2026-04-11,Vendedor_B,PROD012,17,7.84,5.5
FAC-5173,2026-04-11,Vendedor_C,PROD025,20,71.53,79.48
FAC-5174,2026-04-11,Vendedor_B,PROD008,1,12.59,8.98
FAC-5175,2026-04-11,Vendedor_A,PROD018,2,33.84,23.88
FAC-5176,2026-04-11,Vendedor_B,PROD011,2,14.79,10.93
FAC-5177,2026-04-12,Vendedor_A,PROD013,8,6.1,4.65
FAC-5178,2026-04-12,Vendedor_C,PROD020,12,68.6,53.28
FAC-5179,2026-04-12,Vendedor_A,PROD019,5,34.48,26.26
FAC-5180,2026-04-12,Vendedor_A,PROD008,5,12.63,8.98
FAC-5181,2026-04-12,Vendedor_A,PROD009,3,10.28,7.36
FAC-5182,2026-04-12,Vendedor_B,PROD001,2,19.6,15.37
FAC-5183,2026-04-12,Vendedor_A,PROD008,2,12.46,8.98
FAC-5184,2026-04-12,Vendedor_B,PROD004,5,18.13,12.97
FAC-5185,2026-04-12,Vendedor_C,PROD005,2,34.34,26.33
FAC-5186,2026-04-12,Vendedor_B,PROD004,2,18.34,12.97
FAC-5187,2026-04-12,Vendedor_A,PROD022,15,68.1,48.95
FAC-5188,2026-04-12,Vendedor_A,PROD010,2,8.78,6.46
FAC-5189,2026-04-12,Vendedor_A,PROD023,16,82.7,60.95
FAC-5190,2026-04-12,Vendedor_A,PROD008,3,11.83,8.98
FAC-5191,2026-04-12,Vendedor_A,PROD021,5,64.13,46.17
FAC-5192,2026-04-12,Vendedor_A,PROD021,6,65.99,46.17
FAC-5193,2026-04-12,Vendedor_A,PROD018,4,32.83,23.88
FAC-5194,2026-04-12,Vendedor_A,PROD022,19,67.33,48.95
FAC-5195,2026-04-12,Vendedor_A,PROD023,23,81.08,60.95
FAC-5196,2026-04-12,Vendedor_B,PROD023,4,84.69,60.95
FAC-5197,2026-04-12,Vendedor_C,PROD018,1,34.02,23.88
FAC-5198,2026-04-12,Vendedor_A,PROD006,3,29.01,21.48
FAC-5199,2026-04-12,Vendedor_C,PROD007,2,25.9,29.67
FAC-5200,2026-04-12,Vendedor_C,PROD002,5,18.2,19.03
FAC-5201,2026-04-12,Vendedor_A,PROD005,4,35.61,26.33
FAC-5202,2026-04-12,Vendedor_A,PROD010,3,9.04,6.46
FAC-5203,2026-04-12,Vendedor_A,PROD001,5,19.6,15.37
FAC-5204,2026-04-12,Vendedor_A,PROD025,17,104.25,79.48
FAC-5205,2026-04-12,Vendedor_B,PROD001,4,19.6,15.37
FAC-5206,2026-04-12,Vendedor_B,PROD005,5,35.84,26.33
FAC-5207,2026-04-12,Vendedor_A,PROD001,5,19.6,15.37
FAC-5208,2026-04-12,Vendedor_C,PROD025,5,113.26,79.48
FAC-5209,2026-04-12,Vendedor_B,PROD013,6,6.12,4.65
FAC-5210,2026-04-12,Vendedor_A,PROD015,14,6.64,4.75
FAC-5211,2026-04-12,Vendedor_B,PROD001,5,19.6,15.37
FAC-5212,2026-04-12,Vendedor_C,PROD014,18,6.99,5.09
FAC-5213,2026-04-12,Vendedor_B,PROD024,19,77.09,53.25
FAC-5214,2026-04-12,Vendedor_B,PROD019,3,36.0,26.26
FAC-5215,2026-04-12,Vendedor_A,PROD018,1,34.5,23.88
FAC-5216,2026-04-12,Vendedor_A,PROD022,3,67.51,48.95
FAC-5217,2026-04-12,Vendedor_A,PROD015,16,6.84,4.75
FAC-5218,2026-04-12,Vendedor_B,PROD020,4,68.6,53.28
FAC-5219,2026-04-12,Vendedor_A,PROD020,21,68.6,53.28
FAC-5220,2026-04-12,Vendedor_A,PROD008,3,12.52,8.98
FAC-5221,2026-04-12,Vendedor_B,PROD010,5,8.64,6.46
FAC-5222,2026-04-12,Vendedor_A,PROD004,5,17.07,12.97
FAC-5223,2026-04-12,Vendedor_A,PROD024,9,73.63,53.25
FAC-5224,2026-04-12,Vendedor_B,PROD012,14,7.55,5.5
FAC-5225,2026-04-13,Vendedor_A,PROD001,2,19.6,15.37
FAC-5226,2026-04-13,Vendedor_C,PROD014,13,6.9,5.09
FAC-5227,2026-04-13,Vendedor_A,PROD016,5,6.72,7.83
FAC-5228,2026-04-13,Vendedor_A,PROD006,2,27.97,21.48
FAC-5229,2026-04-13,Vendedor_A,PROD011,3,14.51,10.93
FAC-5230,2026-04-13,Vendedor_B,PROD021,18,61.32,46.17
FAC-5231,2026-04-13,Vendedor_A,PROD022,12,66.01,48.95
FAC-5232,2026-04-13,Vendedor_B,PROD006,3,28.03,21.48
FAC-5233,2026-04-13,Vendedor_A,PROD005,4,36.26,26.33
FAC-5234,2026-04-13,Vendedor_A,PROD008,5,12.02,8.98
FAC-5235,2026-04-13,Vendedor_A,PROD013,18,6.24,4.65
FAC-5236,2026-04-13,Vendedor_A,PROD014,14,6.95,5.09
FAC-5237,2026-04-13,Vendedor_A,PROD022,23,65.95,48.95
FAC-5238,2026-04-13,Vendedor_A,PROD024,19,73.76,53.25
FAC-5239,2026-04-13,Vendedor_A,PROD006,3,29.66,21.48
FAC-5240,2026-04-13,Vendedor_B,PROD006,5,29.97,21.48
FAC-5241,2026-04-13,Vendedor_A,PROD015,20,6.28,4.75
FAC-5242,2026-04-13,Vendedor_A,PROD025,5,106.28,79.48
FAC-5243,2026-04-13,Vendedor_C,PROD010,3,9.2,6.46
FAC-5244,2026-04-13,Vendedor_C,PROD002,3,18.2,19.03
FAC-5245,2026-04-13,Vendedor_A,PROD017,2,37.81,28.73
FAC-5246,2026-04-13,Vendedor_A,PROD019,3,34.41,26.26
FAC-5247,2026-04-13,Vendedor_A,PROD001,2,19.6,15.37
FAC-5248,2026-04-13,Vendedor_A,PROD005,4,34.9,26.33
FAC-5249,2026-04-13,Vendedor_B,PROD004,1,18.65,12.97
FAC-5250,2026-04-13,Vendedor_A,PROD012,22,7.33,5.5
FAC-5251,2026-04-13,Vendedor_C,PROD024,5,69.54,53.25
FAC-5252,2026-04-13,Vendedor_A,PROD011,2,15.81,10.93
FAC-5253,2026-04-13,Vendedor_A,PROD007,3,25.9,29.67
FAC-5254,2026-04-13,Vendedor_A,PROD024,18,76.97,53.25
FAC-5255,2026-04-13,Vendedor_A,PROD007,2,25.9,29.67
FAC-5256,2026-04-13,Vendedor_A,PROD004,3,18.44,12.97
FAC-5257,2026-04-13,Vendedor_B,PROD012,15,7.28,5.5
FAC-5258,2026-04-13,Vendedor_A,PROD013,18,6.44,4.65
FAC-5259,2026-04-13,Vendedor_C,PROD012,15,7.78,5.5
FAC-5260,2026-04-13,Vendedor_A,PROD012,20,7.36,5.5
FAC-5261,2026-04-13,Vendedor_A,PROD013,12,6.06,4.65
FAC-5262,2026-04-13,Vendedor_C,PROD006,3,30.76,21.48
FAC-5263,2026-04-13,Vendedor_A,PROD006,1,28.18,21.48
FAC-5264,2026-04-13,Vendedor_B,PROD011,4,15.01,10.93
FAC-5265,2026-04-13,Vendedor_B,PROD017,1,41.58,28.73
FAC-5266,2026-04-13,Vendedor_A,PROD019,1,36.18,26.26
FAC-5267,2026-04-14,Vendedor_B,PROD006,3,28.96,21.48
FAC-5268,2026-04-14,Vendedor_C,PROD005,3,37.76,26.33
FAC-5269,2026-04-14,Vendedor_A,PROD010,5,9.31,6.46
FAC-5270,2026-04-14,Vendedor_C,PROD007,4,25.9,29.67
FAC-5271,2026-04-14,Vendedor_C,PROD016,10,6.72,7.83
FAC-5272,2026-04-14,Vendedor_A,PROD003,5,17.99,13.69
FAC-5273,2026-04-14,Vendedor_B,PROD019,4,34.83,26.26
FAC-5274,2026-04-14,Vendedor_A,PROD003,4,19.55,13.69
FAC-5275,2026-04-14,Vendedor_A,PROD019,4,35.32,26.26
FAC-5276,2026-04-14,Vendedor_A,PROD010,3,8.54,6.46
FAC-5277,2026-04-14,Vendedor_A,PROD004,3,18.26,12.97
FAC-5278,2026-04-14,Vendedor_A,PROD011,1,15.58,10.93
FAC-5279,2026-04-14,Vendedor_B,PROD025,13,107.92,79.48
FAC-5280,2026-04-14,Vendedor_B,PROD007,4,25.9,29.67
FAC-5281,2026-04-14,Vendedor_B,PROD023,12,83.86,60.95
FAC-5282,2026-04-14,Vendedor_A,PROD024,21,71.2,53.25
FAC-5283,2026-04-14,Vendedor_A,PROD019,2,34.25,26.26
FAC-5284,2026-04-14,Vendedor_B,PROD002,1,18.2,19.03
FAC-5285,2026-04-14,Vendedor_A,PROD013,4,6.59,4.65
FAC-5286,2026-04-14,Vendedor_A,PROD023,2,79.35,60.95
FAC-5287,2026-04-14,Vendedor_A,PROD014,2,6.67,5.09
FAC-5288,2026-04-14,Vendedor_B,PROD005,5,36.98,26.33
FAC-5289,2026-04-14,Vendedor_A,PROD019,2,36.7,26.26
FAC-5290,2026-04-14,Vendedor_C,PROD015,12,6.53,4.75
FAC-5291,2026-04-14,Vendedor_C,PROD008,4,12.53,8.98
FAC-5292,2026-04-14,Vendedor_B,PROD009,3,10.0,7.36
FAC-5293,2026-04-14,Vendedor_C,PROD020,21,68.6,53.28
FAC-5294,2026-04-14,Vendedor_A,PROD010,5,8.48,6.46
FAC-5295,2026-04-14,Vendedor_A,PROD002,3,18.2,19.03
FAC-5296,2026-04-14,Vendedor_A,PROD017,2,39.12,28.73
FAC-5297,2026-04-14,Vendedor_A,PROD018,1,31.52,23.88
FAC-5298,2026-04-14,Vendedor_A,PROD001,1,19.6,15.37
FAC-5299,2026-04-14,Vendedor_A,PROD020,16,68.6,53.28
FAC-5300,2026-04-14,Vendedor_C,PROD014,20,6.76,5.09
FAC-5301,2026-04-14,Vendedor_A,PROD024,21,77.11,53.25
FAC-5302,2026-04-14,Vendedor_A,PROD018,4,32.56,23.88
FAC-5303,2026-04-14,Vendedor_A,PROD016,8,6.72,7.83
FAC-5304,2026-04-14,Vendedor_A,PROD015,9,6.37,4.75
FAC-5305,2026-04-14,Vendedor_C,PROD024,13,72.64,53.25
FAC-5306,2026-04-14,Vendedor_C,PROD012,10,7.87,5.5
FAC-5307,2026-04-15,Vendedor_C,PROD017,1,40.19,28.73
FAC-5308,2026-04-15,Vendedor_B,PROD019,4,38.03,26.26
FAC-5309,2026-04-15,Vendedor_C,PROD021,12,65.42,46.17
FAC-5310,2026-04-15,Vendedor_C,PROD024,14,70.6,53.25
FAC-5311,2026-04-15,Vendedor_B,PROD002,3,18.2,19.03
FAC-5312,2026-04-15,Vendedor_A,PROD020,7,68.6,53.28
FAC-5313,2026-04-15,Vendedor_B,PROD017,5,40.2,28.73
FAC-5314,2026-04-15,Vendedor_B,PROD015,8,6.42,4.75
FAC-5315,2026-04-15,Vendedor_A,PROD011,3,15.72,10.93
FAC-5316,2026-04-15,Vendedor_C,PROD022,17,69.33,48.95
FAC-5317,2026-04-15,Vendedor_A,PROD007,4,25.9,29.67
FAC-5318,2026-04-15,Vendedor_A,PROD025,9,104.59,79.48
FAC-5319,2026-04-15,Vendedor_A,PROD013,13,6.73,4.65
FAC-5320,2026-04-15,Vendedor_A,PROD017,4,39.2,28.73
FAC-5321,2026-04-15,Vendedor_A,PROD011,1,14.26,10.93
FAC-5322,2026-04-15,Vendedor_C,PROD007,4,25.9,29.67
FAC-5323,2026-04-15,Vendedor_A,PROD009,5,10.24,7.36
FAC-5324,2026-04-15,Vendedor_A,PROD019,5,36.28,26.26
FAC-5325,2026-04-15,Vendedor_B,PROD022,15,68.28,48.95
FAC-5326,2026-04-15,Vendedor_A,PROD015,22,6.65,4.75
FAC-5327,2026-04-15,Vendedor_B,PROD023,20,86.27,60.95
FAC-5328,2026-04-15,Vendedor_A,PROD006,2,29.69,21.48
FAC-5329,2026-04-15,Vendedor_A,PROD022,15,66.98,48.95
FAC-5330,2026-04-15,Vendedor_B,PROD009,3,9.96,7.36
FAC-5331,2026-04-15,Vendedor_C,PROD018,3,32.45,23.88
FAC-5332,2026-04-15,Vendedor_C,PROD013,11,6.22,4.65
FAC-5333,2026-04-15,Vendedor_C,PROD022,9,66.57,48.95
FAC-5334,2026-04-15,Vendedor_C,PROD024,18,73.57,53.25
FAC-5335,2026-04-15,Vendedor_A,PROD021,16,64.44,46.17
FAC-5336,2026-04-15,Vendedor_A,PROD012,10,7.46,5.5
FAC-5337,2026-04-15,Vendedor_B,PROD020,23,68.6,53.28
FAC-5338,2026-04-15,Vendedor_A,PROD008,5,12.72,8.98
FAC-5339,2026-04-15,Vendedor_A,PROD018,5,34.57,23.88
FAC-5340,2026-04-15,Vendedor_A,PROD015,15,6.83,4.75
FAC-5341,2026-04-15,Vendedor_A,PROD025,7,111.32,79.48
FAC-5342,2026-04-15,Vendedor_C,PROD003,5,18.87,13.69
FAC-5343,2026-04-15,Vendedor_C,PROD015,18,6.47,4.75
FAC-5344,2026-04-15,Vendedor_A,PROD002,4,18.2,19.03
FAC-5345,2026-04-15,Vendedor_A,PROD023,6,79.91,60.95
FAC-5346,2026-04-15,Vendedor_A,PROD025,9,113.28,79.48
FAC-5347,2026-04-15,Vendedor_B,PROD021,9,66.05,46.17
FAC-5348,2026-04-15,Vendedor_A,PROD002,1,18.2,19.03
FAC-5349,2026-04-15,Vendedor_B,PROD005,4,35.77,26.33
FAC-5350,2026-04-15,Vendedor_B,PROD016,8,6.72,7.83
FAC-5351,2026-04-15,Vendedor_A,PROD018,3,34.28,23.88
FAC-5352,2026-04-16,Vendedor_C,PROD025,9,71.53,79.48
FAC-5353,2026-04-16,Vendedor_A,PROD019,1,38.04,26.26
FAC-5354,2026-04-16,Vendedor_A,PROD011,4,14.5,10.93
FAC-5355,2026-04-16,Vendedor_C,PROD002,4,18.2,19.03
FAC-5356,2026-04-16,Vendedor_A,PROD001,5,19.6,15.37
FAC-5357,2026-04-16,Vendedor_A,PROD020,23,68.6,53.28
FAC-5358,2026-04-16,Vendedor_A,PROD005,1,35.45,26.33
FAC-5359,2026-04-16,Vendedor_B,PROD021,4,62.98,46.17
FAC-5360,2026-04-16,Vendedor_B,PROD013,22,6.37,4.65
FAC-5361,2026-04-16,Vendedor_A,PROD020,18,68.6,53.28
FAC-5362,2026-04-16,Vendedor_B,PROD016,2,6.72,7.83
FAC-5363,2026-04-16,Vendedor_B,PROD011,5,14.46,10.93
FAC-5364,2026-04-16,Vendedor_C,PROD005,2,35.55,26.33
FAC-5365,2026-04-16,Vendedor_B,PROD016,5,6.72,7.83
FAC-5366,2026-04-16,Vendedor_A,PROD014,4,7.19,5.09
FAC-5367,2026-04-16,Vendedor_C,PROD004,1,18.64,12.97
FAC-5368,2026-04-16,Vendedor_A,PROD012,23,7.36,5.5
FAC-5369,2026-04-16,Vendedor_A,PROD016,22,6.72,7.83
FAC-5370,2026-04-16,Vendedor_A,PROD024,10,69.72,53.25
FAC-5371,2026-04-16,Vendedor_C,PROD024,8,70.42,53.25
FAC-5372,2026-04-16,Vendedor_A,PROD009,4,10.42,7.36
FAC-5373,2026-04-16,Vendedor_B,PROD016,7,6.72,7.83
FAC-5374,2026-04-16,Vendedor_A,PROD015,9,6.42,4.75
FAC-5375,2026-04-16,Vendedor_A,PROD001,2,19.6,15.37
FAC-5376,2026-04-16,Vendedor_A,PROD018,3,32.77,23.88
FAC-5377,2026-04-16,Vendedor_A,PROD007,4,25.9,29.67
FAC-5378,2026-04-16,Vendedor_A,PROD017,1,37.55,28.73
FAC-5379,2026-04-16,Vendedor_B,PROD006,5,28.21,21.48
FAC-5380,2026-04-16,Vendedor_B,PROD008,3,12.78,8.98
FAC-5381,2026-04-16,Vendedor_C,PROD015,22,6.77,4.75
FAC-5382,2026-04-16,Vendedor_A,PROD001,3,19.6,15.37
FAC-5383,2026-04-16,Vendedor_A,PROD001,1,19.6,15.37
FAC-5384,2026-04-16,Vendedor_C,PROD017,2,40.66,28.73
FAC-5385,2026-04-16,Vendedor_C,PROD014,21,6.99,5.09
FAC-5386,2026-04-16,Vendedor_C,PROD020,13,68.6,53.28
FAC-5387,2026-04-16,Vendedor_A,PROD013,4,6.59,4.65
FAC-5388,2026-04-16,Vendedor_A,PROD013,2,6.66,4.65
FAC-5389,2026-04-16,Vendedor_A,PROD008,5,12.12,8.98
FAC-5390,2026-04-16,Vendedor_A,PROD017,5,38.7,28.73
FAC-5391,2026-04-16,Vendedor_A,PROD021,8,64.19,46.17
FAC-5392,2026-04-16,Vendedor_B,PROD023,15,82.97,60.95
FAC-5393,2026-04-16,Vendedor_B,PROD017,2,39.64,28.73
FAC-5394,2026-04-16,Vendedor_B,PROD019,5,36.57,26.26
FAC-5395,2026-04-16,Vendedor_B,PROD005,5,36.17,26.33
FAC-5396,2026-04-16,Vendedor_B,PROD016,23,6.72,7.83
FAC-5397,2026-04-16,Vendedor_B,PROD023,15,87.45,60.95
FAC-5398,2026-04-16,Vendedor_A,PROD016,13,6.72,7.83
FAC-5399,2026-04-16,Vendedor_C,PROD015,2,6.88,4.75
FAC-5400,2026-04-16,Vendedor_B,PROD003,2,18.48,13.69
FAC-5401,2026-04-17,Vendedor_A,PROD016,17,6.72,7.83
FAC-5402,2026-04-17,Vendedor_A,PROD004,2,18.12,12.97
FAC-5403,2026-04-17,Vendedor_A,PROD010,1,9.25,6.46
FAC-5404,2026-04-17,Vendedor_A,PROD015,16,6.3,4.75
FAC-5405,2026-04-17,Vendedor_B,PROD002,1,18.2,19.03
FAC-5406,2026-04-17,Vendedor_A,PROD007,3,25.9,29.67
FAC-5407,2026-04-17,Vendedor_A,PROD010,3,9.09,6.46
FAC-5408,2026-04-17,Vendedor_C,PROD022,3,69.22,48.95
FAC-5409,2026-04-17,Vendedor_C,PROD007,3,25.9,29.67
FAC-5410,2026-04-17,Vendedor_C,PROD007,5,25.9,29.67
FAC-5411,2026-04-17,Vendedor_A,PROD008,2,12.04,8.98
FAC-5412,2026-04-17,Vendedor_C,PROD014,11,7.11,5.09
FAC-5413,2026-04-17,Vendedor_A,PROD014,2,6.9,5.09
FAC-5414,2026-04-17,Vendedor_A,PROD001,4,19.6,15.37
FAC-5415,2026-04-17,Vendedor_C,PROD017,3,39.07,28.73
FAC-5416,2026-04-17,Vendedor_A,PROD013,3,6.43,4.65
FAC-5417,2026-04-17,Vendedor_C,PROD024,12,70.3,53.25
FAC-5418,2026-04-17,Vendedor_B,PROD002,5,18.2,19.03
FAC-5419,2026-04-17,Vendedor_A,PROD016,3,6.72,7.83
FAC-5420,2026-04-17,Vendedor_B,PROD016,9,6.72,7.83
FAC-5421,2026-04-17,Vendedor_B,PROD020,11,68.6,53.28
FAC-5422,2026-04-17,Vendedor_C,PROD023,22,87.74,60.95
FAC-5423,2026-04-17,Vendedor_A,PROD002,5,18.2,19.03
FAC-5424,2026-04-17,Vendedor_B,PROD009,5,10.32,7.36
FAC-5425,2026-04-17,Vendedor_A,PROD008,2,12.38,8.98
FAC-5426,2026-04-17,Vendedor_B,PROD017,2,38.8,28.73
FAC-5427,2026-04-17,Vendedor_C,PROD010,5,8.64,6.46
FAC-5428,2026-04-17,Vendedor_C,PROD023,9,87.94,60.95
FAC-5429,2026-04-17,Vendedor_A,PROD019,4,35.75,26.26
FAC-5430,2026-04-17,Vendedor_A,PROD015,17,6.29,4.75
FAC-5431,2026-04-17,Vendedor_A,PROD025,18,109.26,79.48
FAC-5432,2026-04-17,Vendedor_B,PROD025,23,103.78,79.48
FAC-5433,2026-04-17,Vendedor_B,PROD005,5,38.09,26.33
FAC-5434,2026-04-17,Vendedor_A,PROD002,5,18.2,19.03
FAC-5435,2026-04-17,Vendedor_A,PROD014,15,7.34,5.09
FAC-5436,2026-04-17,Vendedor_A,PROD025,18,112.13,79.48
FAC-5437,2026-04-17,Vendedor_C,PROD020,19,68.6,53.28
FAC-5438,2026-04-17,Vendedor_C,PROD003,3,19.76,13.69
FAC-5439,2026-04-17,Vendedor_B,PROD002,5,18.2,19.03
FAC-5440,2026-04-17,Vendedor_B,PROD010,1,8.91,6.46
FAC-5441,2026-04-17,Vendedor_B,PROD009,3,9.97,7.36
FAC-5442,2026-04-17,Vendedor_A,PROD023,8,86.89,60.95
FAC-5443,2026-04-17,Vendedor_A,PROD016,6,6.72,7.83
FAC-5444,2026-04-17,Vendedor_B,PROD006,4,29.91,21.48
FAC-5445,2026-04-18,Vendedor_A,PROD024,6,73.68,53.25
FAC-5446,2026-04-18,Vendedor_B,PROD013,23,6.28,4.65
FAC-5447,2026-04-18,Vendedor_A,PROD014,9,6.71,5.09
FAC-5448,2026-04-18,Vendedor_A,PROD013,17,6.35,4.65
FAC-5449,2026-04-18,Vendedor_B,PROD018,4,31.1,23.88
FAC-5450,2026-04-18,Vendedor_A,PROD025,23,103.34,79.48
FAC-5451,2026-04-18,Vendedor_A,PROD017,2,39.04,28.73
FAC-5452,2026-04-18,Vendedor_C,PROD022,18,68.26,48.95
FAC-5453,2026-04-18,Vendedor_B,PROD002,4,18.2,19.03
FAC-5454,2026-04-18,Vendedor_B,PROD013,4,6.54,4.65
FAC-5455,2026-04-18,Vendedor_A,PROD002,1,18.2,19.03
FAC-5456,2026-04-18,Vendedor_A,PROD016,17,6.72,7.83
FAC-5457,2026-04-18,Vendedor_B,PROD005,5,37.38,26.33
FAC-5458,2026-04-18,Vendedor_C,PROD016,16,6.72,7.83
FAC-5459,2026-04-18,Vendedor_C,PROD016,20,6.72,7.83
FAC-5460,2026-04-18,Vendedor_C,PROD018,3,32.32,23.88
FAC-5461,2026-04-18,Vendedor_A,PROD022,8,68.38,48.95
FAC-5462,2026-04-18,Vendedor_A,PROD009,5,10.52,7.36
FAC-5463,2026-04-18,Vendedor_A,PROD016,11,6.72,7.83
FAC-5464,2026-04-18,Vendedor_C,PROD018,1,31.88,23.88
FAC-5465,2026-04-18,Vendedor_A,PROD007,4,25.9,29.67
FAC-5466,2026-04-18,Vendedor_A,PROD023,8,81.01,60.95
FAC-5467,2026-04-18,Vendedor_A,PROD001,5,19.6,15.37
FAC-5468,2026-04-18,Vendedor_A,PROD020,11,68.6,53.28
FAC-5469,2026-04-18,Vendedor_C,PROD012,22,7.18,5.5
FAC-5470,2026-04-18,Vendedor_C,PROD004,2,17.0,12.97
FAC-5471,2026-04-18,Vendedor_C,PROD015,13,6.24,4.75
FAC-5472,2026-04-18,Vendedor_A,PROD003,5,18.22,13.69
FAC-5473,2026-04-18,Vendedor_B,PROD024,20,69.97,53.25
FAC-5474,2026-04-18,Vendedor_A,PROD016,3,6.72,7.83
FAC-5475,2026-04-18,Vendedor_C,PROD018,4,33.14,23.88
FAC-5476,2026-04-18,Vendedor_A,PROD022,9,64.2,48.95
FAC-5477,2026-04-18,Vendedor_A,PROD002,1,18.2,19.03
FAC-5478,2026-04-18,Vendedor_B,PROD004,4,17.4,12.97
FAC-5479,2026-04-18,Vendedor_C,PROD015,3,6.38,4.75
FAC-5480,2026-04-18,Vendedor_A,PROD020,22,68.6,53.28
FAC-5481,2026-04-19,Vendedor_B,PROD020,14,68.6,53.28
FAC-5482,2026-04-19,Vendedor_C,PROD012,6,7.76,5.5
FAC-5483,2026-04-19,Vendedor_B,PROD007,4,25.9,29.67
FAC-5484,2026-04-19,Vendedor_A,PROD021,17,60.15,46.17
FAC-5485,2026-04-19,Vendedor_B,PROD011,2,14.42,10.93
FAC-5486,2026-04-19,Vendedor_C,PROD022,23,64.16,48.95
FAC-5487,2026-04-19,Vendedor_A,PROD004,4,18.49,12.97
FAC-5488,2026-04-19,Vendedor_A,PROD004,1,17.81,12.97
FAC-5489,2026-04-19,Vendedor_A,PROD016,23,6.72,7.83
FAC-5490,2026-04-19,Vendedor_C,PROD020,18,68.6,53.28
FAC-5491,2026-04-19,Vendedor_A,PROD005,5,35.97,26.33
FAC-5492,2026-04-19,Vendedor_A,PROD012,22,7.62,5.5
FAC-5493,2026-04-19,Vendedor_A,PROD021,20,66.06,46.17
FAC-5494,2026-04-19,Vendedor_A,PROD006,4,29.88,21.48
FAC-5495,2026-04-19,Vendedor_C,PROD012,9,7.78,5.5
FAC-5496,2026-04-19,Vendedor_B,PROD009,3,9.74,7.36
FAC-5497,2026-04-19,Vendedor_C,PROD005,4,36.88,26.33
FAC-5498,2026-04-19,Vendedor_C,PROD001,2,13.83,15.37
FAC-5499,2026-04-19,Vendedor_B,PROD002,4,18.2,19.03
FAC-5500,2026-04-19,Vendedor_A,PROD005,5,35.65,26.33
FAC-5501,2026-04-19,Vendedor_A,PROD022,2,70.91,48.95
FAC-5502,2026-04-19,Vendedor_B,PROD015,6,6.5,4.75
FAC-5503,2026-04-19,Vendedor_C,PROD024,2,74.56,53.25
FAC-5504,2026-04-19,Vendedor_A,PROD003,1,18.99,13.69
FAC-5505,2026-04-19,Vendedor_B,PROD006,2,31.14,21.48
FAC-5506,2026-04-19,Vendedor_A,PROD012,23,7.81,5.5
FAC-5507,2026-04-19,Vendedor_C,PROD013,12,6.18,4.65
FAC-5508,2026-04-19,Vendedor_A,PROD023,20,81.24,60.95
FAC-5509,2026-04-19,Vendedor_A,PROD022,2,67.34,48.95
FAC-5510,2026-04-19,Vendedor_C,PROD019,4,34.81,26.26
FAC-5511,2026-04-19,Vendedor_C,PROD015,18,6.79,4.75
FAC-5512,2026-04-19,Vendedor_C,PROD011,5,15.25,10.93
FAC-5513,2026-04-19,Vendedor_C,PROD001,4,19.6,15.37
FAC-5514,2026-04-19,Vendedor_A,PROD008,4,12.1,8.98
FAC-5515,2026-04-19,Vendedor_B,PROD010,5,8.75,6.46
FAC-5516,2026-04-20,Vendedor_B,PROD003,1,19.29,13.69
FAC-5517,2026-04-20,Vendedor_A,PROD006,1,29.16,21.48
FAC-5518,2026-04-20,Vendedor_B,PROD009,3,10.03,7.36
FAC-5519,2026-04-20,Vendedor_B,PROD003,3,18.12,13.69
FAC-5520,2026-04-20,Vendedor_A,PROD021,8,60.48,46.17
FAC-5521,2026-04-20,Vendedor_B,PROD020,7,68.6,53.28
FAC-5522,2026-04-20,Vendedor_B,PROD023,20,85.0,60.95
FAC-5523,2026-04-20,Vendedor_A,PROD014,5,7.18,5.09
FAC-5524,2026-04-20,Vendedor_C,PROD011,2,14.95,10.93
FAC-5525,2026-04-20,Vendedor_A,PROD001,3,19.6,15.37
FAC-5526,2026-04-20,Vendedor_A,PROD007,5,25.9,29.67
FAC-5527,2026-04-20,Vendedor_B,PROD018,1,33.92,23.88
FAC-5528,2026-04-20,Vendedor_A,PROD010,4,8.87,6.46
FAC-5529,2026-04-20,Vendedor_B,PROD023,15,79.94,60.95
FAC-5530,2026-04-20,Vendedor_A,PROD023,3,81.29,60.95
FAC-5531,2026-04-20,Vendedor_A,PROD024,10,76.43,53.25
FAC-5532,2026-04-20,Vendedor_A,PROD025,17,108.93,79.48
FAC-5533,2026-04-20,Vendedor_A,PROD020,5,68.6,53.28
FAC-5534,2026-04-20,Vendedor_A,PROD016,4,6.72,7.83
FAC-5535,2026-04-20,Vendedor_B,PROD018,3,33.09,23.88
FAC-5536,2026-04-20,Vendedor_A,PROD006,5,29.4,21.48
FAC-5537,2026-04-20,Vendedor_A,PROD024,6,73.15,53.25
FAC-5538,2026-04-20,Vendedor_A,PROD007,3,25.9,29.67
FAC-5539,2026-04-20,Vendedor_A,PROD015,14,6.22,4.75
FAC-5540,2026-04-20,Vendedor_A,PROD003,4,18.88,13.69
FAC-5541,2026-04-20,Vendedor_B,PROD017,2,37.98,28.73
FAC-5542,2026-04-20,Vendedor_A,PROD017,5,41.24,28.73
FAC-5543,2026-04-20,Vendedor_C,PROD022,22,68.56,48.95
FAC-5544,2026-04-20,Vendedor_B,PROD009,3,10.23,7.36
FAC-5545,2026-04-20,Vendedor_A,PROD004,1,17.72,12.97
FAC-5546,2026-04-20,Vendedor_B,PROD020,4,68.6,53.28
FAC-5547,2026-04-20,Vendedor_C,PROD007,1,25.9,29.67
FAC-5548,2026-04-20,Vendedor_C,PROD008,3,12.88,8.98
FAC-5549,2026-04-20,Vendedor_B,PROD010,3,9.03,6.46
FAC-5550,2026-04-20,Vendedor_B,PROD014,13,7.24,5.09
FAC-5551,2026-04-20,Vendedor_A,PROD015,9,6.68,4.75
FAC-5552,2026-04-20,Vendedor_A,PROD024,19,71.04,53.25
FAC-5553,2026-04-20,Vendedor_C,PROD005,1,37.01,26.33
FAC-5554,2026-04-20,Vendedor_B,PROD019,1,36.12,26.26
FAC-5555,2026-04-20,Vendedor_A,PROD017,5,39.94,28.73
FAC-5556,2026-04-20,Vendedor_A,PROD008,5,12.66,8.98
FAC-5557,2026-04-20,Vendedor_B,PROD018,3,32.75,23.88
FAC-5558,2026-04-20,Vendedor_A,PROD004,3,18.55,12.97
FAC-5559,2026-04-20,Vendedor_A,PROD025,8,115.23,79.48
FAC-5560,2026-04-20,Vendedor_C,PROD007,2,25.9,29.67
FAC-5561,2026-04-21,Vendedor_B,PROD016,5,6.72,7.83
FAC-5562,2026-04-21,Vendedor_A,PROD024,8,70.55,53.25
FAC-5563,2026-04-21,Vendedor_A,PROD012,17,7.38,5.5
FAC-5564,2026-04-21,Vendedor_A,PROD007,2,25.9,29.67
FAC-5565,2026-04-21,Vendedor_B,PROD007,3,25.9,29.67
FAC-5566,2026-04-21,Vendedor_A,PROD021,23,60.53,46.17
FAC-5567,2026-04-21,Vendedor_A,PROD015,14,6.35,4.75
FAC-5568,2026-04-21,Vendedor_A,PROD004,4,18.04,12.97
FAC-5569,2026-04-21,Vendedor_A,PROD018,3,32.6,23.88
FAC-5570,2026-04-21,Vendedor_B,PROD004,5,17.64,12.97
FAC-5571,2026-04-21,Vendedor_A,PROD019,5,34.67,26.26
FAC-5572,2026-04-21,Vendedor_C,PROD011,5,15.09,10.93
FAC-5573,2026-04-21,Vendedor_A,PROD021,11,65.6,46.17
FAC-5574,2026-04-21,Vendedor_C,PROD004,4,17.38,12.97
FAC-5575,2026-04-21,Vendedor_C,PROD009,4,10.66,7.36
FAC-5576,2026-04-21,Vendedor_A,PROD020,23,68.6,53.28
FAC-5577,2026-04-21,Vendedor_C,PROD016,20,6.72,7.83
FAC-5578,2026-04-21,Vendedor_B,PROD023,22,80.94,60.95
FAC-5579,2026-04-21,Vendedor_A,PROD020,21,68.6,53.28
FAC-5580,2026-04-21,Vendedor_A,PROD008,1,12.29,8.98
FAC-5581,2026-04-21,Vendedor_A,PROD006,5,29.34,21.48
FAC-5582,2026-04-21,Vendedor_A,PROD019,5,36.28,26.26
FAC-5583,2026-04-21,Vendedor_C,PROD020,17,68.6,53.28
FAC-5584,2026-04-21,Vendedor_A,PROD017,3,38.91,28.73
FAC-5585,2026-04-21,Vendedor_A,PROD006,5,29.8,21.48
FAC-5586,2026-04-21,Vendedor_B,PROD021,16,66.72,46.17
FAC-5587,2026-04-21,Vendedor_B,PROD018,5,33.91,23.88
FAC-5588,2026-04-21,Vendedor_B,PROD020,11,68.6,53.28
FAC-5589,2026-04-21,Vendedor_B,PROD016,13,6.72,7.83
FAC-5590,2026-04-21,Vendedor_B,PROD025,20,105.5,79.48
FAC-5591,2026-04-21,Vendedor_B,PROD006,3,27.93,21.48
FAC-5592,2026-04-21,Vendedor_B,PROD022,18,65.35,48.95
FAC-5593,2026-04-21,Vendedor_A,PROD018,2,33.37,23.88
FAC-5594,2026-04-21,Vendedor_C,PROD021,12,66.5,46.17
FAC-5595,2026-04-21,Vendedor_B,PROD011,5,14.95,10.93
FAC-5596,2026-04-21,Vendedor_A,PROD001,1,19.6,15.37
FAC-5597,2026-04-21,Vendedor_B,PROD009,4,9.95,7.36
FAC-5598,2026-04-21,Vendedor_B,PROD001,4,19.6,15.37
FAC-5599,2026-04-21,Vendedor_A,PROD004,5,18.61,12.97
FAC-5600,2026-04-21,Vendedor_C,PROD015,17,6.45,4.75
FAC-5601,2026-04-21,Vendedor_A,PROD004,1,17.31,12.97
FAC-5602,2026-04-21,Vendedor_A,PROD020,17,68.6,53.28
FAC-5603,2026-04-21,Vendedor_A,PROD002,2,18.2,19.03
FAC-5604,2026-04-21,Vendedor_A,PROD002,1,18.2,19.03
FAC-5605,2026-04-21,Vendedor_A,PROD016,12,6.72,7.83
FAC-5606,2026-04-22,Vendedor_B,PROD017,1,38.59,28.73
FAC-5607,2026-04-22,Vendedor_A,PROD001,3,19.6,15.37
FAC-5608,2026-04-22,Vendedor_B,PROD025,11,109.11,79.48
FAC-5609,2026-04-22,Vendedor_C,PROD017,1,38.27,28.73
FAC-5610,2026-04-22,Vendedor_B,PROD006,4,27.99,21.48
FAC-5611,2026-04-22,Vendedor_A,PROD009,1,9.87,7.36
FAC-5612,2026-04-22,Vendedor_C,PROD017,2,38.17,28.73
FAC-5613,2026-04-22,Vendedor_A,PROD006,5,30.39,21.48
FAC-5614,2026-04-22,Vendedor_A,PROD012,4,7.43,5.5
FAC-5615,2026-04-22,Vendedor_A,PROD023,22,80.63,60.95
FAC-5616,2026-04-22,Vendedor_A,PROD024,11,69.4,53.25
FAC-5617,2026-04-22,Vendedor_A,PROD019,2,36.61,26.26
FAC-5618,2026-04-22,Vendedor_A,PROD006,1,30.08,21.48
FAC-5619,2026-04-22,Vendedor_A,PROD012,15,7.91,5.5
FAC-5620,2026-04-22,Vendedor_A,PROD015,2,6.81,4.75
FAC-5621,2026-04-22,Vendedor_A,PROD008,5,12.79,8.98
FAC-5622,2026-04-22,Vendedor_A,PROD014,4,7.21,5.09
FAC-5623,2026-04-22,Vendedor_A,PROD018,5,33.88,23.88
FAC-5624,2026-04-22,Vendedor_A,PROD015,20,6.63,4.75
FAC-5625,2026-04-22,Vendedor_A,PROD005,3,37.89,26.33
FAC-5626,2026-04-22,Vendedor_C,PROD009,1,10.35,7.36
FAC-5627,2026-04-22,Vendedor_C,PROD011,5,15.69,10.93
FAC-5628,2026-04-22,Vendedor_A,PROD012,22,7.18,5.5
FAC-5629,2026-04-22,Vendedor_B,PROD001,5,19.6,15.37
FAC-5630,2026-04-22,Vendedor_B,PROD021,21,61.02,46.17
FAC-5631,2026-04-22,Vendedor_A,PROD013,10,6.21,4.65
FAC-5632,2026-04-22,Vendedor_A,PROD013,4,6.39,4.65
FAC-5633,2026-04-22,Vendedor_A,PROD001,2,19.6,15.37
FAC-5634,2026-04-22,Vendedor_C,PROD007,1,25.9,29.67
FAC-5635,2026-04-22,Vendedor_C,PROD007,3,25.9,29.67
FAC-5636,2026-04-22,Vendedor_B,PROD006,1,28.92,21.48
FAC-5637,2026-04-22,Vendedor_A,PROD010,3,9.25,6.46
FAC-5638,2026-04-22,Vendedor_A,PROD003,1,18.11,13.69
FAC-5639,2026-04-22,Vendedor_A,PROD010,3,8.74,6.46
FAC-5640,2026-04-22,Vendedor_B,PROD017,4,38.28,28.73
FAC-5641,2026-04-22,Vendedor_B,PROD012,5,7.62,5.5
FAC-5642,2026-04-22,Vendedor_A,PROD004,1,18.64,12.97
FAC-5643,2026-04-22,Vendedor_A,PROD003,5,19.6,13.69
FAC-5644,2026-04-22,Vendedor_A,PROD009,3,10.0,7.36
FAC-5645,2026-04-22,Vendedor_A,PROD019,4,36.9,26.26
FAC-5646,2026-04-22,Vendedor_B,PROD014,21,6.74,5.09
FAC-5647,2026-04-22,Vendedor_A,PROD013,23,6.36,4.65
FAC-5648,2026-04-22,Vendedor_A,PROD003,2,18.7,13.69
FAC-5649,2026-04-22,Vendedor_B,PROD008,2,13.01,8.98
FAC-5650,2026-04-23,Vendedor_B,PROD008,4,11.7,8.98
FAC-5651,2026-04-23,Vendedor_A,PROD020,2,68.6,53.28
FAC-5652,2026-04-23,Vendedor_A,PROD008,5,12.17,8.98
FAC-5653,2026-04-23,Vendedor_C,PROD016,19,6.72,7.83
FAC-5654,2026-04-23,Vendedor_B,PROD001,5,19.6,15.37
FAC-5655,2026-04-23,Vendedor_B,PROD020,7,68.6,53.28
FAC-5656,2026-04-23,Vendedor_B,PROD012,3,7.21,5.5
FAC-5657,2026-04-23,Vendedor_B,PROD019,3,37.04,26.26
FAC-5658,2026-04-23,Vendedor_B,PROD013,19,6.17,4.65
FAC-5659,2026-04-23,Vendedor_A,PROD025,9,104.45,79.48
FAC-5660,2026-04-23,Vendedor_A,PROD010,2,8.57,6.46
FAC-5661,2026-04-23,Vendedor_A,PROD008,1,12.6,8.98
FAC-5662,2026-04-23,Vendedor_B,PROD025,14,112.28,79.48
FAC-5663,2026-04-23,Vendedor_A,PROD008,5,11.94,8.98
FAC-5664,2026-04-23,Vendedor_C,PROD021,16,62.97,46.17
FAC-5665,2026-04-23,Vendedor_B,PROD025,11,104.2,79.48
FAC-5666,2026-04-23,Vendedor_B,PROD017,1,40.99,28.73
FAC-5667,2026-04-23,Vendedor_A,PROD023,16,83.61,60.95
FAC-5668,2026-04-23,Vendedor_B,PROD009,4,9.61,7.36
FAC-5669,2026-04-23,Vendedor_C,PROD008,5,12.06,8.98
FAC-5670,2026-04-23,Vendedor_C,PROD018,3,34.6,23.88
FAC-5671,2026-04-23,Vendedor_B,PROD021,5,65.89,46.17
FAC-5672,2026-04-23,Vendedor_B,PROD021,20,65.54,46.17
FAC-5673,2026-04-23,Vendedor_C,PROD022,17,69.91,48.95
FAC-5674,2026-04-23,Vendedor_A,PROD009,4,10.07,7.36
FAC-5675,2026-04-23,Vendedor_B,PROD005,2,36.81,26.33
FAC-5676,2026-04-23,Vendedor_B,PROD014,21,7.15,5.09
FAC-5677,2026-04-23,Vendedor_B,PROD023,10,86.06,60.95
FAC-5678,2026-04-23,Vendedor_A,PROD022,9,65.42,48.95
FAC-5679,2026-04-23,Vendedor_B,PROD006,1,29.19,21.48
FAC-5680,2026-04-23,Vendedor_C,PROD010,5,8.74,6.46
FAC-5681,2026-04-23,Vendedor_C,PROD017,4,41.21,28.73
FAC-5682,2026-04-23,Vendedor_A,PROD013,22,6.41,4.65
FAC-5683,2026-04-23,Vendedor_A,PROD007,4,25.9,29.67
FAC-5684,2026-04-23,Vendedor_A,PROD014,15,6.71,5.09
FAC-5685,2026-04-23,Vendedor_B,PROD006,5,30.74,21.48
FAC-5686,2026-04-23,Vendedor_A,PROD003,1,18.2,13.69
FAC-5687,2026-04-23,Vendedor_B,PROD012,15,7.53,5.5
FAC-5688,2026-04-23,Vendedor_A,PROD018,5,34.42,23.88
FAC-5689,2026-04-23,Vendedor_A,PROD010,4,8.93,6.46
FAC-5690,2026-04-23,Vendedor_A,PROD001,4,19.6,15.37
FAC-5691,2026-04-23,Vendedor_B,PROD017,2,37.4,28.73
FAC-5692,2026-04-23,Vendedor_A,PROD003,1,18.58,13.69
FAC-5693,2026-04-24,Vendedor_A,PROD019,1,35.28,26.26
FAC-5694,2026-04-24,Vendedor_B,PROD002,2,18.2,19.03
FAC-5695,2026-04-24,Vendedor_B,PROD019,5,37.95,26.26
FAC-5696,2026-04-24,Vendedor_A,PROD016,9,6.72,7.83
FAC-5697,2026-04-24,Vendedor_B,PROD024,8,70.27,53.25
FAC-5698,2026-04-24,Vendedor_B,PROD021,7,64.99,46.17
FAC-5699,2026-04-24,Vendedor_C,PROD009,4,10.67,7.36
FAC-5700,2026-04-24,Vendedor_A,PROD003,2,18.73,13.69
FAC-5701,2026-04-24,Vendedor_A,PROD019,2,36.23,26.26
FAC-5702,2026-04-24,Vendedor_C,PROD018,4,32.8,23.88
FAC-5703,2026-04-24,Vendedor_C,PROD013,7,6.47,4.65
FAC-5704,2026-04-24,Vendedor_C,PROD024,23,72.16,53.25
FAC-5705,2026-04-24,Vendedor_A,PROD005,4,36.15,26.33
FAC-5706,2026-04-24,Vendedor_A,PROD004,1,18.09,12.97
FAC-5707,2026-04-24,Vendedor_A,PROD023,5,87.46,60.95
FAC-5708,2026-04-24,Vendedor_A,PROD009,1,9.79,7.36
FAC-5709,2026-04-24,Vendedor_B,PROD015,7,6.59,4.75
FAC-5710,2026-04-24,Vendedor_A,PROD019,1,35.21,26.26
FAC-5711,2026-04-24,Vendedor_C,PROD005,3,37.27,26.33
FAC-5712,2026-04-24,Vendedor_A,PROD018,4,31.77,23.88
FAC-5713,2026-04-24,Vendedor_A,PROD012,14,7.35,5.5
FAC-5714,2026-04-24,Vendedor_A,PROD001,2,19.6,15.37
FAC-5715,2026-04-24,Vendedor_C,PROD025,3,71.53,79.48
FAC-5716,2026-04-24,Vendedor_A,PROD017,3,40.02,28.73
FAC-5717,2026-04-24,Vendedor_B,PROD020,23,68.6,53.28
FAC-5718,2026-04-24,Vendedor_A,PROD017,3,39.62,28.73
FAC-5719,2026-04-24,Vendedor_C,PROD008,5,12.46,8.98
FAC-5720,2026-04-24,Vendedor_A,PROD024,12,75.77,53.25
FAC-5721,2026-04-24,Vendedor_A,PROD006,5,31.1,21.48
FAC-5722,2026-04-24,Vendedor_A,PROD003,3,18.04,13.69
FAC-5723,2026-04-24,Vendedor_B,PROD006,4,28.5,21.48
FAC-5724,2026-04-24,Vendedor_A,PROD024,17,69.89,53.25
FAC-5725,2026-04-24,Vendedor_B,PROD024,10,70.2,53.25
FAC-5726,2026-04-24,Vendedor_A,PROD021,2,62.09,46.17
FAC-5727,2026-04-24,Vendedor_A,PROD016,4,6.72,7.83
FAC-5728,2026-04-24,Vendedor_A,PROD024,20,72.57,53.25
FAC-5729,2026-04-25,Vendedor_C,PROD008,5,11.78,8.98
FAC-5730,2026-04-25,Vendedor_B,PROD014,21,7.07,5.09
FAC-5731,2026-04-25,Vendedor_A,PROD017,2,40.61,28.73
FAC-5732,2026-04-25,Vendedor_A,PROD011,1,14.87,10.93
FAC-5733,2026-04-25,Vendedor_C,PROD025,21,109.73,79.48
FAC-5734,2026-04-25,Vendedor_A,PROD017,4,39.83,28.73
FAC-5735,2026-04-25,Vendedor_C,PROD010,3,9.16,6.46
FAC-5736,2026-04-25,Vendedor_A,PROD010,5,8.89,6.46
FAC-5737,2026-04-25,Vendedor_C,PROD018,2,33.73,23.88
FAC-5738,2026-04-25,Vendedor_B,PROD004,5,18.23,12.97
FAC-5739,2026-04-25,Vendedor_A,PROD021,16,65.82,46.17
FAC-5740,2026-04-25,Vendedor_A,PROD024,12,69.91,53.25
FAC-5741,2026-04-25,Vendedor_C,PROD025,5,111.26,79.48
FAC-5742,2026-04-25,Vendedor_A,PROD025,17,111.13,79.48
FAC-5743,2026-04-25,Vendedor_A,PROD023,18,80.21,60.95
FAC-5744,2026-04-25,Vendedor_B,PROD016,7,6.72,7.83
FAC-5745,2026-04-25,Vendedor_A,PROD007,4,25.9,29.67
FAC-5746,2026-04-25,Vendedor_A,PROD014,23,7.19,5.09
FAC-5747,2026-04-25,Vendedor_A,PROD023,10,86.29,60.95
FAC-5748,2026-04-25,Vendedor_B,PROD003,5,19.68,13.69
FAC-5749,2026-04-25,Vendedor_B,PROD018,1,31.45,23.88
FAC-5750,2026-04-25,Vendedor_A,PROD015,17,6.69,4.75
FAC-5751,2026-04-25,Vendedor_B,PROD003,1,19.77,13.69
FAC-5752,2026-04-25,Vendedor_C,PROD020,4,68.6,53.28
FAC-5753,2026-04-25,Vendedor_C,PROD008,3,12.17,8.98
FAC-5754,2026-04-25,Vendedor_A,PROD017,2,37.88,28.73
FAC-5755,2026-04-25,Vendedor_A,PROD009,2,10.2,7.36
FAC-5756,2026-04-25,Vendedor_C,PROD023,23,80.52,60.95
FAC-5757,2026-04-25,Vendedor_A,PROD024,16,70.13,53.25
FAC-5758,2026-04-25,Vendedor_B,PROD016,18,6.72,7.83
FAC-5759,2026-04-25,Vendedor_B,PROD001,2,19.6,15.37
FAC-5760,2026-04-25,Vendedor_A,PROD022,20,70.5,48.95
FAC-5761,2026-04-25,Vendedor_A,PROD016,3,6.72,7.83
FAC-5762,2026-04-25,Vendedor_B,PROD024,6,75.56,53.25
FAC-5763,2026-04-25,Vendedor_A,PROD012,5,7.38,5.5
FAC-5764,2026-04-25,Vendedor_A,PROD005,5,35.25,26.33
FAC-5765,2026-04-25,Vendedor_A,PROD004,5,17.44,12.97
FAC-5766,2026-04-25,Vendedor_C,PROD003,5,18.96,13.69
FAC-5767,2026-04-25,Vendedor_C,PROD023,21,87.84,60.95
FAC-5768,2026-04-25,Vendedor_A,PROD014,10,7.33,5.09
FAC-5769,2026-04-25,Vendedor_B,PROD003,1,19.28,13.69
FAC-5770,2026-04-25,Vendedor_B,PROD013,8,6.17,4.65
FAC-5771,2026-04-25,Vendedor_A,PROD009,3,10.57,7.36
FAC-5772,2026-04-25,Vendedor_C,PROD005,3,35.41,26.33
FAC-5773,2026-04-25,Vendedor_C,PROD009,1,9.66,7.36
FAC-5774,2026-04-26,Vendedor_B,PROD004,5,17.01,12.97
FAC-5775,2026-04-26,Vendedor_C,PROD010,4,8.44,6.46
FAC-5776,2026-04-26,Vendedor_C,PROD022,17,67.01,48.95
FAC-5777,2026-04-26,Vendedor_A,PROD020,10,68.6,53.28
FAC-5778,2026-04-26,Vendedor_A,PROD013,18,6.2,4.65
FAC-5779,2026-04-26,Vendedor_A,PROD007,3,25.9,29.67
FAC-5780,2026-04-26,Vendedor_B,PROD020,18,68.6,53.28
FAC-5781,2026-04-26,Vendedor_A,PROD013,15,6.52,4.65
FAC-5782,2026-04-26,Vendedor_C,PROD001,5,19.6,15.37
FAC-5783,2026-04-26,Vendedor_A,PROD005,2,35.32,26.33
FAC-5784,2026-04-26,Vendedor_A,PROD024,11,72.27,53.25
FAC-5785,2026-04-26,Vendedor_A,PROD018,2,31.99,23.88
FAC-5786,2026-04-26,Vendedor_A,PROD017,4,40.05,28.73
FAC-5787,2026-04-26,Vendedor_C,PROD001,5,13.83,15.37
FAC-5788,2026-04-26,Vendedor_A,PROD020,7,68.6,53.28
FAC-5789,2026-04-26,Vendedor_A,PROD003,5,17.85,13.69
FAC-5790,2026-04-26,Vendedor_C,PROD004,5,18.38,12.97
FAC-5791,2026-04-26,Vendedor_A,PROD019,5,35.08,26.26
FAC-5792,2026-04-26,Vendedor_C,PROD005,3,35.37,26.33
FAC-5793,2026-04-26,Vendedor_A,PROD023,13,88.28,60.95
FAC-5794,2026-04-26,Vendedor_A,PROD004,1,18.59,12.97
FAC-5795,2026-04-26,Vendedor_C,PROD001,1,19.6,15.37
FAC-5796,2026-04-26,Vendedor_B,PROD009,3,10.35,7.36
FAC-5797,2026-04-26,Vendedor_A,PROD016,4,6.72,7.83
FAC-5798,2026-04-26,Vendedor_A,PROD010,2,8.67,6.46
FAC-5799,2026-04-26,Vendedor_A,PROD006,5,30.11,21.48
FAC-5800,2026-04-26,Vendedor_A,PROD007,4,25.9,29.67
FAC-5801,2026-04-26,Vendedor_A,PROD021,4,61.97,46.17
FAC-5802,2026-04-26,Vendedor_A,PROD018,4,31.35,23.88
FAC-5803,2026-04-26,Vendedor_C,PROD018,5,34.56,23.88
FAC-5804,2026-04-26,Vendedor_A,PROD015,22,6.48,4.75
FAC-5805,2026-04-26,Vendedor_B,PROD012,3,7.45,5.5
FAC-5806,2026-04-26,Vendedor_B,PROD016,3,6.72,7.83
FAC-5807,2026-04-26,Vendedor_A,PROD016,17,6.72,7.83
FAC-5808,2026-04-26,Vendedor_B,PROD006,5,29.57,21.48
FAC-5809,2026-04-26,Vendedor_C,PROD008,1,12.3,8.98
FAC-5810,2026-04-26,Vendedor_A,PROD006,5,29.06,21.48
FAC-5811,2026-04-26,Vendedor_B,PROD017,5,40.56,28.73
FAC-5812,2026-04-27,Vendedor_A,PROD014,22,7.01,5.09
FAC-5813,2026-04-27,Vendedor_C,PROD018,2,33.99,23.88
FAC-5814,2026-04-27,Vendedor_B,PROD023,6,84.47,60.95
FAC-5815,2026-04-27,Vendedor_C,PROD007,1,25.9,29.67
FAC-5816,2026-04-27,Vendedor_A,PROD003,5,17.8,13.69
FAC-5817,2026-04-27,Vendedor_A,PROD021,12,61.37,46.17
FAC-5818,2026-04-27,Vendedor_C,PROD022,20,66.02,48.95
FAC-5819,2026-04-27,Vendedor_A,PROD014,23,7.13,5.09
FAC-5820,2026-04-27,Vendedor_A,PROD014,10,6.93,5.09
FAC-5821,2026-04-27,Vendedor_A,PROD017,2,40.03,28.73
FAC-5822,2026-04-27,Vendedor_C,PROD008,2,12.27,8.98
FAC-5823,2026-04-27,Vendedor_B,PROD018,3,33.56,23.88
FAC-5824,2026-04-27,Vendedor_C,PROD016,23,6.72,7.83
FAC-5825,2026-04-27,Vendedor_A,PROD002,4,18.2,19.03
FAC-5826,2026-04-27,Vendedor_B,PROD016,17,6.72,7.83
FAC-5827,2026-04-27,Vendedor_B,PROD004,4,18.44,12.97
FAC-5828,2026-04-27,Vendedor_A,PROD007,1,25.9,29.67
FAC-5829,2026-04-27,Vendedor_A,PROD004,3,18.54,12.97
FAC-5830,2026-04-27,Vendedor_B,PROD019,4,34.74,26.26
FAC-5831,2026-04-27,Vendedor_B,PROD018,2,33.76,23.88
FAC-5832,2026-04-27,Vendedor_A,PROD001,1,19.6,15.37
FAC-5833,2026-04-27,Vendedor_A,PROD019,3,34.23,26.26
FAC-5834,2026-04-27,Vendedor_C,PROD010,1,8.75,6.46
FAC-5835,2026-04-27,Vendedor_A,PROD008,5,11.84,8.98
FAC-5836,2026-04-27,Vendedor_A,PROD009,4,10.33,7.36
FAC-5837,2026-04-27,Vendedor_A,PROD022,13,66.02,48.95
FAC-5838,2026-04-27,Vendedor_C,PROD018,5,33.27,23.88
FAC-5839,2026-04-27,Vendedor_B,PROD024,11,69.84,53.25
FAC-5840,2026-04-27,Vendedor_A,PROD004,5,17.94,12.97
FAC-5841,2026-04-27,Vendedor_C,PROD001,5,19.6,15.37
FAC-5842,2026-04-27,Vendedor_B,PROD018,4,34.16,23.88
FAC-5843,2026-04-27,Vendedor_C,PROD010,3,9.19,6.46
FAC-5844,2026-04-27,Vendedor_A,PROD019,4,35.87,26.26
FAC-5845,2026-04-27,Vendedor_B,PROD003,1,19.55,13.69
FAC-5846,2026-04-27,Vendedor_B,PROD001,2,19.6,15.37
FAC-5847,2026-04-27,Vendedor_A,PROD019,3,34.76,26.26
FAC-5848,2026-04-27,Vendedor_A,PROD004,4,18.14,12.97
FAC-5849,2026-04-27,Vendedor_C,PROD020,18,68.6,53.28
FAC-5850,2026-04-27,Vendedor_C,PROD023,18,82.13,60.95
FAC-5851,2026-04-27,Vendedor_A,PROD006,4,30.84,21.48
FAC-5852,2026-04-28,Vendedor_B,PROD020,2,68.6,53.28
FAC-5853,2026-04-28,Vendedor_A,PROD013,20,6.19,4.65
FAC-5854,2026-04-28,Vendedor_A,PROD017,3,41.26,28.73
FAC-5855,2026-04-28,Vendedor_B,PROD011,1,14.92,10.93
FAC-5856,2026-04-28,Vendedor_A,PROD014,22,7.35,5.09
FAC-5857,2026-04-28,Vendedor_A,PROD003,2,19.78,13.69
FAC-5858,2026-04-28,Vendedor_B,PROD009,2,9.74,7.36
FAC-5859,2026-04-28,Vendedor_A,PROD009,5,9.74,7.36
FAC-5860,2026-04-28,Vendedor_A,PROD018,3,33.57,23.88
FAC-5861,2026-04-28,Vendedor_A,PROD019,2,34.36,26.26
FAC-5862,2026-04-28,Vendedor_B,PROD024,13,73.65,53.25
FAC-5863,2026-04-28,Vendedor_C,PROD015,12,6.18,4.75
FAC-5864,2026-04-28,Vendedor_A,PROD002,2,18.2,19.03
FAC-5865,2026-04-28,Vendedor_A,PROD008,1,12.4,8.98
FAC-5866,2026-04-28,Vendedor_C,PROD006,4,30.96,21.48
FAC-5867,2026-04-28,Vendedor_C,PROD017,4,38.03,28.73
FAC-5868,2026-04-28,Vendedor_C,PROD012,21,7.8,5.5
FAC-5869,2026-04-28,Vendedor_A,PROD005,2,35.29,26.33
FAC-5870,2026-04-28,Vendedor_A,PROD015,10,6.77,4.75
FAC-5871,2026-04-28,Vendedor_B,PROD014,5,7.33,5.09
FAC-5872,2026-04-28,Vendedor_B,PROD002,5,18.2,19.03
FAC-5873,2026-04-28,Vendedor_A,PROD001,1,19.6,15.37
FAC-5874,2026-04-28,Vendedor_B,PROD014,8,7.2,5.09
FAC-5875,2026-04-28,Vendedor_A,PROD002,4,18.2,19.03
FAC-5876,2026-04-28,Vendedor_B,PROD025,11,105.43,79.48
FAC-5877,2026-04-28,Vendedor_A,PROD019,1,35.05,26.26
FAC-5878,2026-04-28,Vendedor_A,PROD021,12,63.8,46.17
FAC-5879,2026-04-28,Vendedor_B,PROD008,4,12.11,8.98
FAC-5880,2026-04-28,Vendedor_B,PROD016,10,6.72,7.83
FAC-5881,2026-04-28,Vendedor_B,PROD023,18,85.62,60.95
FAC-5882,2026-04-28,Vendedor_A,PROD017,5,38.12,28.73
FAC-5883,2026-04-28,Vendedor_A,PROD017,2,41.46,28.73
FAC-5884,2026-04-28,Vendedor_A,PROD003,4,19.49,13.69
FAC-5885,2026-04-28,Vendedor_C,PROD017,1,38.79,28.73
FAC-5886,2026-04-28,Vendedor_A,PROD020,5,68.6,53.28
FAC-5887,2026-04-28,Vendedor_C,PROD005,1,38.03,26.33
FAC-5888,2026-04-28,Vendedor_A,PROD001,4,19.6,15.37
FAC-5889,2026-04-28,Vendedor_B,PROD015,23,6.65,4.75
FAC-5890,2026-04-28,Vendedor_A,PROD021,18,60.69,46.17
FAC-5891,2026-04-28,Vendedor_B,PROD004,3,18.8,12.97
FAC-5892,2026-04-28,Vendedor_A,PROD009,4,10.36,7.36
FAC-5893,2026-04-28,Vendedor_A,PROD017,3,39.95,28.73
FAC-5894,2026-04-29,Vendedor_C,PROD021,7,60.46,46.17
FAC-5895,2026-04-29,Vendedor_B,PROD002,1,18.2,19.03
FAC-5896,2026-04-29,Vendedor_B,PROD019,2,36.62,26.26
FAC-5897,2026-04-29,Vendedor_C,PROD024,15,73.41,53.25
FAC-5898,2026-04-29,Vendedor_C,PROD013,4,6.47,4.65
FAC-5899,2026-04-29,Vendedor_B,PROD021,9,64.84,46.17
FAC-5900,2026-04-29,Vendedor_C,PROD005,3,37.4,26.33
FAC-5901,2026-04-29,Vendedor_A,PROD004,2,18.24,12.97
FAC-5902,2026-04-29,Vendedor_C,PROD015,14,6.75,4.75
FAC-5903,2026-04-29,Vendedor_A,PROD017,3,37.77,28.73
FAC-5904,2026-04-29,Vendedor_A,PROD009,2,10.29,7.36
FAC-5905,2026-04-29,Vendedor_A,PROD020,10,68.6,53.28
FAC-5906,2026-04-29,Vendedor_A,PROD012,17,7.88,5.5
FAC-5907,2026-04-29,Vendedor_A,PROD007,5,25.9,29.67
FAC-5908,2026-04-29,Vendedor_C,PROD025,18,110.82,79.48
FAC-5909,2026-04-29,Vendedor_A,PROD016,22,6.72,7.83
FAC-5910,2026-04-29,Vendedor_B,PROD024,19,72.66,53.25
FAC-5911,2026-04-29,Vendedor_B,PROD019,3,37.88,26.26
FAC-5912,2026-04-29,Vendedor_C,PROD004,5,17.42,12.97
FAC-5913,2026-04-29,Vendedor_A,PROD023,15,86.4,60.95
FAC-5914,2026-04-29,Vendedor_A,PROD021,2,66.51,46.17
FAC-5915,2026-04-29,Vendedor_B,PROD004,4,18.67,12.97
FAC-5916,2026-04-29,Vendedor_C,PROD016,17,6.72,7.83
FAC-5917,2026-04-29,Vendedor_A,PROD021,12,62.58,46.17
FAC-5918,2026-04-29,Vendedor_B,PROD001,4,19.6,15.37
FAC-5919,2026-04-29,Vendedor_A,PROD018,4,32.91,23.88
FAC-5920,2026-04-29,Vendedor_B,PROD020,2,68.6,53.28
FAC-5921,2026-04-29,Vendedor_B,PROD002,5,18.2,19.03
FAC-5922,2026-04-29,Vendedor_B,PROD003,4,19.77,13.69
FAC-5923,2026-04-29,Vendedor_A,PROD020,11,68.6,53.28
FAC-5924,2026-04-29,Vendedor_B,PROD018,4,31.39,23.88
FAC-5925,2026-04-29,Vendedor_A,PROD017,2,37.49,28.73
FAC-5926,2026-04-29,Vendedor_A,PROD014,12,7.34,5.09
FAC-5927,2026-04-29,Vendedor_A,PROD002,3,18.2,19.03
FAC-5928,2026-04-29,Vendedor_A,PROD020,21,68.6,53.28
FAC-5929,2026-04-29,Vendedor_C,PROD008,5,12.18,8.98
FAC-5930,2026-04-29,Vendedor_A,PROD005,5,35.03,26.33
FAC-5931,2026-04-29,Vendedor_C,PROD009,2,10.15,7.36
FAC-5932,2026-04-29,Vendedor_A,PROD025,11,108.77,79.48
FAC-5933,2026-04-29,Vendedor_A,PROD020,13,68.6,53.28
FAC-5934,2026-04-29,Vendedor_A,PROD011,3,15.31,10.93
FAC-5935,2026-04-29,Vendedor_A,PROD006,5,28.73,21.48
FAC-5936,2026-04-29,Vendedor_A,PROD006,4,28.48,21.48
FAC-5937,2026-04-29,Vendedor_A,PROD021,23,66.31,46.17
FAC-5938,2026-04-29,Vendedor_A,PROD014,9,7.22,5.09
FAC-5939,2026-04-29,Vendedor_B,PROD011,5,15.63,10.93
FAC-5940,2026-04-29,Vendedor_B,PROD018,1,32.0,23.88
FAC-5941,2026-04-29,Vendedor_B,PROD015,12,6.64,4.75
FAC-5942,2026-04-30,Vendedor_B,PROD001,1,19.6,15.37
FAC-5943,2026-04-30,Vendedor_B,PROD007,1,25.9,29.67
FAC-5944,2026-04-30,Vendedor_A,PROD015,18,6.65,4.75
FAC-5945,2026-04-30,Vendedor_B,PROD020,5,68.6,53.28
FAC-5946,2026-04-30,Vendedor_A,PROD009,5,9.84,7.36
FAC-5947,2026-04-30,Vendedor_A,PROD011,5,15.6,10.93
FAC-5948,2026-04-30,Vendedor_A,PROD015,14,6.77,4.75
FAC-5949,2026-04-30,Vendedor_C,PROD024,23,73.49,53.25
FAC-5950,2026-04-30,Vendedor_C,PROD007,5,25.9,29.67
FAC-5951,2026-04-30,Vendedor_A,PROD020,11,68.6,53.28
FAC-5952,2026-04-30,Vendedor_A,PROD010,4,9.24,6.46
FAC-5953,2026-04-30,Vendedor_A,PROD013,21,6.09,4.65
FAC-5954,2026-04-30,Vendedor_C,PROD012,2,7.44,5.5
FAC-5955,2026-04-30,Vendedor_B,PROD002,4,18.2,19.03
FAC-5956,2026-04-30,Vendedor_C,PROD005,2,34.52,26.33
FAC-5957,2026-04-30,Vendedor_B,PROD020,21,68.6,53.28
FAC-5958,2026-04-30,Vendedor_B,PROD003,5,18.1,13.69
FAC-5959,2026-04-30,Vendedor_A,PROD012,6,7.34,5.5
FAC-5960,2026-04-30,Vendedor_B,PROD008,4,11.9,8.98
FAC-5961,2026-04-30,Vendedor_B,PROD007,2,25.9,29.67
FAC-5962,2026-04-30,Vendedor_A,PROD024,4,70.57,53.25
FAC-5963,2026-04-30,Vendedor_A,PROD017,2,38.76,28.73
FAC-5964,2026-04-30,Vendedor_B,PROD006,3,29.12,21.48
FAC-5965,2026-04-30,Vendedor_A,PROD020,11,68.6,53.28
FAC-5966,2026-04-30,Vendedor_B,PROD016,15,6.72,7.83
FAC-5967,2026-04-30,Vendedor_A,PROD004,5,17.84,12.97
FAC-5968,2026-04-30,Vendedor_A,PROD008,1,11.9,8.98
FAC-5969,2026-04-30,Vendedor_B,PROD017,5,41.46,28.73
FAC-5970,2026-04-30,Vendedor_A,PROD025,17,105.46,79.48
FAC-5971,2026-04-30,Vendedor_C,PROD018,5,32.73,23.88
FAC-5972,2026-04-30,Vendedor_C,PROD014,21,6.66,5.09
FAC-5973,2026-04-30,Vendedor_A,PROD011,4,14.78,10.93
FAC-5974,2026-04-30,Vendedor_B,PROD001,4,19.6,15.37
FAC-5975,2026-04-30,Vendedor_A,PROD018,1,32.73,23.88
FAC-5976,2026-04-30,Vendedor_B,PROD013,12,6.17,4.65
FAC-5977,2026-04-30,Vendedor_B,PROD004,5,17.92,12.97
FAC-5978,2026-04-30,Vendedor_B,PROD022,20,66.86,48.95
FAC-5979,2026-04-30,Vendedor_C,PROD016,5,6.72,7.83
FAC-5980,2026-04-30,Vendedor_C,PROD005,2,36.73,26.33
FAC-5981,2026-04-30,Vendedor_A,PROD017,2,39.84,28.73
FAC-5982,2026-04-30,Vendedor_A,PROD019,5,35.69,26.26
FAC-5983,2026-04-30,Vendedor_A,PROD007,4,25.9,29.67
FAC-5984,2026-04-30,Vendedor_B,PROD020,11,68.6,53.28
FAC-5985,2026-04-30,Vendedor_A,PROD025,17,109.61,79.48
FAC-5986,2026-04-30,Vendedor_A,PROD007,1,25.9,29.67
FAC-5987,2026-04-30,Vendedor_C,PROD010,3,9.33,6.46
FAC-5988,2026-04-30,Vendedor_B,PROD010,4,9.02,6.46
FAC-5989,2026-05-01,Vendedor_A,PROD002,3,18.2,19.03
FAC-5990,2026-05-01,Vendedor_C,PROD010,2,8.89,6.46
FAC-5991,2026-05-01,Vendedor_A,PROD024,15,76.57,53.25
FAC-5992,2026-05-01,Vendedor_C,PROD002,1,18.2,19.03
FAC-5993,2026-05-01,Vendedor_A,PROD014,3,6.74,5.09
FAC-5994,2026-05-01,Vendedor_C,PROD011,1,15.41,10.93
FAC-5995,2026-05-01,Vendedor_B,PROD014,8,7.0,5.09
FAC-5996,2026-05-01,Vendedor_B,PROD010,2,8.61,6.46
FAC-5997,2026-05-01,Vendedor_A,PROD014,7,6.74,5.09
FAC-5998,2026-05-01,Vendedor_C,PROD017,4,40.11,28.73
FAC-5999,2026-05-01,Vendedor_B,PROD021,4,64.55,46.17
FAC-6000,2026-05-01,Vendedor_C,PROD004,5,17.61,12.97
FAC-6001,2026-05-01,Vendedor_A,PROD025,7,106.79,79.48
FAC-6002,2026-05-01,Vendedor_A,PROD022,18,70.71,48.95
FAC-6003,2026-05-01,Vendedor_C,PROD007,3,25.9,29.67
FAC-6004,2026-05-01,Vendedor_A,PROD010,1,8.9,6.46
FAC-6005,2026-05-01,Vendedor_A,PROD017,2,38.35,28.73
FAC-6006,2026-05-01,Vendedor_A,PROD016,10,6.72,7.83
FAC-6007,2026-05-01,Vendedor_B,PROD011,5,15.77,10.93
FAC-6008,2026-05-01,Vendedor_C,PROD023,9,83.1,60.95
FAC-6009,2026-05-01,Vendedor_A,PROD014,18,7.06,5.09
FAC-6010,2026-05-01,Vendedor_A,PROD006,1,29.75,21.48
FAC-6011,2026-05-01,Vendedor_B,PROD002,2,18.2,19.03
FAC-6012,2026-05-01,Vendedor_A,PROD003,1,19.76,13.69
FAC-6013,2026-05-01,Vendedor_A,PROD001,3,19.6,15.37
FAC-6014,2026-05-01,Vendedor_A,PROD025,23,114.09,79.48
FAC-6015,2026-05-01,Vendedor_B,PROD010,4,9.0,6.46
FAC-6016,2026-05-01,Vendedor_A,PROD020,6,68.6,53.28
FAC-6017,2026-05-01,Vendedor_C,PROD016,16,6.72,7.83
FAC-6018,2026-05-01,Vendedor_B,PROD013,9,6.39,4.65
FAC-6019,2026-05-01,Vendedor_B,PROD010,3,8.56,6.46
FAC-6020,2026-05-01,Vendedor_A,PROD009,3,10.14,7.36
FAC-6021,2026-05-01,Vendedor_B,PROD018,3,34.16,23.88
FAC-6022,2026-05-01,Vendedor_B,PROD024,3,70.48,53.25
FAC-6023,2026-05-01,Vendedor_A,PROD010,3,9.09,6.46
FAC-6024,2026-05-01,Vendedor_B,PROD017,4,40.38,28.73
FAC-6025,2026-05-01,Vendedor_A,PROD016,7,6.72,7.83
FAC-6026,2026-05-01,Vendedor_A,PROD002,2,18.2,19.03
FAC-6027,2026-05-01,Vendedor_C,PROD008,3,12.21,8.98
FAC-6028,2026-05-01,Vendedor_B,PROD020,5,68.6,53.28
FAC-6029,2026-05-02,Vendedor_B,PROD011,1,15.58,10.93
FAC-6030,2026-05-02,Vendedor_B,PROD002,4,18.2,19.03
FAC-6031,2026-05-02,Vendedor_A,PROD010,3,8.63,6.46
FAC-6032,2026-05-02,Vendedor_A,PROD022,23,67.24,50.84
FAC-6033,2026-05-02,Vendedor_A,PROD001,1,19.6,15.37
FAC-6034,2026-05-02,Vendedor_B,PROD004,1,17.79,12.97
FAC-6035,2026-05-02,Vendedor_B,PROD022,13,70.73,50.84
FAC-6036,2026-05-02,Vendedor_A,PROD010,5,8.99,6.46
FAC-6037,2026-05-02,Vendedor_A,PROD015,5,6.41,4.75
FAC-6038,2026-05-02,Vendedor_A,PROD003,4,19.7,13.69
FAC-6039,2026-05-02,Vendedor_B,PROD006,3,29.24,21.48
FAC-6040,2026-05-02,Vendedor_A,PROD022,6,68.81,50.84
FAC-6041,2026-05-02,Vendedor_A,PROD022,3,66.34,50.84
FAC-6042,2026-05-02,Vendedor_B,PROD012,13,7.59,5.5
FAC-6043,2026-05-02,Vendedor_C,PROD013,6,6.49,4.65
FAC-6044,2026-05-02,Vendedor_B,PROD020,14,68.6,55.14
FAC-6045,2026-05-02,Vendedor_B,PROD010,2,9.21,6.46
FAC-6046,2026-05-02,Vendedor_B,PROD023,16,87.51,60.95
FAC-6047,2026-05-02,Vendedor_B,PROD022,17,67.76,50.84
FAC-6048,2026-05-02,Vendedor_B,PROD010,5,8.51,6.46
FAC-6049,2026-05-02,Vendedor_B,PROD013,12,6.61,4.65
FAC-6050,2026-05-02,Vendedor_A,PROD010,5,8.87,6.46
FAC-6051,2026-05-02,Vendedor_C,PROD002,5,18.2,19.03
FAC-6052,2026-05-02,Vendedor_A,PROD019,5,36.13,26.26
FAC-6053,2026-05-02,Vendedor_B,PROD017,2,38.87,28.73
FAC-6054,2026-05-02,Vendedor_B,PROD013,19,6.21,4.65
FAC-6055,2026-05-02,Vendedor_C,PROD019,3,37.51,26.26
FAC-6056,2026-05-02,Vendedor_B,PROD009,3,10.37,7.36
FAC-6057,2026-05-02,Vendedor_A,PROD019,4,37.72,26.26
FAC-6058,2026-05-02,Vendedor_A,PROD025,8,107.95,79.48
FAC-6059,2026-05-02,Vendedor_A,PROD011,5,14.8,10.93
FAC-6060,2026-05-02,Vendedor_C,PROD009,4,10.17,7.36
FAC-6061,2026-05-02,Vendedor_C,PROD004,2,16.94,12.97
FAC-6062,2026-05-02,Vendedor_A,PROD007,4,25.9,29.67
FAC-6063,2026-05-02,Vendedor_B,PROD018,3,34.28,23.88
FAC-6064,2026-05-03,Vendedor_A,PROD017,1,40.16,28.73
FAC-6065,2026-05-03,Vendedor_A,PROD013,4,6.63,4.65
FAC-6066,2026-05-03,Vendedor_C,PROD019,4,36.31,26.26
FAC-6067,2026-05-03,Vendedor_B,PROD006,1,30.76,21.76
FAC-6068,2026-05-03,Vendedor_B,PROD017,4,39.1,28.73
FAC-6069,2026-05-03,Vendedor_A,PROD003,5,19.48,13.69
FAC-6070,2026-05-03,Vendedor_A,PROD012,9,7.32,5.5
FAC-6071,2026-05-03,Vendedor_B,PROD012,17,7.22,5.5
FAC-6072,2026-05-03,Vendedor_B,PROD010,4,8.5,6.46
FAC-6073,2026-05-03,Vendedor_B,PROD011,1,15.58,10.93
FAC-6074,2026-05-03,Vendedor_B,PROD003,4,19.01,13.69
FAC-6075,2026-05-03,Vendedor_C,PROD009,4,10.51,7.36
FAC-6076,2026-05-03,Vendedor_C,PROD016,16,6.72,8.56
FAC-6077,2026-05-03,Vendedor_B,PROD014,9,6.68,5.09
FAC-6078,2026-05-03,Vendedor_A,PROD008,3,12.12,8.98
FAC-6079,2026-05-03,Vendedor_A,PROD001,1,19.6,15.37
FAC-6080,2026-05-03,Vendedor_C,PROD025,2,71.53,79.48
FAC-6081,2026-05-03,Vendedor_A,PROD017,1,40.91,28.73
FAC-6082,2026-05-03,Vendedor_C,PROD006,2,31.16,21.76
FAC-6083,2026-05-03,Vendedor_B,PROD024,8,77.12,53.82
FAC-6084,2026-05-03,Vendedor_B,PROD021,17,64.64,46.17
FAC-6085,2026-05-03,Vendedor_C,PROD012,4,7.16,5.5
FAC-6086,2026-05-03,Vendedor_A,PROD019,2,36.59,26.26
FAC-6087,2026-05-03,Vendedor_A,PROD015,13,6.34,4.75
FAC-6088,2026-05-03,Vendedor_C,PROD007,4,25.9,29.67
FAC-6089,2026-05-03,Vendedor_A,PROD011,4,15.45,10.93
FAC-6090,2026-05-03,Vendedor_B,PROD002,2,18.2,19.03
FAC-6091,2026-05-03,Vendedor_A,PROD007,5,25.9,29.67
FAC-6092,2026-05-03,Vendedor_A,PROD015,23,6.55,4.75
FAC-6093,2026-05-03,Vendedor_B,PROD017,2,40.38,28.73
FAC-6094,2026-05-03,Vendedor_C,PROD017,5,40.02,28.73
FAC-6095,2026-05-03,Vendedor_A,PROD008,2,12.46,8.98
FAC-6096,2026-05-03,Vendedor_A,PROD025,4,106.46,79.48
FAC-6097,2026-05-03,Vendedor_B,PROD021,5,65.7,46.17
FAC-6098,2026-05-03,Vendedor_A,PROD024,12,77.26,53.82
FAC-6099,2026-05-04,Vendedor_B,PROD018,3,34.9,24.35
FAC-6100,2026-05-04,Vendedor_B,PROD022,3,70.82,50.84
FAC-6101,2026-05-04,Vendedor_C,PROD016,19,6.72,8.56
FAC-6102,2026-05-04,Vendedor_C,PROD012,21,7.72,5.5
FAC-6103,2026-05-04,Vendedor_B,PROD024,18,76.39,53.82
FAC-6104,2026-05-04,Vendedor_A,PROD009,2,9.85,7.44
FAC-6105,2026-05-04,Vendedor_A,PROD024,12,73.63,53.82
FAC-6106,2026-05-04,Vendedor_C,PROD002,3,18.2,21.06
FAC-6107,2026-05-04,Vendedor_A,PROD005,2,37.11,26.33
FAC-6108,2026-05-04,Vendedor_A,PROD023,20,83.62,60.95
FAC-6109,2026-05-04,Vendedor_C,PROD023,10,87.19,60.95
FAC-6110,2026-05-04,Vendedor_B,PROD021,5,65.85,47.24
FAC-6111,2026-05-04,Vendedor_B,PROD021,16,66.48,47.24
FAC-6112,2026-05-04,Vendedor_A,PROD017,3,42.65,29.86
FAC-6113,2026-05-04,Vendedor_B,PROD005,3,36.63,26.33
FAC-6114,2026-05-04,Vendedor_A,PROD013,23,6.2,4.65
FAC-6115,2026-05-04,Vendedor_A,PROD012,22,7.76,5.5
FAC-6116,2026-05-04,Vendedor_B,PROD003,5,19.44,13.69
FAC-6117,2026-05-04,Vendedor_C,PROD009,3,9.94,7.44
FAC-6118,2026-05-04,Vendedor_B,PROD011,4,15.28,10.93
FAC-6119,2026-05-04,Vendedor_C,PROD002,5,18.2,21.06
FAC-6120,2026-05-04,Vendedor_A,PROD018,2,32.74,24.35
FAC-6121,2026-05-04,Vendedor_A,PROD015,4,6.86,4.75
FAC-6122,2026-05-04,Vendedor_B,PROD020,22,68.6,55.14
FAC-6123,2026-05-04,Vendedor_A,PROD017,2,40.51,29.86
FAC-6124,2026-05-04,Vendedor_A,PROD023,12,82.31,60.95
FAC-6125,2026-05-04,Vendedor_A,PROD018,4,33.81,24.35
FAC-6126,2026-05-04,Vendedor_B,PROD020,11,68.6,55.14
FAC-6127,2026-05-04,Vendedor_A,PROD021,12,67.23,47.24
FAC-6128,2026-05-04,Vendedor_A,PROD025,8,119.62,87.71
FAC-6129,2026-05-04,Vendedor_B,PROD004,4,17.86,12.97
FAC-6130,2026-05-04,Vendedor_B,PROD004,1,18.24,12.97
FAC-6131,2026-05-04,Vendedor_A,PROD013,23,6.37,4.65
FAC-6132,2026-05-04,Vendedor_A,PROD001,5,19.6,15.37
FAC-6133,2026-05-04,Vendedor_B,PROD021,11,67.1,47.24
FAC-6134,2026-05-04,Vendedor_A,PROD008,1,12.55,9.11
FAC-6135,2026-05-04,Vendedor_A,PROD011,2,15.5,10.93
FAC-6136,2026-05-04,Vendedor_C,PROD008,1,12.82,9.11
FAC-6137,2026-05-04,Vendedor_A,PROD005,5,36.3,26.33
FAC-6138,2026-05-04,Vendedor_B,PROD022,2,66.74,50.84
FAC-6139,2026-05-04,Vendedor_C,PROD001,4,13.83,15.37
FAC-6140,2026-05-04,Vendedor_A,PROD018,4,33.75,24.35
FAC-6141,2026-05-04,Vendedor_A,PROD009,5,10.22,7.44
FAC-6142,2026-05-04,Vendedor_A,PROD001,2,19.6,15.37
FAC-6143,2026-05-04,Vendedor_A,PROD008,4,12.6,9.11
FAC-6144,2026-05-04,Vendedor_A,PROD017,2,40.78,29.86
FAC-6145,2026-05-04,Vendedor_B,PROD025,15,121.41,87.71
FAC-6146,2026-05-04,Vendedor_A,PROD022,21,72.58,50.84
FAC-6147,2026-05-05,Vendedor_C,PROD001,5,13.83,15.37
FAC-6148,2026-05-05,Vendedor_A,PROD020,13,68.6,55.14
FAC-6149,2026-05-05,Vendedor_C,PROD003,1,19.32,13.69
FAC-6150,2026-05-05,Vendedor_C,PROD010,4,8.5,6.46
FAC-6151,2026-05-05,Vendedor_B,PROD025,6,114.25,87.71
FAC-6152,2026-05-05,Vendedor_C,PROD013,20,6.08,4.65
FAC-6153,2026-05-05,Vendedor_C,PROD019,2,36.03,26.79
FAC-6154,2026-05-05,Vendedor_A,PROD009,2,9.93,7.44
FAC-6155,2026-05-05,Vendedor_A,PROD017,4,38.99,29.86
FAC-6156,2026-05-05,Vendedor_B,PROD011,3,14.62,10.93
FAC-6157,2026-05-05,Vendedor_C,PROD016,17,6.72,8.56
FAC-6158,2026-05-05,Vendedor_C,PROD002,4,18.2,21.06
FAC-6159,2026-05-05,Vendedor_A,PROD010,3,9.01,6.46
FAC-6160,2026-05-05,Vendedor_A,PROD009,2,10.48,7.44
FAC-6161,2026-05-05,Vendedor_B,PROD003,5,18.04,13.69
FAC-6162,2026-05-05,Vendedor_A,PROD006,2,31.53,21.76
FAC-6163,2026-05-05,Vendedor_A,PROD019,4,35.42,26.79
FAC-6164,2026-05-05,Vendedor_C,PROD020,6,68.6,55.14
FAC-6165,2026-05-05,Vendedor_A,PROD024,17,70.46,53.82
FAC-6166,2026-05-05,Vendedor_B,PROD015,23,6.84,4.75
FAC-6167,2026-05-05,Vendedor_A,PROD009,3,10.0,7.44
FAC-6168,2026-05-05,Vendedor_B,PROD006,4,31.42,21.76
FAC-6169,2026-05-05,Vendedor_A,PROD016,4,6.72,8.56
FAC-6170,2026-05-05,Vendedor_A,PROD017,3,38.95,29.86
FAC-6171,2026-05-05,Vendedor_C,PROD020,3,68.6,55.14
FAC-6172,2026-05-05,Vendedor_A,PROD008,3,12.92,9.11
FAC-6173,2026-05-05,Vendedor_A,PROD015,18,6.69,4.75
FAC-6174,2026-05-05,Vendedor_B,PROD005,1,36.73,26.33
FAC-6175,2026-05-05,Vendedor_B,PROD024,4,77.8,53.82
FAC-6176,2026-05-05,Vendedor_B,PROD019,2,37.94,26.79
FAC-6177,2026-05-05,Vendedor_C,PROD001,5,19.6,15.37
FAC-6178,2026-05-05,Vendedor_B,PROD016,20,6.72,8.56
FAC-6179,2026-05-05,Vendedor_B,PROD019,2,36.08,26.79
FAC-6180,2026-05-05,Vendedor_A,PROD019,4,37.41,26.79
FAC-6181,2026-05-05,Vendedor_A,PROD003,2,18.43,13.69
FAC-6182,2026-05-05,Vendedor_A,PROD017,5,40.3,29.86
FAC-6183,2026-05-05,Vendedor_A,PROD017,2,40.4,29.86
FAC-6184,2026-05-05,Vendedor_A,PROD016,21,6.72,8.56
FAC-6185,2026-05-05,Vendedor_C,PROD002,2,18.2,21.06
FAC-6186,2026-05-05,Vendedor_A,PROD018,5,32.42,24.35
FAC-6187,2026-05-05,Vendedor_B,PROD012,6,7.38,5.61
FAC-6188,2026-05-06,Vendedor_B,PROD001,2,19.6,15.37
FAC-6189,2026-05-06,Vendedor_B,PROD001,1,19.6,15.37
FAC-6190,2026-05-06,Vendedor_B,PROD012,4,7.31,5.61
FAC-6191,2026-05-06,Vendedor_C,PROD018,2,32.14,24.35
FAC-6192,2026-05-06,Vendedor_A,PROD003,1,18.53,13.69
FAC-6193,2026-05-06,Vendedor_B,PROD006,5,31.3,21.76
FAC-6194,2026-05-06,Vendedor_C,PROD003,2,17.96,13.69
FAC-6195,2026-05-06,Vendedor_C,PROD005,5,35.8,26.33
FAC-6196,2026-05-06,Vendedor_A,PROD011,3,15.36,10.93
FAC-6197,2026-05-06,Vendedor_A,PROD013,12,6.2,4.65
FAC-6198,2026-05-06,Vendedor_A,PROD018,5,35.14,24.35
FAC-6199,2026-05-06,Vendedor_A,PROD025,4,116.74,87.71
FAC-6200,2026-05-06,Vendedor_A,PROD002,5,18.2,21.06
FAC-6201,2026-05-06,Vendedor_A,PROD003,2,19.62,13.69
FAC-6202,2026-05-06,Vendedor_A,PROD022,23,66.83,50.84
FAC-6203,2026-05-06,Vendedor_B,PROD002,5,18.2,21.06
FAC-6204,2026-05-06,Vendedor_B,PROD003,3,18.24,13.69
FAC-6205,2026-05-06,Vendedor_C,PROD018,4,33.42,24.35
FAC-6206,2026-05-06,Vendedor_C,PROD010,3,8.77,6.46
FAC-6207,2026-05-06,Vendedor_A,PROD007,4,25.9,29.67
FAC-6208,2026-05-06,Vendedor_B,PROD024,21,71.55,53.82
FAC-6209,2026-05-06,Vendedor_A,PROD015,15,6.69,4.82
FAC-6210,2026-05-06,Vendedor_B,PROD016,16,6.72,8.56
FAC-6211,2026-05-06,Vendedor_A,PROD007,2,25.9,29.67
FAC-6212,2026-05-06,Vendedor_A,PROD009,4,10.1,7.44
FAC-6213,2026-05-06,Vendedor_A,PROD023,15,90.85,67.85
FAC-6214,2026-05-06,Vendedor_A,PROD020,9,68.6,55.14
FAC-6215,2026-05-06,Vendedor_A,PROD008,2,12.59,9.11
FAC-6216,2026-05-06,Vendedor_C,PROD018,5,32.54,24.35
FAC-6217,2026-05-06,Vendedor_B,PROD020,21,68.6,55.14
FAC-6218,2026-05-06,Vendedor_B,PROD023,14,96.53,67.85
FAC-6219,2026-05-06,Vendedor_B,PROD017,2,40.76,29.86
FAC-6220,2026-05-06,Vendedor_A,PROD012,12,7.8,5.61
FAC-6221,2026-05-06,Vendedor_A,PROD003,1,19.37,13.69
FAC-6222,2026-05-06,Vendedor_B,PROD006,4,30.19,21.76
FAC-6223,2026-05-06,Vendedor_B,PROD012,19,7.72,5.61
FAC-6224,2026-05-06,Vendedor_B,PROD012,11,7.42,5.61
FAC-6225,2026-05-06,Vendedor_B,PROD011,1,14.4,10.93
FAC-6226,2026-05-06,Vendedor_A,PROD024,11,73.86,53.82
FAC-6227,2026-05-07,Vendedor_A,PROD020,6,68.6,55.14
FAC-6228,2026-05-07,Vendedor_A,PROD016,7,6.72,8.56
FAC-6229,2026-05-07,Vendedor_A,PROD005,1,35.27,26.33
FAC-6230,2026-05-07,Vendedor_B,PROD021,18,66.33,47.24
FAC-6231,2026-05-07,Vendedor_B,PROD018,4,33.28,24.35
FAC-6232,2026-05-07,Vendedor_B,PROD020,2,68.6,55.14
FAC-6233,2026-05-07,Vendedor_B,PROD022,5,66.97,50.84
FAC-6234,2026-05-07,Vendedor_A,PROD005,5,36.01,26.33
FAC-6235,2026-05-07,Vendedor_A,PROD006,3,29.2,21.76
FAC-6236,2026-05-07,Vendedor_B,PROD017,1,39.01,29.86
FAC-6237,2026-05-07,Vendedor_B,PROD021,3,62.77,47.24
FAC-6238,2026-05-07,Vendedor_B,PROD017,1,38.95,29.86
FAC-6239,2026-05-07,Vendedor_C,PROD001,2,19.6,15.37
FAC-6240,2026-05-07,Vendedor_A,PROD002,5,18.2,21.06
FAC-6241,2026-05-07,Vendedor_A,PROD022,23,68.65,50.84
FAC-6242,2026-05-07,Vendedor_B,PROD024,8,71.75,53.82
FAC-6243,2026-05-07,Vendedor_B,PROD021,3,66.88,47.24
FAC-6244,2026-05-07,Vendedor_B,PROD007,3,25.9,29.67
FAC-6245,2026-05-07,Vendedor_C,PROD012,22,7.93,5.61
FAC-6246,2026-05-07,Vendedor_A,PROD004,1,18.39,12.97
FAC-6247,2026-05-07,Vendedor_A,PROD002,4,18.2,21.06
FAC-6248,2026-05-07,Vendedor_C,PROD006,2,30.23,21.76
FAC-6249,2026-05-07,Vendedor_B,PROD002,2,18.2,21.06
FAC-6250,2026-05-07,Vendedor_A,PROD025,13,117.86,87.71
FAC-6251,2026-05-07,Vendedor_A,PROD016,6,6.72,8.56
FAC-6252,2026-05-07,Vendedor_A,PROD011,1,15.88,11.99
FAC-6253,2026-05-07,Vendedor_B,PROD012,15,8.07,5.61
FAC-6254,2026-05-07,Vendedor_A,PROD004,4,17.13,12.97
FAC-6255,2026-05-07,Vendedor_A,PROD019,2,37.76,26.79
FAC-6256,2026-05-07,Vendedor_A,PROD009,3,10.46,7.44
FAC-6257,2026-05-07,Vendedor_B,PROD007,1,25.9,29.67
FAC-6258,2026-05-07,Vendedor_A,PROD014,7,7.37,5.09
FAC-6259,2026-05-07,Vendedor_B,PROD008,3,12.87,9.11
FAC-6260,2026-05-07,Vendedor_B,PROD024,19,73.89,53.82
FAC-6261,2026-05-07,Vendedor_A,PROD012,19,7.42,5.61
FAC-6262,2026-05-07,Vendedor_B,PROD016,23,6.72,8.56
FAC-6263,2026-05-07,Vendedor_A,PROD007,5,25.9,29.67
FAC-6264,2026-05-07,Vendedor_B,PROD023,9,89.8,67.85
FAC-6265,2026-05-07,Vendedor_C,PROD023,22,93.73,67.85
FAC-6266,2026-05-07,Vendedor_A,PROD014,17,6.91,5.09
FAC-6267,2026-05-07,Vendedor_A,PROD009,3,9.75,7.44
FAC-6268,2026-05-07,Vendedor_C,PROD021,16,61.55,47.24
FAC-6269,2026-05-07,Vendedor_A,PROD006,5,30.83,21.76
FAC-6270,2026-05-07,Vendedor_A,PROD011,3,16.2,11.99
FAC-6271,2026-05-07,Vendedor_C,PROD002,4,18.2,21.06
FAC-6272,2026-05-07,Vendedor_B,PROD021,16,66.71,47.24
FAC-6273,2026-05-08,Vendedor_C,PROD022,4,67.23,50.84
FAC-6274,2026-05-08,Vendedor_A,PROD002,1,18.2,21.06
FAC-6275,2026-05-08,Vendedor_A,PROD009,2,9.77,7.44
FAC-6276,2026-05-08,Vendedor_A,PROD016,5,6.72,8.56
FAC-6277,2026-05-08,Vendedor_C,PROD003,1,19.11,14.08
FAC-6278,2026-05-08,Vendedor_B,PROD018,5,33.97,24.35
FAC-6279,2026-05-08,Vendedor_C,PROD017,1,40.05,29.86
FAC-6280,2026-05-08,Vendedor_B,PROD007,2,25.9,29.67
FAC-6281,2026-05-08,Vendedor_A,PROD024,17,74.23,53.82
FAC-6282,2026-05-08,Vendedor_C,PROD009,5,9.79,7.44
FAC-6283,2026-05-08,Vendedor_A,PROD016,21,6.72,8.56
FAC-6284,2026-05-08,Vendedor_B,PROD021,14,68.08,47.24
FAC-6285,2026-05-08,Vendedor_A,PROD003,4,20.27,14.08
FAC-6286,2026-05-08,Vendedor_A,PROD014,3,7.07,5.09
FAC-6287,2026-05-08,Vendedor_A,PROD007,2,25.9,29.67
FAC-6288,2026-05-08,Vendedor_C,PROD015,22,6.79,4.82
FAC-6289,2026-05-08,Vendedor_B,PROD018,4,34.54,24.35
FAC-6290,2026-05-08,Vendedor_B,PROD017,4,41.66,29.86
FAC-6291,2026-05-08,Vendedor_B,PROD025,20,120.51,87.71
FAC-6292,2026-05-08,Vendedor_A,PROD025,14,117.91,87.71
FAC-6293,2026-05-08,Vendedor_B,PROD016,12,6.72,8.56
FAC-6294,2026-05-08,Vendedor_B,PROD013,6,6.39,4.65
FAC-6295,2026-05-08,Vendedor_B,PROD017,2,42.66,29.86
FAC-6296,2026-05-08,Vendedor_A,PROD006,5,29.54,21.76
FAC-6297,2026-05-08,Vendedor_B,PROD020,22,68.6,55.14
FAC-6298,2026-05-08,Vendedor_C,PROD002,3,18.2,21.06
FAC-6299,2026-05-08,Vendedor_B,PROD020,11,68.6,55.14
FAC-6300,2026-05-08,Vendedor_B,PROD005,4,37.95,26.33
FAC-6301,2026-05-08,Vendedor_C,PROD016,10,6.72,8.56
FAC-6302,2026-05-08,Vendedor_B,PROD003,3,19.96,14.08
FAC-6303,2026-05-08,Vendedor_B,PROD024,21,77.96,53.82
FAC-6304,2026-05-08,Vendedor_B,PROD019,2,36.67,26.79
FAC-6305,2026-05-08,Vendedor_C,PROD010,2,9.33,6.62
FAC-6306,2026-05-08,Vendedor_C,PROD003,5,20.08,14.08
FAC-6307,2026-05-08,Vendedor_A,PROD013,8,6.65,4.65
FAC-6308,2026-05-08,Vendedor_A,PROD025,10,122.46,87.71
FAC-6309,2026-05-08,Vendedor_A,PROD012,8,7.49,5.61
FAC-6310,2026-05-08,Vendedor_B,PROD001,2,19.6,15.37
FAC-6311,2026-05-09,Vendedor_C,PROD016,5,6.72,8.56
FAC-6312,2026-05-09,Vendedor_A,PROD006,1,31.06,21.76
FAC-6313,2026-05-09,Vendedor_A,PROD018,1,34.52,24.35
FAC-6314,2026-05-09,Vendedor_C,PROD025,4,78.94,87.71
FAC-6315,2026-05-09,Vendedor_B,PROD025,14,118.78,87.71
FAC-6316,2026-05-09,Vendedor_A,PROD010,3,9.32,6.62
FAC-6317,2026-05-09,Vendedor_C,PROD010,5,9.21,6.62
FAC-6318,2026-05-09,Vendedor_C,PROD010,3,9.53,6.62
FAC-6319,2026-05-09,Vendedor_B,PROD016,13,6.72,8.56
FAC-6320,2026-05-09,Vendedor_C,PROD023,7,94.66,67.85
FAC-6321,2026-05-09,Vendedor_A,PROD009,2,10.39,7.44
FAC-6322,2026-05-09,Vendedor_A,PROD019,4,34.89,26.79
FAC-6323,2026-05-09,Vendedor_A,PROD014,17,7.5,5.27
FAC-6324,2026-05-09,Vendedor_C,PROD014,13,6.93,5.27
FAC-6325,2026-05-09,Vendedor_A,PROD001,4,19.6,15.83
FAC-6326,2026-05-09,Vendedor_A,PROD016,22,6.72,8.56
FAC-6327,2026-05-09,Vendedor_A,PROD007,2,25.9,29.67
FAC-6328,2026-05-09,Vendedor_A,PROD001,2,19.6,15.83
FAC-6329,2026-05-09,Vendedor_C,PROD025,19,114.83,87.71
FAC-6330,2026-05-09,Vendedor_A,PROD010,1,9.09,6.62
FAC-6331,2026-05-09,Vendedor_A,PROD001,1,19.6,15.83
FAC-6332,2026-05-09,Vendedor_B,PROD021,14,65.0,47.24
FAC-6333,2026-05-09,Vendedor_A,PROD025,14,121.52,87.71
FAC-6334,2026-05-09,Vendedor_A,PROD017,4,42.01,29.86
FAC-6335,2026-05-09,Vendedor_A,PROD021,7,66.25,47.24
FAC-6336,2026-05-09,Vendedor_B,PROD011,3,16.09,11.99
FAC-6337,2026-05-09,Vendedor_A,PROD013,19,6.54,4.65
FAC-6338,2026-05-09,Vendedor_A,PROD015,8,6.97,4.82
FAC-6339,2026-05-09,Vendedor_B,PROD017,2,41.96,29.86
FAC-6340,2026-05-09,Vendedor_A,PROD016,15,6.72,8.56
FAC-6341,2026-05-09,Vendedor_B,PROD006,3,28.49,21.76
FAC-6342,2026-05-09,Vendedor_C,PROD017,4,41.69,29.86
FAC-6343,2026-05-09,Vendedor_A,PROD025,22,116.1,87.71
FAC-6344,2026-05-09,Vendedor_B,PROD008,5,12.05,9.11
FAC-6345,2026-05-09,Vendedor_A,PROD001,2,19.6,15.83
FAC-6346,2026-05-09,Vendedor_A,PROD015,4,6.98,4.82
FAC-6347,2026-05-09,Vendedor_A,PROD014,6,7.19,5.27
FAC-6348,2026-05-09,Vendedor_A,PROD025,3,125.61,87.71
FAC-6349,2026-05-10,Vendedor_A,PROD016,11,6.72,8.56
FAC-6350,2026-05-10,Vendedor_B,PROD018,5,34.72,24.35
FAC-6351,2026-05-10,Vendedor_B,PROD006,5,28.76,21.76
FAC-6352,2026-05-10,Vendedor_B,PROD012,4,7.7,5.61
FAC-6353,2026-05-10,Vendedor_A,PROD015,23,6.56,4.82
FAC-6354,2026-05-10,Vendedor_A,PROD024,21,73.61,53.82
FAC-6355,2026-05-10,Vendedor_B,PROD006,3,30.86,21.76
FAC-6356,2026-05-10,Vendedor_C,PROD017,4,42.86,29.86
FAC-6357,2026-05-10,Vendedor_A,PROD017,4,39.39,29.86
FAC-6358,2026-05-10,Vendedor_A,PROD005,5,40.42,29.16
FAC-6359,2026-05-10,Vendedor_A,PROD017,5,40.63,29.86
FAC-6360,2026-05-10,Vendedor_B,PROD009,5,9.68,7.44
FAC-6361,2026-05-10,Vendedor_C,PROD013,17,6.8,4.77
FAC-6362,2026-05-10,Vendedor_A,PROD024,8,72.48,53.82
FAC-6363,2026-05-10,Vendedor_B,PROD014,10,7.5,5.27
FAC-6364,2026-05-10,Vendedor_A,PROD003,1,19.6,14.08
FAC-6365,2026-05-10,Vendedor_A,PROD023,4,96.43,67.85
FAC-6366,2026-05-10,Vendedor_B,PROD018,3,32.89,24.35
FAC-6367,2026-05-10,Vendedor_A,PROD001,3,19.6,15.83
FAC-6368,2026-05-10,Vendedor_A,PROD019,3,35.78,26.79
FAC-6369,2026-05-10,Vendedor_A,PROD020,17,68.6,55.14
FAC-6370,2026-05-10,Vendedor_A,PROD014,23,7.22,5.27
FAC-6371,2026-05-10,Vendedor_A,PROD008,4,13.09,9.11
FAC-6372,2026-05-10,Vendedor_A,PROD013,17,6.64,4.77
FAC-6373,2026-05-10,Vendedor_C,PROD010,2,9.57,6.62
FAC-6374,2026-05-10,Vendedor_B,PROD010,2,9.26,6.62
FAC-6375,2026-05-10,Vendedor_A,PROD013,13,6.4,4.77
FAC-6376,2026-05-10,Vendedor_A,PROD017,5,39.11,29.86
FAC-6377,2026-05-10,Vendedor_A,PROD015,15,6.35,4.82
FAC-6378,2026-05-10,Vendedor_A,PROD004,3,18.96,13.33
FAC-6379,2026-05-10,Vendedor_B,PROD013,4,6.67,4.77
FAC-6380,2026-05-10,Vendedor_A,PROD017,1,42.02,29.86
FAC-6381,2026-05-10,Vendedor_A,PROD007,5,25.9,33.52
FAC-6382,2026-05-10,Vendedor_A,PROD016,9,6.72,8.56
FAC-6383,2026-05-10,Vendedor_A,PROD013,7,6.54,4.77
FAC-6384,2026-05-10,Vendedor_A,PROD016,23,6.72,8.56
FAC-6385,2026-05-10,Vendedor_B,PROD025,19,124.39,87.71
FAC-6386,2026-05-10,Vendedor_C,PROD018,3,33.75,24.35
FAC-6387,2026-05-10,Vendedor_A,PROD024,5,72.01,53.82
FAC-6388,2026-05-10,Vendedor_C,PROD009,1,10.07,7.44
FAC-6389,2026-05-10,Vendedor_B,PROD015,11,6.98,4.82
FAC-6390,2026-05-10,Vendedor_B,PROD004,1,17.8,13.33
FAC-6391,2026-05-10,Vendedor_C,PROD014,20,6.92,5.27
FAC-6392,2026-05-10,Vendedor_B,PROD013,3,6.33,4.77
FAC-6393,2026-05-10,Vendedor_A,PROD021,8,65.06,47.24
FAC-6394,2026-05-10,Vendedor_A,PROD009,4,10.2,7.44
FAC-6395,2026-05-11,Vendedor_A,PROD003,4,18.71,14.08
FAC-6396,2026-05-11,Vendedor_B,PROD005,1,38.59,29.16
FAC-6397,2026-05-11,Vendedor_A,PROD011,4,15.88,11.99
FAC-6398,2026-05-11,Vendedor_B,PROD011,4,16.99,11.99
FAC-6399,2026-05-11,Vendedor_C,PROD024,8,75.57,53.82
FAC-6400,2026-05-11,Vendedor_B,PROD018,5,32.2,24.35
FAC-6401,2026-05-11,Vendedor_B,PROD002,2,18.2,21.06
FAC-6402,2026-05-11,Vendedor_A,PROD019,3,35.06,26.79
FAC-6403,2026-05-11,Vendedor_C,PROD022,23,69.71,50.84
FAC-6404,2026-05-11,Vendedor_B,PROD025,6,119.66,87.71
FAC-6405,2026-05-11,Vendedor_A,PROD021,21,68.04,47.24
FAC-6406,2026-05-11,Vendedor_A,PROD023,9,88.57,67.85
FAC-6407,2026-05-11,Vendedor_B,PROD009,3,10.15,7.44
FAC-6408,2026-05-11,Vendedor_C,PROD024,18,70.41,53.82
FAC-6409,2026-05-11,Vendedor_A,PROD025,18,122.69,87.71
FAC-6410,2026-05-11,Vendedor_A,PROD023,2,94.8,67.85
FAC-6411,2026-05-11,Vendedor_A,PROD010,2,9.42,6.62
FAC-6412,2026-05-11,Vendedor_A,PROD019,1,34.94,26.79
FAC-6413,2026-05-11,Vendedor_C,PROD024,6,73.73,53.82
FAC-6414,2026-05-11,Vendedor_A,PROD003,5,19.67,14.08
FAC-6415,2026-05-11,Vendedor_A,PROD011,1,16.62,11.99
FAC-6416,2026-05-11,Vendedor_A,PROD023,3,94.05,67.85
FAC-6417,2026-05-11,Vendedor_B,PROD018,2,34.43,24.35
FAC-6418,2026-05-11,Vendedor_C,PROD004,1,18.07,13.33
FAC-6419,2026-05-11,Vendedor_C,PROD021,3,63.7,47.24
FAC-6420,2026-05-11,Vendedor_A,PROD003,4,20.33,14.08
FAC-6421,2026-05-11,Vendedor_A,PROD012,5,7.33,5.61
FAC-6422,2026-05-11,Vendedor_A,PROD022,22,66.68,50.84
FAC-6423,2026-05-11,Vendedor_B,PROD010,1,8.65,6.62
FAC-6424,2026-05-11,Vendedor_A,PROD007,1,25.9,33.52
FAC-6425,2026-05-11,Vendedor_B,PROD001,2,19.6,15.83
FAC-6426,2026-05-11,Vendedor_A,PROD024,8,73.7,53.82
FAC-6427,2026-05-11,Vendedor_A,PROD025,12,120.52,87.71
FAC-6428,2026-05-11,Vendedor_A,PROD005,1,41.01,29.16
FAC-6429,2026-05-11,Vendedor_A,PROD016,12,6.72,8.56
FAC-6430,2026-05-11,Vendedor_B,PROD010,1,9.34,6.62
FAC-6431,2026-05-11,Vendedor_B,PROD008,4,12.1,9.11
FAC-6432,2026-05-11,Vendedor_A,PROD024,20,74.08,53.82
FAC-6433,2026-05-11,Vendedor_A,PROD025,11,126.3,87.71
FAC-6434,2026-05-11,Vendedor_A,PROD013,15,6.46,4.77
FAC-6435,2026-05-12,Vendedor_C,PROD011,5,17.37,11.99
FAC-6436,2026-05-12,Vendedor_A,PROD016,18,6.72,8.56
FAC-6437,2026-05-12,Vendedor_C,PROD005,3,40.21,29.16
FAC-6438,2026-05-12,Vendedor_A,PROD012,20,7.55,5.61
FAC-6439,2026-05-12,Vendedor_C,PROD005,5,40.93,29.16
FAC-6440,2026-05-12,Vendedor_B,PROD022,5,72.52,50.84
FAC-6441,2026-05-12,Vendedor_A,PROD008,4,12.8,9.11
FAC-6442,2026-05-12,Vendedor_C,PROD020,8,68.6,55.14
FAC-6443,2026-05-12,Vendedor_B,PROD004,1,18.31,13.33
FAC-6444,2026-05-12,Vendedor_A,PROD024,6,77.08,53.82
FAC-6445,2026-05-12,Vendedor_A,PROD008,4,11.96,9.11
FAC-6446,2026-05-12,Vendedor_C,PROD012,22,7.97,5.61
FAC-6447,2026-05-12,Vendedor_A,PROD010,4,9.08,6.62
FAC-6448,2026-05-12,Vendedor_A,PROD008,5,11.92,9.11
FAC-6449,2026-05-12,Vendedor_A,PROD023,18,92.71,67.85
FAC-6450,2026-05-12,Vendedor_C,PROD003,4,18.77,14.08
FAC-6451,2026-05-12,Vendedor_B,PROD021,5,66.64,47.24
FAC-6452,2026-05-12,Vendedor_C,PROD001,4,14.25,15.83
FAC-6453,2026-05-12,Vendedor_B,PROD020,10,68.6,55.14
FAC-6454,2026-05-12,Vendedor_A,PROD019,3,35.34,26.79
FAC-6455,2026-05-12,Vendedor_A,PROD005,1,42.05,29.16
FAC-6456,2026-05-12,Vendedor_A,PROD018,1,32.69,24.35
FAC-6457,2026-05-12,Vendedor_A,PROD006,3,28.78,21.76
FAC-6458,2026-05-12,Vendedor_A,PROD001,5,19.6,15.83
FAC-6459,2026-05-12,Vendedor_C,PROD021,17,62.2,47.24
FAC-6460,2026-05-12,Vendedor_C,PROD024,10,76.79,53.82
FAC-6461,2026-05-12,Vendedor_A,PROD016,22,6.72,8.56
FAC-6462,2026-05-12,Vendedor_A,PROD005,5,39.24,29.16
FAC-6463,2026-05-12,Vendedor_A,PROD008,5,12.64,9.11
FAC-6464,2026-05-12,Vendedor_A,PROD018,1,33.93,24.35
FAC-6465,2026-05-12,Vendedor_A,PROD019,3,35.6,26.79
FAC-6466,2026-05-12,Vendedor_A,PROD002,2,18.2,21.06
FAC-6467,2026-05-12,Vendedor_A,PROD002,3,18.2,21.06
FAC-6468,2026-05-12,Vendedor_A,PROD006,5,30.98,21.76
FAC-6469,2026-05-12,Vendedor_C,PROD009,4,9.67,7.44
FAC-6470,2026-05-12,Vendedor_C,PROD004,4,18.7,13.33
FAC-6471,2026-05-12,Vendedor_A,PROD005,3,41.07,29.16
FAC-6472,2026-05-12,Vendedor_A,PROD015,9,6.44,4.82
FAC-6473,2026-05-12,Vendedor_A,PROD007,4,25.9,33.52
FAC-6474,2026-05-12,Vendedor_C,PROD008,2,12.15,9.11
FAC-6475,2026-05-12,Vendedor_B,PROD014,22,7.1,5.27
FAC-6476,2026-05-12,Vendedor_A,PROD013,17,6.24,4.77
FAC-6477,2026-05-13,Vendedor_A,PROD002,5,18.2,21.06
FAC-6478,2026-05-13,Vendedor_A,PROD005,5,39.8,29.16
FAC-6479,2026-05-13,Vendedor_A,PROD024,4,70.82,53.82
FAC-6480,2026-05-13,Vendedor_B,PROD013,14,6.76,4.77
FAC-6481,2026-05-13,Vendedor_B,PROD014,5,6.88,5.27
FAC-6482,2026-05-13,Vendedor_C,PROD001,5,14.25,15.83
FAC-6483,2026-05-13,Vendedor_A,PROD004,1,18.51,13.33
FAC-6484,2026-05-13,Vendedor_B,PROD017,4,40.76,29.86
FAC-6485,2026-05-13,Vendedor_B,PROD006,3,30.96,21.76
FAC-6486,2026-05-13,Vendedor_C,PROD006,3,30.89,21.76
FAC-6487,2026-05-13,Vendedor_A,PROD015,17,6.42,4.82
FAC-6488,2026-05-13,Vendedor_B,PROD021,8,61.88,47.24
FAC-6489,2026-05-13,Vendedor_B,PROD005,1,39.52,29.16
FAC-6490,2026-05-13,Vendedor_A,PROD001,3,19.6,15.83
FAC-6491,2026-05-13,Vendedor_A,PROD014,20,7.35,5.27
FAC-6492,2026-05-13,Vendedor_A,PROD012,5,8.11,5.61
FAC-6493,2026-05-13,Vendedor_C,PROD003,1,20.4,14.08
FAC-6494,2026-05-13,Vendedor_B,PROD009,4,10.03,7.44
FAC-6495,2026-05-13,Vendedor_B,PROD003,1,19.47,14.08
FAC-6496,2026-05-13,Vendedor_B,PROD018,1,34.1,24.35
FAC-6497,2026-05-13,Vendedor_B,PROD019,4,36.14,26.79
FAC-6498,2026-05-13,Vendedor_A,PROD021,13,66.38,47.24
FAC-6499,2026-05-13,Vendedor_A,PROD021,14,64.25,47.24
FAC-6500,2026-05-13,Vendedor_A,PROD018,4,32.99,24.35
FAC-6501,2026-05-13,Vendedor_B,PROD005,4,38.89,29.16
FAC-6502,2026-05-13,Vendedor_A,PROD023,5,95.23,67.85
FAC-6503,2026-05-13,Vendedor_C,PROD001,3,19.6,15.83
FAC-6504,2026-05-13,Vendedor_B,PROD009,2,9.88,7.44
FAC-6505,2026-05-13,Vendedor_C,PROD001,4,14.25,15.83
FAC-6506,2026-05-13,Vendedor_A,PROD011,4,15.95,11.99
FAC-6507,2026-05-13,Vendedor_C,PROD004,2,18.77,13.33
FAC-6508,2026-05-13,Vendedor_C,PROD023,13,95.16,67.85
FAC-6509,2026-05-13,Vendedor_B,PROD009,5,10.47,7.44
FAC-6510,2026-05-13,Vendedor_A,PROD001,5,19.6,15.83
FAC-6511,2026-05-13,Vendedor_B,PROD005,4,40.31,29.16
FAC-6512,2026-05-13,Vendedor_A,PROD002,2,18.2,21.06
FAC-6513,2026-05-13,Vendedor_B,PROD021,23,62.63,47.24
FAC-6514,2026-05-13,Vendedor_A,PROD022,4,67.76,50.84
FAC-6515,2026-05-13,Vendedor_A,PROD009,2,10.44,7.44
FAC-6516,2026-05-13,Vendedor_C,PROD007,4,25.9,33.52
FAC-6517,2026-05-13,Vendedor_B,PROD001,3,19.6,15.83
FAC-6518,2026-05-13,Vendedor_C,PROD002,3,18.2,21.06
FAC-6519,2026-05-13,Vendedor_C,PROD004,3,17.42,13.33
FAC-6520,2026-05-13,Vendedor_B,PROD004,1,17.41,13.33
FAC-6521,2026-05-13,Vendedor_C,PROD024,11,73.69,53.82
FAC-6522,2026-05-13,Vendedor_B,PROD007,3,25.9,33.52
FAC-6523,2026-05-14,Vendedor_C,PROD019,4,37.04,26.79
FAC-6524,2026-05-14,Vendedor_A,PROD019,1,36.24,26.79
FAC-6525,2026-05-14,Vendedor_B,PROD002,2,18.2,21.06
FAC-6526,2026-05-14,Vendedor_A,PROD005,2,40.0,29.16
FAC-6527,2026-05-14,Vendedor_A,PROD017,4,40.27,29.86
FAC-6528,2026-05-14,Vendedor_A,PROD012,22,7.96,5.61
FAC-6529,2026-05-14,Vendedor_B,PROD012,4,7.56,5.61
FAC-6530,2026-05-14,Vendedor_A,PROD005,5,39.03,29.16
FAC-6531,2026-05-14,Vendedor_C,PROD017,4,42.12,29.86
FAC-6532,2026-05-14,Vendedor_A,PROD002,1,18.2,21.06
FAC-6533,2026-05-14,Vendedor_B,PROD025,18,124.27,87.71
FAC-6534,2026-05-14,Vendedor_A,PROD006,3,29.7,21.76
FAC-6535,2026-05-14,Vendedor_A,PROD023,23,90.32,67.85
FAC-6536,2026-05-14,Vendedor_C,PROD013,18,6.7,4.77
FAC-6537,2026-05-14,Vendedor_A,PROD011,5,17.26,11.99
FAC-6538,2026-05-14,Vendedor_B,PROD014,23,7.09,5.27
FAC-6539,2026-05-14,Vendedor_A,PROD003,3,19.23,14.08
FAC-6540,2026-05-14,Vendedor_A,PROD013,4,6.44,4.77
FAC-6541,2026-05-14,Vendedor_C,PROD006,5,30.4,21.76
FAC-6542,2026-05-14,Vendedor_A,PROD025,6,115.71,87.71
FAC-6543,2026-05-14,Vendedor_C,PROD020,14,68.6,55.14
FAC-6544,2026-05-14,Vendedor_C,PROD025,15,116.25,87.71
FAC-6545,2026-05-14,Vendedor_B,PROD025,11,114.8,87.71
FAC-6546,2026-05-14,Vendedor_A,PROD010,3,8.74,6.62
FAC-6547,2026-05-14,Vendedor_A,PROD015,2,6.94,4.82
FAC-6548,2026-05-14,Vendedor_A,PROD015,21,6.64,4.82
FAC-6549,2026-05-14,Vendedor_B,PROD025,22,115.33,87.71
FAC-6550,2026-05-14,Vendedor_B,PROD022,20,67.65,50.84
FAC-6551,2026-05-14,Vendedor_A,PROD005,1,40.09,29.16
FAC-6552,2026-05-14,Vendedor_B,PROD021,17,65.21,47.24
FAC-6553,2026-05-14,Vendedor_A,PROD022,21,70.69,50.84
FAC-6554,2026-05-14,Vendedor_C,PROD020,15,68.6,55.14
FAC-6555,2026-05-14,Vendedor_B,PROD008,1,12.93,9.11
FAC-6556,2026-05-14,Vendedor_B,PROD012,4,8.01,5.61
FAC-6557,2026-05-14,Vendedor_A,PROD013,17,6.8,4.77
FAC-6558,2026-05-14,Vendedor_B,PROD020,5,68.6,55.14
FAC-6559,2026-05-14,Vendedor_A,PROD017,4,42.89,29.86
FAC-6560,2026-05-14,Vendedor_B,PROD006,2,28.98,21.76
FAC-6561,2026-05-14,Vendedor_C,PROD022,13,70.79,50.84
FAC-6562,2026-05-14,Vendedor_C,PROD015,22,6.92,4.82
FAC-6563,2026-05-14,Vendedor_A,PROD020,10,68.6,55.14
FAC-6564,2026-05-14,Vendedor_B,PROD021,21,68.08,47.24
FAC-6565,2026-05-15,Vendedor_A,PROD021,2,66.65,47.24
FAC-6566,2026-05-15,Vendedor_A,PROD018,1,34.5,24.35
FAC-6567,2026-05-15,Vendedor_A,PROD002,1,18.2,21.06
FAC-6568,2026-05-15,Vendedor_A,PROD020,4,68.6,55.14
FAC-6569,2026-05-15,Vendedor_A,PROD023,14,92.7,67.85
FAC-6570,2026-05-15,Vendedor_A,PROD002,4,18.2,21.06
FAC-6571,2026-05-15,Vendedor_A,PROD004,5,18.66,13.33
FAC-6572,2026-05-15,Vendedor_B,PROD003,3,18.78,14.08
FAC-6573,2026-05-15,Vendedor_A,PROD018,4,33.48,24.35
FAC-6574,2026-05-15,Vendedor_B,PROD020,9,68.6,55.14
FAC-6575,2026-05-15,Vendedor_C,PROD019,2,36.33,26.79
FAC-6576,2026-05-15,Vendedor_A,PROD009,1,9.79,7.44
FAC-6577,2026-05-15,Vendedor_C,PROD009,1,10.25,7.44
FAC-6578,2026-05-15,Vendedor_B,PROD016,8,6.72,8.56
FAC-6579,2026-05-15,Vendedor_A,PROD015,21,6.97,4.82
FAC-6580,2026-05-15,Vendedor_B,PROD017,5,40.91,29.86
FAC-6581,2026-05-15,Vendedor_A,PROD021,19,67.04,47.24
FAC-6582,2026-05-15,Vendedor_B,PROD005,4,39.25,29.16
FAC-6583,2026-05-15,Vendedor_B,PROD021,5,68.48,47.24
FAC-6584,2026-05-15,Vendedor_B,PROD023,6,90.27,67.85
FAC-6585,2026-05-15,Vendedor_B,PROD018,4,33.11,24.35
FAC-6586,2026-05-15,Vendedor_A,PROD008,5,12.42,9.11
FAC-6587,2026-05-15,Vendedor_C,PROD004,1,18.82,13.33
FAC-6588,2026-05-15,Vendedor_B,PROD017,5,41.27,29.86
FAC-6589,2026-05-15,Vendedor_B,PROD025,18,119.43,87.71
FAC-6590,2026-05-15,Vendedor_C,PROD015,21,6.92,4.82
FAC-6591,2026-05-15,Vendedor_A,PROD011,4,17.38,11.99
FAC-6592,2026-05-15,Vendedor_A,PROD013,16,6.45,4.77
FAC-6593,2026-05-15,Vendedor_C,PROD022,13,69.61,50.84
FAC-6594,2026-05-15,Vendedor_C,PROD011,1,16.77,11.99
FAC-6595,2026-05-15,Vendedor_A,PROD024,11,70.0,53.82
FAC-6596,2026-05-15,Vendedor_A,PROD022,22,67.2,50.84
FAC-6597,2026-05-15,Vendedor_A,PROD020,23,68.6,55.14
FAC-6598,2026-05-15,Vendedor_C,PROD012,15,7.98,5.61
FAC-6599,2026-05-15,Vendedor_C,PROD018,2,34.5,24.35
FAC-6600,2026-05-16,Vendedor_A,PROD012,22,7.89,5.61
FAC-6601,2026-05-16,Vendedor_B,PROD007,5,25.9,33.52
FAC-6602,2026-05-16,Vendedor_A,PROD015,11,6.4,4.82
FAC-6603,2026-05-16,Vendedor_A,PROD003,1,18.49,14.08
FAC-6604,2026-05-16,Vendedor_B,PROD001,2,19.6,15.83
FAC-6605,2026-05-16,Vendedor_C,PROD025,17,78.94,87.71
FAC-6606,2026-05-16,Vendedor_A,PROD019,1,35.3,26.79
FAC-6607,2026-05-16,Vendedor_C,PROD016,14,6.72,8.56
FAC-6608,2026-05-16,Vendedor_B,PROD004,3,18.84,13.33
FAC-6609,2026-05-16,Vendedor_B,PROD017,5,42.7,29.86
FAC-6610,2026-05-16,Vendedor_B,PROD015,10,6.38,4.82
FAC-6611,2026-05-16,Vendedor_A,PROD003,1,19.27,14.08
FAC-6612,2026-05-16,Vendedor_B,PROD018,4,32.82,24.35
FAC-6613,2026-05-16,Vendedor_A,PROD021,21,61.77,47.24
FAC-6614,2026-05-16,Vendedor_B,PROD008,5,12.76,9.11
FAC-6615,2026-05-16,Vendedor_A,PROD003,3,18.8,14.08
FAC-6616,2026-05-16,Vendedor_A,PROD012,19,7.37,5.61
FAC-6617,2026-05-16,Vendedor_A,PROD003,2,18.89,14.08
FAC-6618,2026-05-16,Vendedor_B,PROD023,18,94.15,67.85
FAC-6619,2026-05-16,Vendedor_A,PROD015,8,6.63,4.82
FAC-6620,2026-05-16,Vendedor_B,PROD023,20,97.68,67.85
FAC-6621,2026-05-16,Vendedor_B,PROD011,2,15.96,11.99
FAC-6622,2026-05-16,Vendedor_A,PROD021,11,66.61,47.24
FAC-6623,2026-05-16,Vendedor_B,PROD022,17,67.77,50.84
FAC-6624,2026-05-16,Vendedor_A,PROD007,4,25.9,33.52
FAC-6625,2026-05-16,Vendedor_B,PROD003,2,20.07,14.08
FAC-6626,2026-05-16,Vendedor_A,PROD023,15,96.84,67.85
FAC-6627,2026-05-16,Vendedor_B,PROD019,2,37.04,26.79
FAC-6628,2026-05-16,Vendedor_B,PROD014,11,7.37,5.27
FAC-6629,2026-05-16,Vendedor_A,PROD009,2,9.75,7.44
FAC-6630,2026-05-16,Vendedor_A,PROD004,3,19.15,13.33
FAC-6631,2026-05-16,Vendedor_B,PROD018,5,32.17,24.35
FAC-6632,2026-05-16,Vendedor_B,PROD003,3,19.94,14.08
FAC-6633,2026-05-16,Vendedor_B,PROD004,3,18.85,13.33
FAC-6634,2026-05-16,Vendedor_A,PROD020,12,68.6,55.14
FAC-6635,2026-05-16,Vendedor_B,PROD001,2,19.6,15.83
FAC-6636,2026-05-16,Vendedor_B,PROD017,5,39.55,29.86
FAC-6637,2026-05-16,Vendedor_A,PROD025,18,127.06,87.71
FAC-6638,2026-05-16,Vendedor_B,PROD006,3,28.68,21.76
FAC-6639,2026-05-16,Vendedor_B,PROD007,5,25.9,33.52
FAC-6640,2026-05-16,Vendedor_B,PROD001,3,19.6,15.83
FAC-6641,2026-05-16,Vendedor_A,PROD023,22,89.14,67.85
FAC-6642,2026-05-17,Vendedor_A,PROD004,3,17.61,13.33
FAC-6643,2026-05-17,Vendedor_B,PROD003,1,19.75,14.08
FAC-6644,2026-05-17,Vendedor_B,PROD013,3,6.2,4.77
FAC-6645,2026-05-17,Vendedor_C,PROD017,4,40.43,29.86
FAC-6646,2026-05-17,Vendedor_A,PROD021,12,65.21,47.24
FAC-6647,2026-05-17,Vendedor_A,PROD007,5,25.9,33.52
FAC-6648,2026-05-17,Vendedor_C,PROD009,3,9.75,7.44
FAC-6649,2026-05-17,Vendedor_C,PROD002,5,18.2,21.06
FAC-6650,2026-05-17,Vendedor_B,PROD017,5,42.01,29.86
FAC-6651,2026-05-17,Vendedor_C,PROD014,9,7.05,5.27
FAC-6652,2026-05-17,Vendedor_C,PROD008,3,13.18,9.11
FAC-6653,2026-05-17,Vendedor_A,PROD002,5,18.2,21.06
FAC-6654,2026-05-17,Vendedor_A,PROD009,1,9.78,7.44
FAC-6655,2026-05-17,Vendedor_C,PROD007,3,25.9,33.52
FAC-6656,2026-05-17,Vendedor_B,PROD018,4,33.28,24.35
FAC-6657,2026-05-17,Vendedor_C,PROD022,10,68.21,50.84
FAC-6658,2026-05-17,Vendedor_B,PROD002,4,18.2,21.06
FAC-6659,2026-05-17,Vendedor_B,PROD020,22,68.6,55.14
FAC-6660,2026-05-17,Vendedor_A,PROD025,6,125.86,87.71
FAC-6661,2026-05-17,Vendedor_B,PROD010,4,8.77,6.62
FAC-6662,2026-05-17,Vendedor_C,PROD001,4,14.25,15.83
FAC-6663,2026-05-17,Vendedor_B,PROD015,16,6.89,4.82
FAC-6664,2026-05-17,Vendedor_B,PROD019,5,38.47,26.79
FAC-6665,2026-05-17,Vendedor_A,PROD016,19,6.72,8.56
FAC-6666,2026-05-17,Vendedor_C,PROD022,7,68.13,50.84
FAC-6667,2026-05-17,Vendedor_A,PROD021,2,61.71,47.24
FAC-6668,2026-05-17,Vendedor_B,PROD007,5,25.9,33.52
FAC-6669,2026-05-17,Vendedor_B,PROD016,15,6.72,8.56
FAC-6670,2026-05-17,Vendedor_A,PROD013,22,6.79,4.77
FAC-6671,2026-05-17,Vendedor_C,PROD020,8,68.6,55.14
FAC-6672,2026-05-17,Vendedor_A,PROD021,11,62.78,47.24
FAC-6673,2026-05-17,Vendedor_A,PROD014,2,7.37,5.27
FAC-6674,2026-05-17,Vendedor_A,PROD012,3,8.13,5.61
FAC-6675,2026-05-17,Vendedor_B,PROD012,22,7.95,5.61
FAC-6676,2026-05-17,Vendedor_A,PROD010,2,9.07,6.62
FAC-6677,2026-05-17,Vendedor_A,PROD018,2,32.35,24.35
FAC-6678,2026-05-17,Vendedor_A,PROD008,2,12.72,9.11
FAC-6679,2026-05-17,Vendedor_C,PROD015,5,6.4,4.82
FAC-6680,2026-05-18,Vendedor_A,PROD011,5,16.05,11.99
FAC-6681,2026-05-18,Vendedor_A,PROD002,5,18.2,21.06
FAC-6682,2026-05-18,Vendedor_C,PROD007,3,25.9,33.52
FAC-6683,2026-05-18,Vendedor_A,PROD022,23,66.74,50.84
FAC-6684,2026-05-18,Vendedor_C,PROD009,1,9.79,7.44
FAC-6685,2026-05-18,Vendedor_C,PROD020,15,68.6,55.14
FAC-6686,2026-05-18,Vendedor_B,PROD023,18,94.5,67.85
FAC-6687,2026-05-18,Vendedor_B,PROD015,15,6.31,4.82
FAC-6688,2026-05-18,Vendedor_A,PROD003,1,19.83,14.08
FAC-6689,2026-05-18,Vendedor_B,PROD001,2,19.6,15.83
FAC-6690,2026-05-18,Vendedor_B,PROD015,15,6.44,4.82
FAC-6691,2026-05-18,Vendedor_A,PROD013,18,6.34,4.77
FAC-6692,2026-05-18,Vendedor_B,PROD018,5,34.44,24.35
FAC-6693,2026-05-18,Vendedor_A,PROD021,12,61.63,47.24
FAC-6694,2026-05-18,Vendedor_A,PROD007,4,25.9,33.52
FAC-6695,2026-05-18,Vendedor_B,PROD001,5,19.6,15.83
FAC-6696,2026-05-18,Vendedor_A,PROD019,4,38.75,26.79
FAC-6697,2026-05-18,Vendedor_B,PROD013,3,6.4,4.77
FAC-6698,2026-05-18,Vendedor_A,PROD022,19,71.66,50.84
FAC-6699,2026-05-18,Vendedor_A,PROD004,3,18.91,13.33
FAC-6700,2026-05-18,Vendedor_A,PROD008,1,11.87,9.11
FAC-6701,2026-05-18,Vendedor_C,PROD006,1,28.58,21.76
FAC-6702,2026-05-18,Vendedor_B,PROD003,2,19.59,14.08
FAC-6703,2026-05-18,Vendedor_A,PROD011,5,15.6,11.99
FAC-6704,2026-05-18,Vendedor_B,PROD018,2,32.42,24.35
FAC-6705,2026-05-18,Vendedor_C,PROD005,2,41.12,29.16
FAC-6706,2026-05-18,Vendedor_A,PROD022,10,68.43,50.84
FAC-6707,2026-05-18,Vendedor_A,PROD010,4,9.14,6.62
FAC-6708,2026-05-18,Vendedor_B,PROD002,4,18.2,21.06
FAC-6709,2026-05-18,Vendedor_C,PROD019,5,36.8,26.79
FAC-6710,2026-05-18,Vendedor_A,PROD001,3,19.6,15.83
FAC-6711,2026-05-18,Vendedor_B,PROD025,11,124.82,87.71
FAC-6712,2026-05-18,Vendedor_A,PROD006,1,29.1,21.76
FAC-6713,2026-05-18,Vendedor_B,PROD022,20,71.71,50.84
FAC-6714,2026-05-18,Vendedor_C,PROD019,3,36.25,26.79
FAC-6715,2026-05-18,Vendedor_A,PROD019,3,36.66,26.79
FAC-6716,2026-05-18,Vendedor_A,PROD009,3,9.72,7.44
FAC-6717,2026-05-18,Vendedor_A,PROD010,3,9.36,6.62
FAC-6718,2026-05-18,Vendedor_A,PROD009,5,10.29,7.44
FAC-6719,2026-05-18,Vendedor_A,PROD016,19,6.72,8.56
FAC-6720,2026-05-18,Vendedor_C,PROD011,2,16.97,11.99
FAC-6721,2026-05-19,Vendedor_C,PROD020,4,68.6,55.14
FAC-6722,2026-05-19,Vendedor_A,PROD014,18,6.94,5.27
FAC-6723,2026-05-19,Vendedor_C,PROD006,4,29.71,21.76
FAC-6724,2026-05-19,Vendedor_B,PROD007,2,25.9,33.52
FAC-6725,2026-05-19,Vendedor_A,PROD010,5,9.06,6.62
FAC-6726,2026-05-19,Vendedor_A,PROD022,8,70.05,50.84
FAC-6727,2026-05-19,Vendedor_C,PROD024,6,70.37,53.82
FAC-6728,2026-05-19,Vendedor_B,PROD024,9,71.1,53.82
FAC-6729,2026-05-19,Vendedor_A,PROD006,3,29.03,21.76
FAC-6730,2026-05-19,Vendedor_B,PROD020,21,68.6,55.14
FAC-6731,2026-05-19,Vendedor_B,PROD001,4,19.6,15.83
FAC-6732,2026-05-19,Vendedor_A,PROD015,23,6.74,4.82
FAC-6733,2026-05-19,Vendedor_A,PROD008,2,13.09,9.11
FAC-6734,2026-05-19,Vendedor_A,PROD011,3,17.07,11.99
FAC-6735,2026-05-19,Vendedor_B,PROD005,5,40.8,29.16
FAC-6736,2026-05-19,Vendedor_A,PROD015,18,6.37,4.82
FAC-6737,2026-05-19,Vendedor_C,PROD008,2,11.86,9.11
FAC-6738,2026-05-19,Vendedor_C,PROD016,7,6.72,8.56
FAC-6739,2026-05-19,Vendedor_C,PROD012,15,7.84,5.61
FAC-6740,2026-05-19,Vendedor_B,PROD024,14,74.43,53.82
FAC-6741,2026-05-19,Vendedor_A,PROD017,4,42.66,29.86
FAC-6742,2026-05-19,Vendedor_A,PROD013,6,6.43,4.77
FAC-6743,2026-05-19,Vendedor_A,PROD017,5,40.51,29.86
FAC-6744,2026-05-19,Vendedor_A,PROD002,2,18.2,21.06
FAC-6745,2026-05-19,Vendedor_A,PROD024,17,73.84,53.82
FAC-6746,2026-05-19,Vendedor_A,PROD021,11,67.91,47.24
FAC-6747,2026-05-19,Vendedor_B,PROD019,3,35.65,26.79
FAC-6748,2026-05-19,Vendedor_C,PROD025,5,78.94,87.71
FAC-6749,2026-05-19,Vendedor_A,PROD006,4,30.4,21.76
FAC-6750,2026-05-19,Vendedor_A,PROD004,1,18.81,13.33
FAC-6751,2026-05-19,Vendedor_A,PROD024,20,75.68,53.82
FAC-6752,2026-05-19,Vendedor_B,PROD020,17,68.6,55.14
FAC-6753,2026-05-19,Vendedor_C,PROD005,5,42.2,29.16
FAC-6754,2026-05-19,Vendedor_A,PROD014,6,7.6,5.27
FAC-6755,2026-05-19,Vendedor_A,PROD018,1,35.24,24.35
FAC-6756,2026-05-19,Vendedor_B,PROD007,3,25.9,33.52
FAC-6757,2026-05-19,Vendedor_A,PROD010,5,8.83,6.62
FAC-6758,2026-05-20,Vendedor_B,PROD006,1,31.45,21.76
FAC-6759,2026-05-20,Vendedor_A,PROD002,4,18.2,21.06
FAC-6760,2026-05-20,Vendedor_B,PROD003,3,19.07,14.08
FAC-6761,2026-05-20,Vendedor_A,PROD016,11,6.72,8.56
FAC-6762,2026-05-20,Vendedor_C,PROD007,4,25.9,33.52
FAC-6763,2026-05-20,Vendedor_C,PROD017,3,39.26,29.86
FAC-6764,2026-05-20,Vendedor_C,PROD019,2,35.69,26.79
FAC-6765,2026-05-20,Vendedor_B,PROD005,4,40.22,29.16
FAC-6766,2026-05-20,Vendedor_A,PROD023,18,89.93,67.85
FAC-6767,2026-05-20,Vendedor_A,PROD018,5,32.39,24.35
FAC-6768,2026-05-20,Vendedor_A,PROD020,9,68.6,55.14
FAC-6769,2026-05-20,Vendedor_A,PROD012,13,8.1,5.61
FAC-6770,2026-05-20,Vendedor_B,PROD020,13,68.6,55.14
FAC-6771,2026-05-20,Vendedor_C,PROD016,21,6.72,8.56
FAC-6772,2026-05-20,Vendedor_C,PROD011,5,16.21,11.99
FAC-6773,2026-05-20,Vendedor_A,PROD014,8,7.03,5.27
FAC-6774,2026-05-20,Vendedor_C,PROD013,3,6.49,4.77
FAC-6775,2026-05-20,Vendedor_A,PROD021,7,64.7,47.24
FAC-6776,2026-05-20,Vendedor_A,PROD024,15,76.77,53.82
FAC-6777,2026-05-20,Vendedor_C,PROD014,19,7.05,5.27
FAC-6778,2026-05-20,Vendedor_A,PROD005,3,41.83,29.16
FAC-6779,2026-05-20,Vendedor_A,PROD014,9,7.09,5.27
FAC-6780,2026-05-20,Vendedor_A,PROD018,3,33.94,24.35
FAC-6781,2026-05-20,Vendedor_A,PROD012,14,7.53,5.61
FAC-6782,2026-05-20,Vendedor_C,PROD006,3,30.09,21.76
FAC-6783,2026-05-20,Vendedor_A,PROD001,4,19.6,15.83
FAC-6784,2026-05-20,Vendedor_A,PROD018,5,35.24,24.35
FAC-6785,2026-05-20,Vendedor_B,PROD011,2,16.68,11.99
FAC-6786,2026-05-20,Vendedor_B,PROD015,19,6.65,4.82
FAC-6787,2026-05-20,Vendedor_B,PROD016,12,6.72,8.56
FAC-6788,2026-05-20,Vendedor_B,PROD013,23,6.37,4.77
FAC-6789,2026-05-20,Vendedor_A,PROD011,3,16.58,11.99
FAC-6790,2026-05-20,Vendedor_A,PROD025,10,114.31,87.71
FAC-6791,2026-05-20,Vendedor_B,PROD017,2,42.37,29.86
FAC-6792,2026-05-20,Vendedor_A,PROD023,17,90.61,67.85
FAC-6793,2026-05-20,Vendedor_A,PROD005,3,40.19,29.16
FAC-6794,2026-05-20,Vendedor_C,PROD011,2,16.08,11.99
FAC-6795,2026-05-20,Vendedor_C,PROD020,23,68.6,55.14
FAC-6796,2026-05-20,Vendedor_A,PROD002,5,18.2,21.06
FAC-6797,2026-05-20,Vendedor_B,PROD006,3,29.76,21.76
FAC-6798,2026-05-20,Vendedor_A,PROD014,23,7.28,5.27
FAC-6799,2026-05-20,Vendedor_A,PROD005,3,42.19,29.16
FAC-6800,2026-05-21,Vendedor_A,PROD002,4,18.2,21.06
FAC-6801,2026-05-21,Vendedor_C,PROD023,7,88.9,67.85
FAC-6802,2026-05-21,Vendedor_A,PROD023,13,96.09,67.85
FAC-6803,2026-05-21,Vendedor_A,PROD007,4,25.9,33.52
FAC-6804,2026-05-21,Vendedor_A,PROD015,9,6.79,4.82
FAC-6805,2026-05-21,Vendedor_B,PROD006,5,30.94,21.76
FAC-6806,2026-05-21,Vendedor_C,PROD009,1,10.04,7.44
FAC-6807,2026-05-21,Vendedor_A,PROD018,5,33.14,24.35
FAC-6808,2026-05-21,Vendedor_B,PROD010,4,9.45,6.62
FAC-6809,2026-05-21,Vendedor_A,PROD005,4,39.71,29.16
FAC-6810,2026-05-21,Vendedor_B,PROD002,2,18.2,21.06
FAC-6811,2026-05-21,Vendedor_A,PROD017,5,39.65,29.86
FAC-6812,2026-05-21,Vendedor_B,PROD023,13,93.11,67.85
FAC-6813,2026-05-21,Vendedor_C,PROD005,3,41.91,29.16
FAC-6814,2026-05-21,Vendedor_B,PROD017,1,38.9,29.86
FAC-6815,2026-05-21,Vendedor_C,PROD014,13,7.64,5.27
FAC-6816,2026-05-21,Vendedor_B,PROD021,10,68.17,47.24
FAC-6817,2026-05-21,Vendedor_A,PROD024,11,73.25,53.82
FAC-6818,2026-05-21,Vendedor_C,PROD006,5,29.7,21.76
FAC-6819,2026-05-21,Vendedor_B,PROD023,10,88.64,67.85
FAC-6820,2026-05-21,Vendedor_B,PROD020,16,68.6,55.14
FAC-6821,2026-05-21,Vendedor_C,PROD024,21,71.14,53.82
FAC-6822,2026-05-21,Vendedor_B,PROD017,4,38.96,29.86
FAC-6823,2026-05-21,Vendedor_A,PROD005,4,41.27,29.16
FAC-6824,2026-05-21,Vendedor_A,PROD022,15,66.43,50.84
FAC-6825,2026-05-21,Vendedor_A,PROD016,6,6.72,8.56
FAC-6826,2026-05-21,Vendedor_A,PROD021,12,64.36,47.24
FAC-6827,2026-05-21,Vendedor_B,PROD004,4,19.26,13.33
FAC-6828,2026-05-21,Vendedor_B,PROD001,4,19.6,15.83
FAC-6829,2026-05-21,Vendedor_C,PROD012,23,7.49,5.61
FAC-6830,2026-05-21,Vendedor_C,PROD015,3,6.8,4.82
FAC-6831,2026-05-21,Vendedor_C,PROD015,22,6.87,4.82
FAC-6832,2026-05-21,Vendedor_B,PROD013,11,6.56,4.77
FAC-6833,2026-05-21,Vendedor_B,PROD025,9,125.07,87.71
FAC-6834,2026-05-21,Vendedor_C,PROD001,1,19.6,15.83
FAC-6835,2026-05-21,Vendedor_A,PROD022,19,70.3,50.84
FAC-6836,2026-05-21,Vendedor_B,PROD013,22,6.84,4.77
FAC-6837,2026-05-21,Vendedor_A,PROD014,15,7.28,5.27
FAC-6838,2026-05-21,Vendedor_C,PROD024,11,70.18,53.82
FAC-6839,2026-05-21,Vendedor_C,PROD011,2,15.69,11.99
FAC-6840,2026-05-21,Vendedor_A,PROD014,3,7.16,5.27
FAC-6841,2026-05-21,Vendedor_C,PROD007,2,25.9,33.52
FAC-6842,2026-05-21,Vendedor_A,PROD021,14,65.28,47.24
FAC-6843,2026-05-21,Vendedor_C,PROD017,4,39.21,29.86
FAC-6844,2026-05-21,Vendedor_B,PROD007,5,25.9,33.52
FAC-6845,2026-05-21,Vendedor_B,PROD017,1,41.68,29.86
FAC-6846,2026-05-21,Vendedor_C,PROD003,5,19.67,14.08
FAC-6847,2026-05-22,Vendedor_B,PROD024,3,71.58,53.82
FAC-6848,2026-05-22,Vendedor_A,PROD010,4,9.6,6.62
FAC-6849,2026-05-22,Vendedor_A,PROD015,2,6.32,4.82
FAC-6850,2026-05-22,Vendedor_B,PROD018,4,34.74,24.35
FAC-6851,2026-05-22,Vendedor_A,PROD005,5,39.32,29.16
FAC-6852,2026-05-22,Vendedor_A,PROD009,4,10.45,7.44
FAC-6853,2026-05-22,Vendedor_A,PROD001,4,19.6,15.83
FAC-6854,2026-05-22,Vendedor_A,PROD013,4,6.78,4.77
FAC-6855,2026-05-22,Vendedor_A,PROD004,4,18.26,13.33
FAC-6856,2026-05-22,Vendedor_B,PROD018,1,34.49,24.35
FAC-6857,2026-05-22,Vendedor_B,PROD013,15,6.73,4.77
FAC-6858,2026-05-22,Vendedor_B,PROD015,2,6.92,4.82
FAC-6859,2026-05-22,Vendedor_B,PROD012,19,8.09,5.61
FAC-6860,2026-05-22,Vendedor_C,PROD017,1,40.83,29.86
FAC-6861,2026-05-22,Vendedor_B,PROD008,1,12.02,9.11
FAC-6862,2026-05-22,Vendedor_A,PROD012,3,7.32,5.61
FAC-6863,2026-05-22,Vendedor_B,PROD012,14,7.61,5.61
FAC-6864,2026-05-22,Vendedor_B,PROD021,18,66.46,47.24
FAC-6865,2026-05-22,Vendedor_B,PROD008,4,12.24,9.11
FAC-6866,2026-05-22,Vendedor_A,PROD014,5,7.25,5.27
FAC-6867,2026-05-22,Vendedor_C,PROD002,5,18.2,21.06
FAC-6868,2026-05-22,Vendedor_B,PROD009,4,9.88,7.44
FAC-6869,2026-05-22,Vendedor_A,PROD018,4,32.13,24.35
FAC-6870,2026-05-22,Vendedor_B,PROD014,18,7.53,5.27
FAC-6871,2026-05-22,Vendedor_A,PROD022,4,68.2,50.84
FAC-6872,2026-05-22,Vendedor_C,PROD024,16,78.0,53.82
FAC-6873,2026-05-22,Vendedor_A,PROD011,1,16.05,11.99
FAC-6874,2026-05-22,Vendedor_A,PROD007,5,25.9,33.52
FAC-6875,2026-05-22,Vendedor_B,PROD023,23,93.44,67.85
FAC-6876,2026-05-22,Vendedor_A,PROD002,4,18.2,21.06
FAC-6877,2026-05-22,Vendedor_C,PROD024,12,71.76,53.82
FAC-6878,2026-05-22,Vendedor_A,PROD002,2,18.2,21.06
FAC-6879,2026-05-22,Vendedor_A,PROD001,2,19.6,15.83
FAC-6880,2026-05-22,Vendedor_B,PROD005,1,40.89,29.16
FAC-6881,2026-05-22,Vendedor_A,PROD021,17,67.55,47.24
FAC-6882,2026-05-22,Vendedor_B,PROD008,4,12.9,9.11
FAC-6883,2026-05-22,Vendedor_C,PROD010,5,8.89,6.62
FAC-6884,2026-05-22,Vendedor_A,PROD019,1,36.44,26.79
FAC-6885,2026-05-22,Vendedor_A,PROD002,4,18.2,21.06
FAC-6886,2026-05-22,Vendedor_B,PROD004,1,18.22,13.33
FAC-6887,2026-05-22,Vendedor_C,PROD008,2,12.84,9.11
FAC-6888,2026-05-22,Vendedor_A,PROD011,2,16.2,11.99
FAC-6889,2026-05-22,Vendedor_C,PROD020,4,68.6,55.14
FAC-6890,2026-05-22,Vendedor_A,PROD002,5,18.2,21.06
FAC-6891,2026-05-22,Vendedor_B,PROD013,17,6.3,4.77
FAC-6892,2026-05-22,Vendedor_C,PROD018,4,35.24,24.35
FAC-6893,2026-05-22,Vendedor_A,PROD021,16,62.89,47.24
FAC-6894,2026-05-22,Vendedor_B,PROD014,8,6.97,5.27
FAC-6895,2026-05-22,Vendedor_A,PROD004,4,18.63,13.33
FAC-6896,2026-05-23,Vendedor_A,PROD006,5,29.46,21.76
FAC-6897,2026-05-23,Vendedor_A,PROD024,3,75.7,53.82
FAC-6898,2026-05-23,Vendedor_A,PROD008,2,12.27,9.11
FAC-6899,2026-05-23,Vendedor_A,PROD007,4,25.9,33.52
FAC-6900,2026-05-23,Vendedor_A,PROD021,4,61.48,47.24
FAC-6901,2026-05-23,Vendedor_A,PROD009,4,10.44,7.44
FAC-6902,2026-05-23,Vendedor_B,PROD015,22,6.8,4.82
FAC-6903,2026-05-23,Vendedor_C,PROD013,13,6.41,4.77
FAC-6904,2026-05-23,Vendedor_A,PROD020,17,68.6,55.14
FAC-6905,2026-05-23,Vendedor_A,PROD003,3,18.51,14.08
FAC-6906,2026-05-23,Vendedor_C,PROD005,3,38.87,29.16
FAC-6907,2026-05-23,Vendedor_C,PROD019,5,35.6,26.79
FAC-6908,2026-05-23,Vendedor_A,PROD023,8,89.56,67.85
FAC-6909,2026-05-23,Vendedor_A,PROD011,5,16.66,11.99
FAC-6910,2026-05-23,Vendedor_C,PROD004,5,18.22,13.33
FAC-6911,2026-05-23,Vendedor_A,PROD012,12,7.88,5.61
FAC-6912,2026-05-23,Vendedor_A,PROD004,2,18.0,13.33
FAC-6913,2026-05-23,Vendedor_A,PROD007,5,25.9,33.52
FAC-6914,2026-05-23,Vendedor_A,PROD016,3,6.72,8.56
FAC-6915,2026-05-23,Vendedor_B,PROD015,11,6.53,4.82
FAC-6916,2026-05-23,Vendedor_A,PROD022,5,70.6,50.84
FAC-6917,2026-05-23,Vendedor_A,PROD001,4,19.6,15.83
FAC-6918,2026-05-23,Vendedor_A,PROD020,11,68.6,55.14
FAC-6919,2026-05-23,Vendedor_A,PROD018,5,32.93,24.35
FAC-6920,2026-05-23,Vendedor_B,PROD019,3,37.85,26.79
FAC-6921,2026-05-23,Vendedor_A,PROD024,16,75.74,53.82
FAC-6922,2026-05-23,Vendedor_A,PROD014,20,7.44,5.27
FAC-6923,2026-05-23,Vendedor_B,PROD014,10,7.29,5.27
FAC-6924,2026-05-23,Vendedor_B,PROD013,6,6.8,4.77
FAC-6925,2026-05-23,Vendedor_A,PROD002,3,18.2,21.06
FAC-6926,2026-05-23,Vendedor_C,PROD011,5,16.99,11.99
FAC-6927,2026-05-23,Vendedor_C,PROD001,4,19.6,15.83
FAC-6928,2026-05-23,Vendedor_A,PROD015,22,6.7,4.82
FAC-6929,2026-05-23,Vendedor_C,PROD002,1,18.2,21.06
FAC-6930,2026-05-23,Vendedor_A,PROD005,2,40.56,29.16
FAC-6931,2026-05-23,Vendedor_A,PROD009,3,9.85,7.44
FAC-6932,2026-05-23,Vendedor_A,PROD003,5,18.7,14.08
FAC-6933,2026-05-23,Vendedor_B,PROD016,8,6.72,8.56
FAC-6934,2026-05-23,Vendedor_C,PROD006,3,28.61,21.76
FAC-6935,2026-05-23,Vendedor_B,PROD012,3,7.64,5.61
FAC-6936,2026-05-23,Vendedor_C,PROD001,5,19.6,15.83
FAC-6937,2026-05-23,Vendedor_A,PROD024,20,74.25,53.82
FAC-6938,2026-05-23,Vendedor_A,PROD017,4,42.85,29.86
FAC-6939,2026-05-23,Vendedor_B,PROD008,3,12.43,9.11
FAC-6940,2026-05-23,Vendedor_B,PROD007,3,25.9,33.52
FAC-6941,2026-05-23,Vendedor_A,PROD019,4,37.67,26.79
FAC-6942,2026-05-23,Vendedor_A,PROD023,7,96.14,67.85
FAC-6943,2026-05-23,Vendedor_A,PROD025,23,121.79,87.71
FAC-6944,2026-05-23,Vendedor_A,PROD014,5,7.1,5.27
FAC-6945,2026-05-24,Vendedor_A,PROD005,1,40.52,29.16
FAC-6946,2026-05-24,Vendedor_B,PROD021,17,66.34,47.24
FAC-6947,2026-05-24,Vendedor_C,PROD020,17,68.6,55.14
FAC-6948,2026-05-24,Vendedor_C,PROD001,2,14.25,15.83
FAC-6949,2026-05-24,Vendedor_A,PROD022,9,69.57,50.84
FAC-6950,2026-05-24,Vendedor_A,PROD004,5,17.46,13.33
FAC-6951,2026-05-24,Vendedor_A,PROD025,13,126.46,87.71
FAC-6952,2026-05-24,Vendedor_A,PROD013,19,6.67,4.77
FAC-6953,2026-05-24,Vendedor_A,PROD014,8,7.31,5.27
FAC-6954,2026-05-24,Vendedor_A,PROD006,4,31.48,21.76
FAC-6955,2026-05-24,Vendedor_A,PROD014,12,7.29,5.27
FAC-6956,2026-05-24,Vendedor_A,PROD012,21,7.69,5.61
FAC-6957,2026-05-24,Vendedor_A,PROD013,8,6.51,4.77
FAC-6958,2026-05-24,Vendedor_A,PROD023,22,94.92,67.85
FAC-6959,2026-05-24,Vendedor_C,PROD006,5,29.63,21.76
FAC-6960,2026-05-24,Vendedor_C,PROD020,12,68.6,55.14
FAC-6961,2026-05-24,Vendedor_B,PROD014,18,7.22,5.27
FAC-6962,2026-05-24,Vendedor_A,PROD025,14,120.57,87.71
FAC-6963,2026-05-24,Vendedor_A,PROD016,18,6.72,8.56
FAC-6964,2026-05-24,Vendedor_B,PROD001,1,19.6,15.83
FAC-6965,2026-05-24,Vendedor_B,PROD013,22,6.47,4.77
FAC-6966,2026-05-24,Vendedor_A,PROD008,2,12.01,9.11
FAC-6967,2026-05-24,Vendedor_A,PROD005,5,41.62,29.16
FAC-6968,2026-05-24,Vendedor_A,PROD004,5,18.05,13.33
FAC-6969,2026-05-24,Vendedor_A,PROD025,13,119.52,87.71
FAC-6970,2026-05-24,Vendedor_A,PROD003,2,18.98,14.08
FAC-6971,2026-05-24,Vendedor_A,PROD021,11,66.2,47.24
FAC-6972,2026-05-24,Vendedor_A,PROD018,2,33.25,24.35
FAC-6973,2026-05-24,Vendedor_C,PROD021,8,61.81,47.24
FAC-6974,2026-05-24,Vendedor_A,PROD023,3,96.63,67.85
FAC-6975,2026-05-24,Vendedor_A,PROD002,3,18.2,21.06
FAC-6976,2026-05-24,Vendedor_A,PROD010,3,9.21,6.62
FAC-6977,2026-05-24,Vendedor_B,PROD017,4,39.66,29.86
FAC-6978,2026-05-24,Vendedor_B,PROD008,4,13.06,9.11
FAC-6979,2026-05-24,Vendedor_B,PROD001,1,19.6,15.83
FAC-6980,2026-05-24,Vendedor_B,PROD006,3,28.49,21.76
FAC-6981,2026-05-24,Vendedor_B,PROD003,5,18.93,14.08
FAC-6982,2026-05-24,Vendedor_A,PROD014,2,7.02,5.27
FAC-6983,2026-05-24,Vendedor_A,PROD017,4,41.49,29.86
FAC-6984,2026-05-24,Vendedor_B,PROD002,1,18.2,21.06
FAC-6985,2026-05-25,Vendedor_A,PROD004,5,19.3,13.33
FAC-6986,2026-05-25,Vendedor_A,PROD018,3,33.25,24.35
FAC-6987,2026-05-25,Vendedor_C,PROD023,7,96.1,67.85
FAC-6988,2026-05-25,Vendedor_A,PROD006,4,30.92,21.76
FAC-6989,2026-05-25,Vendedor_A,PROD025,21,120.74,87.71
FAC-6990,2026-05-25,Vendedor_A,PROD014,5,7.06,5.27
FAC-6991,2026-05-25,Vendedor_C,PROD013,15,6.37,4.77
FAC-6992,2026-05-25,Vendedor_C,PROD020,12,68.6,55.14
FAC-6993,2026-05-25,Vendedor_A,PROD005,3,38.92,29.16
FAC-6994,2026-05-25,Vendedor_C,PROD007,3,25.9,33.52
FAC-6995,2026-05-25,Vendedor_B,PROD003,4,19.5,14.08
FAC-6996,2026-05-25,Vendedor_A,PROD004,2,18.73,13.33
FAC-6997,2026-05-25,Vendedor_A,PROD017,5,39.14,29.86
FAC-6998,2026-05-25,Vendedor_A,PROD018,3,33.78,24.35
FAC-6999,2026-05-25,Vendedor_A,PROD007,1,25.9,33.52
FAC-7000,2026-05-25,Vendedor_C,PROD009,4,9.68,7.44
FAC-7001,2026-05-25,Vendedor_B,PROD010,4,8.72,6.62
FAC-7002,2026-05-25,Vendedor_C,PROD007,5,25.9,33.52
FAC-7003,2026-05-25,Vendedor_A,PROD019,5,37.75,26.79
FAC-7004,2026-05-25,Vendedor_B,PROD011,5,16.76,11.99
FAC-7005,2026-05-25,Vendedor_A,PROD025,16,122.2,87.71
FAC-7006,2026-05-25,Vendedor_A,PROD016,5,6.72,8.56
FAC-7007,2026-05-25,Vendedor_C,PROD019,1,36.78,26.79
FAC-7008,2026-05-25,Vendedor_B,PROD003,2,18.65,14.08
FAC-7009,2026-05-25,Vendedor_C,PROD019,2,36.96,26.79
FAC-7010,2026-05-25,Vendedor_A,PROD011,3,17.21,11.99
FAC-7011,2026-05-25,Vendedor_C,PROD004,4,18.93,13.33
FAC-7012,2026-05-25,Vendedor_A,PROD025,22,116.47,87.71
FAC-7013,2026-05-25,Vendedor_A,PROD021,4,63.65,47.24
FAC-7014,2026-05-25,Vendedor_A,PROD011,2,15.82,11.99
FAC-7015,2026-05-25,Vendedor_B,PROD018,3,32.83,24.35
FAC-7016,2026-05-25,Vendedor_C,PROD024,20,72.56,53.82
FAC-7017,2026-05-25,Vendedor_A,PROD009,1,10.08,7.44
FAC-7018,2026-05-25,Vendedor_A,PROD013,12,6.44,4.77
FAC-7019,2026-05-25,Vendedor_C,PROD002,4,18.2,21.06
FAC-7020,2026-05-25,Vendedor_A,PROD001,3,19.6,15.83
FAC-7021,2026-05-25,Vendedor_A,PROD023,21,97.57,67.85
FAC-7022,2026-05-25,Vendedor_C,PROD004,5,17.85,13.33
FAC-7023,2026-05-25,Vendedor_A,PROD005,2,41.21,29.16
FAC-7024,2026-05-26,Vendedor_B,PROD006,1,29.09,21.76
FAC-7025,2026-05-26,Vendedor_B,PROD014,21,7.26,5.27
FAC-7026,2026-05-26,Vendedor_C,PROD006,3,31.48,21.76
FAC-7027,2026-05-26,Vendedor_B,PROD016,21,6.72,8.56
FAC-7028,2026-05-26,Vendedor_A,PROD013,13,6.32,4.77
FAC-7029,2026-05-26,Vendedor_B,PROD002,3,18.2,21.06
FAC-7030,2026-05-26,Vendedor_B,PROD011,1,16.67,11.99
FAC-7031,2026-05-26,Vendedor_B,PROD001,1,19.6,15.83
FAC-7032,2026-05-26,Vendedor_B,PROD013,14,6.5,4.77
FAC-7033,2026-05-26,Vendedor_B,PROD006,4,28.92,21.76
FAC-7034,2026-05-26,Vendedor_B,PROD021,8,68.29,47.24
FAC-7035,2026-05-26,Vendedor_C,PROD005,3,38.49,29.16
FAC-7036,2026-05-26,Vendedor_B,PROD018,5,34.79,24.35
FAC-7037,2026-05-26,Vendedor_A,PROD017,5,42.71,29.86
FAC-7038,2026-05-26,Vendedor_A,PROD012,10,7.52,5.61
FAC-7039,2026-05-26,Vendedor_A,PROD012,3,7.92,5.61
FAC-7040,2026-05-26,Vendedor_C,PROD009,5,10.48,7.44
FAC-7041,2026-05-26,Vendedor_B,PROD024,20,74.6,53.82
FAC-7042,2026-05-26,Vendedor_A,PROD023,4,88.79,67.85
FAC-7043,2026-05-26,Vendedor_A,PROD014,23,7.2,5.27
FAC-7044,2026-05-26,Vendedor_A,PROD002,5,18.2,21.06
FAC-7045,2026-05-26,Vendedor_A,PROD023,18,94.96,67.85
FAC-7046,2026-05-26,Vendedor_B,PROD006,5,28.67,21.76
FAC-7047,2026-05-26,Vendedor_A,PROD001,3,19.6,15.83
FAC-7048,2026-05-26,Vendedor_A,PROD014,10,6.91,5.27
FAC-7049,2026-05-26,Vendedor_C,PROD023,3,95.75,67.85
FAC-7050,2026-05-26,Vendedor_A,PROD001,5,19.6,15.83
FAC-7051,2026-05-26,Vendedor_C,PROD023,20,97.95,67.85
FAC-7052,2026-05-26,Vendedor_A,PROD022,10,67.23,50.84
FAC-7053,2026-05-26,Vendedor_A,PROD008,2,12.92,9.11
FAC-7054,2026-05-26,Vendedor_B,PROD009,4,9.81,7.44
FAC-7055,2026-05-26,Vendedor_B,PROD019,4,37.26,26.79
FAC-7056,2026-05-26,Vendedor_C,PROD024,23,72.21,53.82
FAC-7057,2026-05-26,Vendedor_C,PROD014,10,7.25,5.27
FAC-7058,2026-05-26,Vendedor_C,PROD022,12,68.08,50.84
FAC-7059,2026-05-26,Vendedor_B,PROD004,4,18.63,13.33
FAC-7060,2026-05-26,Vendedor_C,PROD017,3,42.15,29.86
FAC-7061,2026-05-26,Vendedor_B,PROD009,5,10.76,7.44
FAC-7062,2026-05-26,Vendedor_B,PROD016,19,6.72,8.56
FAC-7063,2026-05-26,Vendedor_C,PROD015,17,6.82,4.82
FAC-7064,2026-05-26,Vendedor_B,PROD005,4,41.03,29.16
FAC-7065,2026-05-26,Vendedor_A,PROD011,3,16.34,11.99
FAC-7066,2026-05-26,Vendedor_A,PROD024,9,76.42,53.82
FAC-7067,2026-05-26,Vendedor_A,PROD004,1,18.9,13.33
FAC-7068,2026-05-26,Vendedor_B,PROD005,2,38.96,29.16
FAC-7069,2026-05-27,Vendedor_A,PROD016,11,6.72,8.56
FAC-7070,2026-05-27,Vendedor_C,PROD015,3,6.67,4.82
FAC-7071,2026-05-27,Vendedor_B,PROD004,3,17.47,13.33
FAC-7072,2026-05-27,Vendedor_C,PROD015,2,6.35,4.82
FAC-7073,2026-05-27,Vendedor_B,PROD013,19,6.22,4.77
FAC-7074,2026-05-27,Vendedor_A,PROD020,7,68.6,55.14
FAC-7075,2026-05-27,Vendedor_A,PROD020,5,68.6,55.14
FAC-7076,2026-05-27,Vendedor_C,PROD025,9,124.87,87.71
FAC-7077,2026-05-27,Vendedor_C,PROD011,4,16.9,11.99
FAC-7078,2026-05-27,Vendedor_A,PROD020,4,68.6,55.14
FAC-7079,2026-05-27,Vendedor_A,PROD007,3,25.9,33.52
FAC-7080,2026-05-27,Vendedor_C,PROD010,4,9.3,6.62
FAC-7081,2026-05-27,Vendedor_B,PROD024,6,74.45,53.82
FAC-7082,2026-05-27,Vendedor_A,PROD015,20,6.32,4.82
FAC-7083,2026-05-27,Vendedor_A,PROD009,1,10.6,7.44
FAC-7084,2026-05-27,Vendedor_A,PROD025,22,115.01,87.71
FAC-7085,2026-05-27,Vendedor_A,PROD005,4,41.29,29.16
FAC-7086,2026-05-27,Vendedor_A,PROD008,4,12.08,9.11
FAC-7087,2026-05-27,Vendedor_B,PROD003,2,19.68,14.08
FAC-7088,2026-05-27,Vendedor_A,PROD023,3,90.53,67.85
FAC-7089,2026-05-27,Vendedor_A,PROD013,22,6.26,4.77
FAC-7090,2026-05-27,Vendedor_A,PROD019,3,37.37,26.79
FAC-7091,2026-05-27,Vendedor_B,PROD011,2,16.25,11.99
FAC-7092,2026-05-27,Vendedor_B,PROD016,20,6.72,8.56
FAC-7093,2026-05-27,Vendedor_A,PROD013,3,6.76,4.77
FAC-7094,2026-05-27,Vendedor_A,PROD013,11,6.78,4.77
FAC-7095,2026-05-27,Vendedor_A,PROD023,15,95.93,67.85
FAC-7096,2026-05-27,Vendedor_A,PROD010,3,8.99,6.62
FAC-7097,2026-05-27,Vendedor_A,PROD002,3,18.2,21.06
FAC-7098,2026-05-27,Vendedor_C,PROD016,6,6.72,8.56
FAC-7099,2026-05-27,Vendedor_C,PROD007,5,25.9,33.52
FAC-7100,2026-05-27,Vendedor_C,PROD002,3,18.2,21.06
FAC-7101,2026-05-27,Vendedor_A,PROD009,5,10.27,7.44
FAC-7102,2026-05-27,Vendedor_B,PROD013,16,6.73,4.77
FAC-7103,2026-05-27,Vendedor_C,PROD005,2,39.53,29.16
FAC-7104,2026-05-27,Vendedor_C,PROD010,3,9.4,6.62
FAC-7105,2026-05-27,Vendedor_A,PROD019,3,36.4,26.79
FAC-7106,2026-05-27,Vendedor_C,PROD007,3,25.9,33.52
FAC-7107,2026-05-27,Vendedor_B,PROD025,20,124.32,87.71
FAC-7108,2026-05-27,Vendedor_A,PROD023,3,94.35,67.85
FAC-7109,2026-05-27,Vendedor_A,PROD007,2,25.9,33.52
FAC-7110,2026-05-27,Vendedor_A,PROD012,19,7.95,5.61
FAC-7111,2026-05-27,Vendedor_B,PROD023,22,94.13,67.85
FAC-7112,2026-05-27,Vendedor_B,PROD008,4,13.02,9.11
FAC-7113,2026-05-27,Vendedor_A,PROD012,23,7.84,5.61
FAC-7114,2026-05-27,Vendedor_A,PROD019,5,35.55,26.79
FAC-7115,2026-05-27,Vendedor_B,PROD017,3,42.52,29.86
FAC-7116,2026-05-27,Vendedor_B,PROD011,4,17.17,11.99
FAC-7117,2026-05-28,Vendedor_B,PROD012,23,7.53,5.61
FAC-7118,2026-05-28,Vendedor_B,PROD007,5,25.9,33.52
FAC-7119,2026-05-28,Vendedor_B,PROD007,3,25.9,33.52
FAC-7120,2026-05-28,Vendedor_C,PROD006,4,28.3,21.76
FAC-7121,2026-05-28,Vendedor_A,PROD022,21,72.38,50.84
FAC-7122,2026-05-28,Vendedor_A,PROD024,20,74.93,53.82
FAC-7123,2026-05-28,Vendedor_B,PROD012,19,7.78,5.61
FAC-7124,2026-05-28,Vendedor_C,PROD006,2,29.99,21.76
FAC-7125,2026-05-28,Vendedor_A,PROD014,5,7.13,5.27
FAC-7126,2026-05-28,Vendedor_C,PROD007,5,25.9,33.52
FAC-7127,2026-05-28,Vendedor_A,PROD010,5,9.04,6.62
FAC-7128,2026-05-28,Vendedor_C,PROD011,5,16.19,11.99
FAC-7129,2026-05-28,Vendedor_C,PROD005,1,39.67,29.16
FAC-7130,2026-05-28,Vendedor_A,PROD025,22,117.39,87.71
FAC-7131,2026-05-28,Vendedor_B,PROD020,12,68.6,55.14
FAC-7132,2026-05-28,Vendedor_A,PROD024,6,72.93,53.82
FAC-7133,2026-05-28,Vendedor_B,PROD022,13,71.5,50.84
FAC-7134,2026-05-28,Vendedor_C,PROD014,22,6.92,5.27
FAC-7135,2026-05-28,Vendedor_C,PROD009,3,10.58,7.44
FAC-7136,2026-05-28,Vendedor_C,PROD021,8,64.82,47.24
FAC-7137,2026-05-28,Vendedor_A,PROD017,5,42.55,29.86
FAC-7138,2026-05-28,Vendedor_C,PROD015,20,6.47,4.82
FAC-7139,2026-05-28,Vendedor_B,PROD015,2,6.27,4.82
FAC-7140,2026-05-28,Vendedor_A,PROD011,2,16.7,11.99
FAC-7141,2026-05-28,Vendedor_A,PROD006,3,29.81,21.76
FAC-7142,2026-05-28,Vendedor_B,PROD004,5,18.85,13.33
FAC-7143,2026-05-28,Vendedor_B,PROD023,12,95.68,67.85
FAC-7144,2026-05-28,Vendedor_A,PROD002,5,18.2,21.06
FAC-7145,2026-05-28,Vendedor_B,PROD003,1,18.38,14.08
FAC-7146,2026-05-28,Vendedor_C,PROD018,1,35.0,24.35
FAC-7147,2026-05-28,Vendedor_A,PROD023,19,95.58,67.85
FAC-7148,2026-05-28,Vendedor_A,PROD025,20,116.37,87.71
FAC-7149,2026-05-28,Vendedor_C,PROD019,5,38.61,26.79
FAC-7150,2026-05-28,Vendedor_A,PROD006,2,30.24,21.76
FAC-7151,2026-05-28,Vendedor_C,PROD009,5,10.19,7.44
FAC-7152,2026-05-28,Vendedor_A,PROD004,2,19.3,13.33
FAC-7153,2026-05-28,Vendedor_A,PROD009,2,10.78,7.44
FAC-7154,2026-05-28,Vendedor_A,PROD014,7,7.07,5.27
FAC-7155,2026-05-28,Vendedor_B,PROD003,4,19.03,14.08
FAC-7156,2026-05-28,Vendedor_A,PROD021,5,63.81,47.24
FAC-7157,2026-05-28,Vendedor_C,PROD006,2,29.29,21.76
FAC-7158,2026-05-28,Vendedor_A,PROD012,21,7.55,5.61
FAC-7159,2026-05-28,Vendedor_A,PROD010,4,9.22,6.62
FAC-7160,2026-05-28,Vendedor_A,PROD011,3,17.24,11.99
FAC-7161,2026-05-28,Vendedor_A,PROD022,15,69.13,50.84
FAC-7162,2026-05-28,Vendedor_C,PROD016,16,6.72,8.56
FAC-7163,2026-05-28,Vendedor_B,PROD012,13,7.48,5.61
FAC-7164,2026-05-28,Vendedor_C,PROD005,2,39.43,29.16
FAC-7165,2026-05-28,Vendedor_C,PROD020,17,68.6,55.14
FAC-7166,2026-05-29,Vendedor_B,PROD016,23,6.72,8.56
FAC-7167,2026-05-29,Vendedor_B,PROD025,5,123.54,87.71
FAC-7168,2026-05-29,Vendedor_A,PROD006,5,30.32,21.76
FAC-7169,2026-05-29,Vendedor_C,PROD018,5,33.14,24.35
FAC-7170,2026-05-29,Vendedor_C,PROD012,7,7.75,5.61
FAC-7171,2026-05-29,Vendedor_A,PROD024,17,74.12,53.82
FAC-7172,2026-05-29,Vendedor_C,PROD018,5,31.68,24.35
FAC-7173,2026-05-29,Vendedor_C,PROD013,21,6.54,4.77
FAC-7174,2026-05-29,Vendedor_A,PROD004,4,19.0,13.33
FAC-7175,2026-05-29,Vendedor_A,PROD023,17,90.16,67.85
FAC-7176,2026-05-29,Vendedor_A,PROD011,1,17.03,11.99
FAC-7177,2026-05-29,Vendedor_B,PROD014,18,7.55,5.27
FAC-7178,2026-05-29,Vendedor_A,PROD024,3,76.69,53.82
FAC-7179,2026-05-29,Vendedor_C,PROD024,22,77.39,53.82
FAC-7180,2026-05-29,Vendedor_A,PROD025,11,120.04,87.71
FAC-7181,2026-05-29,Vendedor_B,PROD016,9,6.72,8.56
FAC-7182,2026-05-29,Vendedor_A,PROD002,5,18.2,21.06
FAC-7183,2026-05-29,Vendedor_B,PROD021,6,67.81,47.24
FAC-7184,2026-05-29,Vendedor_A,PROD017,1,42.81,29.86
FAC-7185,2026-05-29,Vendedor_A,PROD004,4,18.1,13.33
FAC-7186,2026-05-29,Vendedor_A,PROD024,15,70.39,53.82
FAC-7187,2026-05-29,Vendedor_B,PROD017,2,41.44,29.86
FAC-7188,2026-05-29,Vendedor_C,PROD011,2,16.21,11.99
FAC-7189,2026-05-29,Vendedor_C,PROD015,17,6.62,4.82
FAC-7190,2026-05-29,Vendedor_B,PROD012,22,7.93,5.61
FAC-7191,2026-05-29,Vendedor_C,PROD016,13,6.72,8.56
FAC-7192,2026-05-29,Vendedor_A,PROD002,5,18.2,21.06
FAC-7193,2026-05-29,Vendedor_C,PROD014,13,7.42,5.27
FAC-7194,2026-05-29,Vendedor_A,PROD017,2,41.52,29.86
FAC-7195,2026-05-29,Vendedor_A,PROD009,3,10.22,7.44
FAC-7196,2026-05-29,Vendedor_A,PROD001,2,19.6,15.83
FAC-7197,2026-05-29,Vendedor_C,PROD018,4,34.03,24.35
FAC-7198,2026-05-29,Vendedor_B,PROD009,5,9.7,7.44
FAC-7199,2026-05-29,Vendedor_A,PROD016,17,6.72,8.56
FAC-7200,2026-05-29,Vendedor_A,PROD014,20,7.18,5.27
FAC-7201,2026-05-29,Vendedor_A,PROD011,1,16.69,11.99
FAC-7202,2026-05-29,Vendedor_C,PROD007,3,25.9,33.52
FAC-7203,2026-05-29,Vendedor_B,PROD024,5,77.33,53.82
FAC-7204,2026-05-29,Vendedor_A,PROD018,2,32.12,24.35
FAC-7205,2026-05-29,Vendedor_A,PROD004,3,17.74,13.33
FAC-7206,2026-05-29,Vendedor_A,PROD001,2,19.6,15.83
FAC-7207,2026-05-29,Vendedor_A,PROD005,1,40.71,29.16
FAC-7208,2026-05-29,Vendedor_B,PROD017,2,38.82,29.86
FAC-7209,2026-05-30,Vendedor_B,PROD019,1,34.84,26.79
FAC-7210,2026-05-30,Vendedor_C,PROD010,2,9.26,6.62
FAC-7211,2026-05-30,Vendedor_A,PROD021,21,66.89,47.24
FAC-7212,2026-05-30,Vendedor_A,PROD025,16,115.36,87.71
FAC-7213,2026-05-30,Vendedor_B,PROD020,20,68.6,55.14
FAC-7214,2026-05-30,Vendedor_A,PROD019,4,38.47,26.79
FAC-7215,2026-05-30,Vendedor_A,PROD009,4,10.33,7.44
FAC-7216,2026-05-30,Vendedor_A,PROD001,5,19.6,15.83
FAC-7217,2026-05-30,Vendedor_C,PROD003,1,19.56,14.08
FAC-7218,2026-05-30,Vendedor_A,PROD004,4,18.25,13.33
FAC-7219,2026-05-30,Vendedor_A,PROD024,19,76.62,53.82
FAC-7220,2026-05-30,Vendedor_A,PROD009,3,9.92,7.44
FAC-7221,2026-05-30,Vendedor_A,PROD010,3,9.36,6.62
FAC-7222,2026-05-30,Vendedor_A,PROD005,3,41.15,29.16
FAC-7223,2026-05-30,Vendedor_A,PROD020,6,68.6,55.14
FAC-7224,2026-05-30,Vendedor_A,PROD016,6,6.72,8.56
FAC-7225,2026-05-30,Vendedor_C,PROD015,18,6.96,4.82
FAC-7226,2026-05-30,Vendedor_C,PROD017,2,41.65,29.86
FAC-7227,2026-05-30,Vendedor_A,PROD011,5,15.94,11.99
FAC-7228,2026-05-30,Vendedor_A,PROD019,5,36.4,26.79
FAC-7229,2026-05-30,Vendedor_C,PROD005,3,39.47,29.16
FAC-7230,2026-05-30,Vendedor_C,PROD002,4,18.2,21.06
FAC-7231,2026-05-30,Vendedor_B,PROD001,4,19.6,15.83
FAC-7232,2026-05-30,Vendedor_B,PROD005,2,39.03,29.16
FAC-7233,2026-05-30,Vendedor_B,PROD010,2,9.21,6.62
FAC-7234,2026-05-30,Vendedor_C,PROD013,4,6.22,4.77
FAC-7235,2026-05-30,Vendedor_B,PROD011,5,16.21,11.99
FAC-7236,2026-05-30,Vendedor_B,PROD005,2,39.85,29.16
FAC-7237,2026-05-30,Vendedor_C,PROD013,11,6.48,4.77
FAC-7238,2026-05-30,Vendedor_C,PROD013,23,6.83,4.77
FAC-7239,2026-05-30,Vendedor_B,PROD009,5,10.14,7.44
FAC-7240,2026-05-30,Vendedor_A,PROD007,3,25.9,33.52
FAC-7241,2026-05-30,Vendedor_B,PROD014,21,7.34,5.27
FAC-7242,2026-05-30,Vendedor_B,PROD002,5,18.2,21.06
FAC-7243,2026-05-30,Vendedor_B,PROD014,10,6.99,5.27
FAC-7244,2026-05-30,Vendedor_A,PROD019,2,38.73,26.79
FAC-7245,2026-05-30,Vendedor_C,PROD006,5,29.3,21.76
FAC-7246,2026-05-30,Vendedor_C,PROD007,1,25.9,33.52
FAC-7247,2026-05-30,Vendedor_A,PROD022,17,70.85,50.84
FAC-7248,2026-05-30,Vendedor_A,PROD014,8,7.32,5.27
FAC-7249,2026-05-30,Vendedor_A,PROD004,3,17.46,13.33
FAC-7250,2026-05-30,Vendedor_A,PROD010,2,8.85,6.62
FAC-7251,2026-05-30,Vendedor_B,PROD009,3,10.21,7.44
FAC-7252,2026-05-30,Vendedor_B,PROD005,5,40.2,29.16
FAC-7253,2026-05-30,Vendedor_B,PROD022,9,72.42,50.84
FAC-7254,2026-05-31,Vendedor_C,PROD020,5,68.6,55.14
FAC-7255,2026-05-31,Vendedor_A,PROD011,5,17.2,11.99
FAC-7256,2026-05-31,Vendedor_A,PROD006,1,31.29,21.76
FAC-7257,2026-05-31,Vendedor_C,PROD011,5,16.32,11.99
FAC-7258,2026-05-31,Vendedor_A,PROD013,4,6.76,4.77
FAC-7259,2026-05-31,Vendedor_B,PROD006,5,31.23,21.76
FAC-7260,2026-05-31,Vendedor_B,PROD013,9,6.51,4.77
FAC-7261,2026-05-31,Vendedor_A,PROD008,4,12.27,9.11
FAC-7262,2026-05-31,Vendedor_C,PROD010,3,9.22,6.62
FAC-7263,2026-05-31,Vendedor_A,PROD010,4,8.81,6.62
FAC-7264,2026-05-31,Vendedor_A,PROD022,12,71.83,50.84
FAC-7265,2026-05-31,Vendedor_C,PROD010,2,9.1,6.62
FAC-7266,2026-05-31,Vendedor_A,PROD004,4,19.2,13.33
FAC-7267,2026-05-31,Vendedor_A,PROD006,2,29.77,21.76
FAC-7268,2026-05-31,Vendedor_B,PROD014,14,6.86,5.27
FAC-7269,2026-05-31,Vendedor_C,PROD024,7,75.25,53.82
FAC-7270,2026-05-31,Vendedor_B,PROD023,11,93.87,67.85
FAC-7271,2026-05-31,Vendedor_C,PROD009,3,10.2,7.44
FAC-7272,2026-05-31,Vendedor_B,PROD013,9,6.41,4.77
FAC-7273,2026-05-31,Vendedor_B,PROD018,1,32.25,24.35
FAC-7274,2026-05-31,Vendedor_B,PROD015,23,6.88,4.82
FAC-7275,2026-05-31,Vendedor_A,PROD024,16,70.67,53.82
FAC-7276,2026-05-31,Vendedor_C,PROD003,1,18.56,14.08
FAC-7277,2026-05-31,Vendedor_B,PROD011,5,16.44,11.99
FAC-7278,2026-05-31,Vendedor_A,PROD016,13,6.72,8.56
FAC-7279,2026-05-31,Vendedor_C,PROD020,22,68.6,55.14
FAC-7280,2026-05-31,Vendedor_A,PROD008,5,12.56,9.11
FAC-7281,2026-05-31,Vendedor_C,PROD009,2,10.0,7.44
FAC-7282,2026-05-31,Vendedor_B,PROD014,20,7.28,5.27
FAC-7283,2026-05-31,Vendedor_A,PROD011,5,16.99,11.99
FAC-7284,2026-05-31,Vendedor_B,PROD007,1,25.9,33.52
FAC-7285,2026-05-31,Vendedor_A,PROD016,17,6.72,8.56
FAC-7286,2026-05-31,Vendedor_C,PROD025,6,124.32,87.71
FAC-7287,2026-05-31,Vendedor_A,PROD002,3,18.2,21.06
FAC-7288,2026-05-31,Vendedor_B,PROD015,14,6.47,4.82
FAC-7289,2026-05-31,Vendedor_C,PROD001,1,14.25,15.83
FAC-7290,2026-05-31,Vendedor_A,PROD006,4,28.61,21.76
FAC-7291,2026-05-31,Vendedor_B,PROD008,2,12.03,9.11
FAC-7292,2026-05-31,Vendedor_A,PROD020,22,68.6,55.14
FAC-7293,2026-05-31,Vendedor_C,PROD003,4,18.75,14.08
FAC-7294,2026-05-31,Vendedor_A,PROD001,5,19.6,15.83
FAC-7295,2026-05-31,Vendedor_C,PROD015,17,6.6,4.82
FAC-7296,2026-05-31,Vendedor_C,PROD021,18,63.45,47.24
FAC-7297,2026-06-01,Vendedor_A,PROD019,2,37.27,26.79
FAC-7298,2026-06-01,Vendedor_C,PROD015,22,6.76,4.82
FAC-7299,2026-06-01,Vendedor_B,PROD021,19,66.8,47.24
FAC-7300,2026-06-01,Vendedor_A,PROD012,7,8.03,5.61
FAC-7301,2026-06-01,Vendedor_C,PROD018,4,35.63,24.69
FAC-7302,2026-06-01,Vendedor_B,PROD009,1,9.92,7.44
FAC-7303,2026-06-01,Vendedor_B,PROD004,3,17.85,13.33
FAC-7304,2026-06-01,Vendedor_C,PROD013,21,6.36,4.77
FAC-7305,2026-06-01,Vendedor_A,PROD024,19,77.49,53.82
FAC-7306,2026-06-01,Vendedor_A,PROD012,21,7.53,5.61
FAC-7307,2026-06-01,Vendedor_A,PROD009,5,10.43,7.44
FAC-7308,2026-06-01,Vendedor_A,PROD015,10,6.91,4.82
FAC-7309,2026-06-01,Vendedor_B,PROD017,4,41.77,29.86
FAC-7310,2026-06-01,Vendedor_C,PROD021,6,62.3,47.24
FAC-7311,2026-06-01,Vendedor_C,PROD004,4,17.94,13.33
FAC-7312,2026-06-01,Vendedor_A,PROD009,1,9.93,7.44
FAC-7313,2026-06-01,Vendedor_A,PROD020,22,68.6,55.14
FAC-7314,2026-06-01,Vendedor_C,PROD004,4,17.72,13.33
FAC-7315,2026-06-01,Vendedor_A,PROD004,4,17.38,13.33
FAC-7316,2026-06-01,Vendedor_A,PROD012,14,7.38,5.61
FAC-7317,2026-06-01,Vendedor_C,PROD016,17,6.72,8.56
FAC-7318,2026-06-01,Vendedor_C,PROD023,8,96.96,67.85
FAC-7319,2026-06-01,Vendedor_B,PROD012,12,7.39,5.61
FAC-7320,2026-06-01,Vendedor_A,PROD005,1,41.13,29.16
FAC-7321,2026-06-01,Vendedor_B,PROD016,18,6.72,8.56
FAC-7322,2026-06-01,Vendedor_C,PROD013,6,6.51,4.77
FAC-7323,2026-06-01,Vendedor_A,PROD006,5,28.63,21.76
FAC-7324,2026-06-01,Vendedor_A,PROD004,4,17.35,13.33
FAC-7325,2026-06-01,Vendedor_A,PROD007,4,25.9,33.52
FAC-7326,2026-06-01,Vendedor_B,PROD022,6,68.26,50.84
FAC-7327,2026-06-01,Vendedor_B,PROD014,23,7.35,5.27
FAC-7328,2026-06-01,Vendedor_A,PROD016,12,6.72,8.56
FAC-7329,2026-06-01,Vendedor_C,PROD017,3,38.93,29.86
FAC-7330,2026-06-01,Vendedor_B,PROD015,7,6.98,4.82
FAC-7331,2026-06-01,Vendedor_B,PROD023,7,92.17,67.85
FAC-7332,2026-06-01,Vendedor_A,PROD024,2,71.7,53.82
FAC-7333,2026-06-01,Vendedor_B,PROD010,1,9.59,6.62
FAC-7334,2026-06-01,Vendedor_B,PROD024,2,72.06,53.82
FAC-7335,2026-06-01,Vendedor_A,PROD025,8,119.25,87.71
FAC-7336,2026-06-01,Vendedor_C,PROD004,1,17.51,13.33
FAC-7337,2026-06-01,Vendedor_C,PROD006,4,31.46,21.76
FAC-7338,2026-06-01,Vendedor_A,PROD024,14,77.05,53.82
FAC-7339,2026-06-01,Vendedor_A,PROD010,4,9.27,6.62
FAC-7340,2026-06-01,Vendedor_A,PROD008,5,13.07,9.11
FAC-7341,2026-06-02,Vendedor_A,PROD005,1,38.2,29.16
FAC-7342,2026-06-02,Vendedor_A,PROD015,23,6.27,4.82
FAC-7343,2026-06-02,Vendedor_B,PROD020,3,68.6,55.14
FAC-7344,2026-06-02,Vendedor_B,PROD005,1,40.06,29.16
FAC-7345,2026-06-02,Vendedor_A,PROD022,17,71.91,50.84
FAC-7346,2026-06-02,Vendedor_C,PROD005,3,38.57,29.16
FAC-7347,2026-06-02,Vendedor_A,PROD005,2,41.65,29.16
FAC-7348,2026-06-02,Vendedor_A,PROD023,6,96.47,67.85
FAC-7349,2026-06-02,Vendedor_C,PROD005,5,38.22,29.16
FAC-7350,2026-06-02,Vendedor_B,PROD008,4,12.3,9.11
FAC-7351,2026-06-02,Vendedor_C,PROD018,1,33.57,24.69
FAC-7352,2026-06-02,Vendedor_A,PROD006,4,29.86,21.76
FAC-7353,2026-06-02,Vendedor_B,PROD008,4,13.11,9.11
FAC-7354,2026-06-02,Vendedor_A,PROD016,22,6.72,8.56
FAC-7355,2026-06-02,Vendedor_C,PROD003,5,20.19,14.08
FAC-7356,2026-06-02,Vendedor_A,PROD006,5,30.21,21.76
FAC-7357,2026-06-02,Vendedor_C,PROD015,8,6.76,4.82
FAC-7358,2026-06-02,Vendedor_A,PROD003,2,19.95,14.08
FAC-7359,2026-06-02,Vendedor_C,PROD024,18,70.88,53.82
FAC-7360,2026-06-02,Vendedor_A,PROD008,3,13.04,9.11
FAC-7361,2026-06-02,Vendedor_A,PROD012,8,7.58,5.61
FAC-7362,2026-06-02,Vendedor_C,PROD007,3,25.9,33.52
FAC-7363,2026-06-02,Vendedor_B,PROD009,2,9.92,7.44
FAC-7364,2026-06-02,Vendedor_B,PROD008,3,13.15,9.11
FAC-7365,2026-06-02,Vendedor_A,PROD013,14,6.69,4.96
FAC-7366,2026-06-02,Vendedor_B,PROD004,5,18.09,13.33
FAC-7367,2026-06-02,Vendedor_A,PROD022,9,70.95,50.84
FAC-7368,2026-06-02,Vendedor_A,PROD011,5,16.69,11.99
FAC-7369,2026-06-02,Vendedor_B,PROD016,7,6.72,8.56
FAC-7370,2026-06-02,Vendedor_B,PROD021,10,63.15,47.24
FAC-7371,2026-06-02,Vendedor_C,PROD013,6,6.77,4.96
FAC-7372,2026-06-02,Vendedor_A,PROD007,1,25.9,33.52
FAC-7373,2026-06-02,Vendedor_A,PROD025,9,118.36,87.71
FAC-7374,2026-06-02,Vendedor_A,PROD017,5,42.71,29.86
FAC-7375,2026-06-02,Vendedor_A,PROD013,15,6.88,4.96
FAC-7376,2026-06-02,Vendedor_A,PROD011,3,17.23,11.99
FAC-7377,2026-06-02,Vendedor_A,PROD012,5,7.34,5.61
FAC-7378,2026-06-02,Vendedor_A,PROD018,2,34.64,24.69
FAC-7379,2026-06-02,Vendedor_A,PROD019,3,35.54,27.13
FAC-7380,2026-06-03,Vendedor_B,PROD009,1,9.85,7.44
FAC-7381,2026-06-03,Vendedor_A,PROD020,16,68.6,55.14
FAC-7382,2026-06-03,Vendedor_A,PROD009,4,10.32,7.44
FAC-7383,2026-06-03,Vendedor_B,PROD021,16,63.41,47.24
FAC-7384,2026-06-03,Vendedor_B,PROD022,8,67.88,50.84
FAC-7385,2026-06-03,Vendedor_A,PROD019,2,37.25,27.13
FAC-7386,2026-06-03,Vendedor_A,PROD022,12,68.18,50.84
FAC-7387,2026-06-03,Vendedor_A,PROD005,3,42.13,29.16
FAC-7388,2026-06-03,Vendedor_A,PROD003,3,19.7,14.6
FAC-7389,2026-06-03,Vendedor_A,PROD018,2,34.38,24.69
FAC-7390,2026-06-03,Vendedor_A,PROD019,3,36.02,27.13
FAC-7391,2026-06-03,Vendedor_B,PROD017,5,39.67,29.86
FAC-7392,2026-06-03,Vendedor_A,PROD009,3,10.47,7.44
FAC-7393,2026-06-03,Vendedor_B,PROD015,17,6.7,4.96
FAC-7394,2026-06-03,Vendedor_A,PROD007,4,25.9,36.28
FAC-7395,2026-06-03,Vendedor_B,PROD017,2,42.45,29.86
FAC-7396,2026-06-03,Vendedor_A,PROD024,2,71.41,53.82
FAC-7397,2026-06-03,Vendedor_A,PROD010,5,9.19,6.62
FAC-7398,2026-06-03,Vendedor_A,PROD015,3,6.88,4.96
FAC-7399,2026-06-03,Vendedor_A,PROD014,3,7.24,5.27
FAC-7400,2026-06-03,Vendedor_A,PROD018,2,34.97,24.69
FAC-7401,2026-06-03,Vendedor_A,PROD005,4,39.43,29.16
FAC-7402,2026-06-03,Vendedor_A,PROD016,3,6.72,9.59
FAC-7403,2026-06-03,Vendedor_C,PROD024,21,74.05,53.82
FAC-7404,2026-06-03,Vendedor_B,PROD009,1,10.46,7.44
FAC-7405,2026-06-03,Vendedor_C,PROD019,3,36.3,27.13
FAC-7406,2026-06-03,Vendedor_C,PROD008,5,12.44,9.11
FAC-7407,2026-06-03,Vendedor_A,PROD008,1,12.27,9.11
FAC-7408,2026-06-03,Vendedor_C,PROD011,1,16.6,11.99
FAC-7409,2026-06-03,Vendedor_B,PROD020,13,68.6,55.14
FAC-7410,2026-06-03,Vendedor_A,PROD019,1,37.97,27.13
FAC-7411,2026-06-03,Vendedor_A,PROD006,3,29.62,21.76
FAC-7412,2026-06-03,Vendedor_A,PROD009,1,9.72,7.44
FAC-7413,2026-06-03,Vendedor_B,PROD008,5,12.4,9.11
FAC-7414,2026-06-03,Vendedor_A,PROD004,3,19.2,13.33
FAC-7415,2026-06-03,Vendedor_C,PROD009,4,9.91,7.44
FAC-7416,2026-06-03,Vendedor_A,PROD023,11,94.01,67.85
FAC-7417,2026-06-03,Vendedor_A,PROD024,18,75.44,53.82
FAC-7418,2026-06-03,Vendedor_A,PROD009,1,9.83,7.44
FAC-7419,2026-06-03,Vendedor_A,PROD025,8,118.13,87.71
FAC-7420,2026-06-03,Vendedor_A,PROD012,17,8.17,5.8
FAC-7421,2026-06-03,Vendedor_A,PROD011,2,16.02,11.99
FAC-7422,2026-06-03,Vendedor_B,PROD021,10,67.07,47.24
FAC-7423,2026-06-03,Vendedor_C,PROD007,2,25.9,36.28
FAC-7424,2026-06-03,Vendedor_A,PROD023,18,91.55,67.85
FAC-7425,2026-06-03,Vendedor_A,PROD016,5,6.72,9.59
FAC-7426,2026-06-04,Vendedor_B,PROD011,2,15.82,11.99
FAC-7427,2026-06-04,Vendedor_A,PROD023,10,98.29,67.85
FAC-7428,2026-06-04,Vendedor_A,PROD013,12,7.04,4.96
FAC-7429,2026-06-04,Vendedor_B,PROD002,3,18.2,21.06
FAC-7430,2026-06-04,Vendedor_A,PROD005,5,40.12,29.16
FAC-7431,2026-06-04,Vendedor_A,PROD011,4,16.63,11.99
FAC-7432,2026-06-04,Vendedor_A,PROD002,3,18.2,21.06
FAC-7433,2026-06-04,Vendedor_A,PROD013,6,6.71,4.96
FAC-7434,2026-06-04,Vendedor_A,PROD022,12,70.63,50.84
FAC-7435,2026-06-04,Vendedor_B,PROD013,6,6.65,4.96
FAC-7436,2026-06-04,Vendedor_A,PROD014,10,7.52,5.27
FAC-7437,2026-06-04,Vendedor_A,PROD024,18,75.15,55.29
FAC-7438,2026-06-04,Vendedor_A,PROD015,10,6.7,4.96
FAC-7439,2026-06-04,Vendedor_A,PROD013,23,7.05,4.96
FAC-7440,2026-06-04,Vendedor_A,PROD019,5,36.96,27.13
FAC-7441,2026-06-04,Vendedor_A,PROD018,1,33.16,24.69
FAC-7442,2026-06-04,Vendedor_A,PROD020,14,68.6,55.14
FAC-7443,2026-06-04,Vendedor_C,PROD011,2,15.78,11.99
FAC-7444,2026-06-04,Vendedor_A,PROD014,15,7.38,5.27
FAC-7445,2026-06-04,Vendedor_C,PROD007,2,25.9,36.28
FAC-7446,2026-06-04,Vendedor_B,PROD010,2,9.21,6.62
FAC-7447,2026-06-04,Vendedor_C,PROD009,3,10.23,7.44
FAC-7448,2026-06-04,Vendedor_B,PROD014,21,7.62,5.27
FAC-7449,2026-06-04,Vendedor_A,PROD023,10,96.51,67.85
FAC-7450,2026-06-04,Vendedor_C,PROD007,4,25.9,36.28
FAC-7451,2026-06-04,Vendedor_B,PROD004,5,17.79,13.33
FAC-7452,2026-06-04,Vendedor_B,PROD001,5,19.6,16.33
FAC-7453,2026-06-04,Vendedor_A,PROD009,3,9.99,7.44
FAC-7454,2026-06-04,Vendedor_A,PROD005,4,39.36,29.16
FAC-7455,2026-06-04,Vendedor_B,PROD021,15,67.81,47.24
FAC-7456,2026-06-04,Vendedor_B,PROD023,11,88.6,67.85
FAC-7457,2026-06-04,Vendedor_A,PROD010,5,8.93,6.62
FAC-7458,2026-06-04,Vendedor_B,PROD001,5,19.6,16.33
FAC-7459,2026-06-04,Vendedor_C,PROD007,3,25.9,36.28
FAC-7460,2026-06-04,Vendedor_A,PROD024,11,74.62,55.29
FAC-7461,2026-06-04,Vendedor_A,PROD020,7,68.6,55.14
FAC-7462,2026-06-04,Vendedor_B,PROD020,11,68.6,55.14
FAC-7463,2026-06-04,Vendedor_C,PROD025,20,120.98,87.71
FAC-7464,2026-06-04,Vendedor_A,PROD010,1,9.51,6.62
FAC-7465,2026-06-04,Vendedor_A,PROD015,8,6.64,4.96
FAC-7466,2026-06-05,Vendedor_B,PROD015,4,7.02,4.96
FAC-7467,2026-06-05,Vendedor_A,PROD021,14,67.53,47.97
FAC-7468,2026-06-05,Vendedor_A,PROD002,1,18.2,21.06
FAC-7469,2026-06-05,Vendedor_A,PROD022,15,68.64,52.28
FAC-7470,2026-06-05,Vendedor_B,PROD021,6,69.24,47.97
FAC-7471,2026-06-05,Vendedor_B,PROD004,1,17.37,13.33
FAC-7472,2026-06-05,Vendedor_B,PROD023,9,105.87,75.17
FAC-7473,2026-06-05,Vendedor_B,PROD010,5,8.86,6.74
FAC-7474,2026-06-05,Vendedor_C,PROD021,13,69.36,47.97
FAC-7475,2026-06-05,Vendedor_A,PROD023,4,108.25,75.17
FAC-7476,2026-06-05,Vendedor_C,PROD024,18,76.62,55.29
FAC-7477,2026-06-05,Vendedor_A,PROD004,4,18.78,13.33
FAC-7478,2026-06-05,Vendedor_B,PROD009,5,9.81,7.44
FAC-7479,2026-06-05,Vendedor_A,PROD017,5,39.76,30.33
FAC-7480,2026-06-05,Vendedor_A,PROD006,5,31.39,21.76
FAC-7481,2026-06-05,Vendedor_C,PROD009,4,9.8,7.44
FAC-7482,2026-06-05,Vendedor_A,PROD011,3,16.46,11.99
FAC-7483,2026-06-05,Vendedor_B,PROD016,12,6.72,9.59
FAC-7484,2026-06-05,Vendedor_C,PROD012,17,7.9,5.8
FAC-7485,2026-06-05,Vendedor_A,PROD007,5,25.9,36.28
FAC-7486,2026-06-05,Vendedor_A,PROD005,3,40.18,29.16
FAC-7487,2026-06-05,Vendedor_A,PROD002,2,18.2,21.06
FAC-7488,2026-06-05,Vendedor_A,PROD015,3,6.62,4.96
FAC-7489,2026-06-05,Vendedor_A,PROD019,4,36.05,27.13
FAC-7490,2026-06-05,Vendedor_A,PROD021,4,64.96,47.97
FAC-7491,2026-06-05,Vendedor_C,PROD013,6,6.5,4.96
FAC-7492,2026-06-05,Vendedor_A,PROD002,5,18.2,21.06
FAC-7493,2026-06-05,Vendedor_A,PROD021,22,64.14,47.97
FAC-7494,2026-06-05,Vendedor_B,PROD011,4,15.97,11.99
FAC-7495,2026-06-05,Vendedor_C,PROD009,5,10.68,7.44
FAC-7496,2026-06-05,Vendedor_A,PROD002,5,18.2,21.06
FAC-7497,2026-06-05,Vendedor_A,PROD010,1,9.34,6.74
FAC-7498,2026-06-05,Vendedor_A,PROD001,1,19.6,16.33
FAC-7499,2026-06-05,Vendedor_C,PROD011,2,17.27,11.99
FAC-7500,2026-06-05,Vendedor_C,PROD021,13,66.48,47.97
FAC-7501,2026-06-05,Vendedor_B,PROD018,4,34.98,24.69
FAC-7502,2026-06-05,Vendedor_A,PROD013,22,6.62,4.96
FAC-7503,2026-06-05,Vendedor_A,PROD021,18,65.34,47.97
FAC-7504,2026-06-05,Vendedor_A,PROD017,1,39.94,30.33
FAC-7505,2026-06-05,Vendedor_B,PROD004,5,18.71,13.33
FAC-7506,2026-06-06,Vendedor_A,PROD011,4,17.08,11.99
FAC-7507,2026-06-06,Vendedor_A,PROD009,1,10.34,7.44
FAC-7508,2026-06-06,Vendedor_A,PROD024,22,73.04,55.29
FAC-7509,2026-06-06,Vendedor_C,PROD021,6,62.59,47.97
FAC-7510,2026-06-06,Vendedor_B,PROD024,11,72.79,55.29
FAC-7511,2026-06-06,Vendedor_B,PROD015,11,6.93,4.96
FAC-7512,2026-06-06,Vendedor_B,PROD005,5,41.74,29.16
FAC-7513,2026-06-06,Vendedor_C,PROD024,3,72.79,55.29
FAC-7514,2026-06-06,Vendedor_A,PROD005,1,38.08,29.16
FAC-7515,2026-06-06,Vendedor_A,PROD011,4,16.89,11.99
FAC-7516,2026-06-06,Vendedor_C,PROD009,5,9.81,7.44
FAC-7517,2026-06-06,Vendedor_C,PROD009,2,10.46,7.44
FAC-7518,2026-06-06,Vendedor_B,PROD007,1,25.9,36.28
FAC-7519,2026-06-06,Vendedor_B,PROD025,19,118.7,87.71
FAC-7520,2026-06-06,Vendedor_A,PROD016,21,6.72,9.59
FAC-7521,2026-06-06,Vendedor_A,PROD004,4,19.13,13.33
FAC-7522,2026-06-06,Vendedor_A,PROD015,10,6.61,4.96
FAC-7523,2026-06-06,Vendedor_A,PROD016,4,6.72,9.59
FAC-7524,2026-06-06,Vendedor_B,PROD022,8,72.81,52.28
FAC-7525,2026-06-06,Vendedor_C,PROD017,5,41.59,30.33
FAC-7526,2026-06-06,Vendedor_B,PROD018,3,32.17,24.69
FAC-7527,2026-06-06,Vendedor_B,PROD017,4,43.89,30.33
FAC-7528,2026-06-06,Vendedor_B,PROD015,9,6.77,4.96
FAC-7529,2026-06-06,Vendedor_C,PROD016,17,6.72,9.59
FAC-7530,2026-06-06,Vendedor_C,PROD025,20,78.94,87.71
FAC-7531,2026-06-06,Vendedor_B,PROD018,4,34.5,24.69
FAC-7532,2026-06-06,Vendedor_A,PROD019,2,37.72,27.13
FAC-7533,2026-06-06,Vendedor_B,PROD022,19,72.31,52.28
FAC-7534,2026-06-06,Vendedor_C,PROD003,1,20.84,14.6
FAC-7535,2026-06-06,Vendedor_C,PROD006,2,30.81,21.76
FAC-7536,2026-06-06,Vendedor_A,PROD011,2,16.9,11.99
FAC-7537,2026-06-06,Vendedor_A,PROD004,2,19.0,13.33
FAC-7538,2026-06-06,Vendedor_A,PROD016,14,6.72,9.59
FAC-7539,2026-06-06,Vendedor_A,PROD021,18,68.95,47.97
FAC-7540,2026-06-06,Vendedor_A,PROD013,5,6.6,4.96
FAC-7541,2026-06-06,Vendedor_A,PROD015,8,7.13,4.96
FAC-7542,2026-06-06,Vendedor_B,PROD008,1,12.05,9.11
FAC-7543,2026-06-06,Vendedor_A,PROD020,2,68.6,55.14
FAC-7544,2026-06-06,Vendedor_B,PROD014,16,7.51,5.27
FAC-7545,2026-06-06,Vendedor_C,PROD010,3,9.68,6.74
FAC-7546,2026-06-06,Vendedor_B,PROD006,1,30.19,21.76
FAC-7547,2026-06-06,Vendedor_A,PROD012,19,8.38,5.8
FAC-7548,2026-06-06,Vendedor_A,PROD004,2,17.7,13.33
FAC-7549,2026-06-06,Vendedor_A,PROD015,6,6.62,4.96
FAC-7550,2026-06-06,Vendedor_A,PROD006,4,29.57,21.76
FAC-7551,2026-06-06,Vendedor_A,PROD005,2,41.06,29.16
FAC-7552,2026-06-06,Vendedor_B,PROD020,18,68.6,55.14
FAC-7553,2026-06-06,Vendedor_A,PROD004,2,18.85,13.33
FAC-7554,2026-06-06,Vendedor_B,PROD019,4,39.21,27.13
FAC-7555,2026-06-07,Vendedor_B,PROD024,11,73.21,55.29
FAC-7556,2026-06-07,Vendedor_C,PROD018,4,35.21,24.69
FAC-7557,2026-06-07,Vendedor_A,PROD016,4,6.72,9.59
FAC-7558,2026-06-07,Vendedor_B,PROD018,4,32.9,24.69
FAC-7559,2026-06-07,Vendedor_A,PROD020,2,68.6,55.83
FAC-7560,2026-06-07,Vendedor_A,PROD004,5,17.54,13.33
FAC-7561,2026-06-07,Vendedor_B,PROD024,2,74.19,55.29
FAC-7562,2026-06-07,Vendedor_A,PROD009,1,10.24,7.44
FAC-7563,2026-06-07,Vendedor_A,PROD020,10,68.6,55.83
FAC-7564,2026-06-07,Vendedor_C,PROD016,7,6.72,9.59
FAC-7565,2026-06-07,Vendedor_A,PROD020,22,68.6,55.83
FAC-7566,2026-06-07,Vendedor_B,PROD015,4,6.64,4.96
FAC-7567,2026-06-07,Vendedor_C,PROD018,2,33.38,24.69
FAC-7568,2026-06-07,Vendedor_C,PROD008,5,13.19,9.11
FAC-7569,2026-06-07,Vendedor_B,PROD004,5,18.88,13.33
FAC-7570,2026-06-07,Vendedor_A,PROD012,22,7.81,5.8
FAC-7571,2026-06-07,Vendedor_A,PROD003,1,20.69,14.6
FAC-7572,2026-06-07,Vendedor_C,PROD005,3,39.95,29.16
FAC-7573,2026-06-07,Vendedor_C,PROD012,21,8.17,5.8
FAC-7574,2026-06-07,Vendedor_A,PROD003,5,20.56,14.6
FAC-7575,2026-06-07,Vendedor_B,PROD025,6,119.29,87.71
FAC-7576,2026-06-07,Vendedor_B,PROD008,3,13.09,9.11
FAC-7577,2026-06-07,Vendedor_B,PROD013,2,6.68,4.96
FAC-7578,2026-06-07,Vendedor_B,PROD011,4,18.21,13.59
FAC-7579,2026-06-07,Vendedor_A,PROD006,5,29.91,22.41
FAC-7580,2026-06-07,Vendedor_A,PROD022,21,72.29,52.28
FAC-7581,2026-06-07,Vendedor_A,PROD009,3,10.0,7.44
FAC-7582,2026-06-07,Vendedor_A,PROD007,1,25.9,36.28
FAC-7583,2026-06-07,Vendedor_A,PROD022,7,72.48,52.28
FAC-7584,2026-06-07,Vendedor_A,PROD018,5,32.76,24.69
FAC-7585,2026-06-07,Vendedor_B,PROD017,3,40.84,30.33
FAC-7586,2026-06-07,Vendedor_A,PROD010,4,9.55,6.74
FAC-7587,2026-06-07,Vendedor_B,PROD008,4,12.49,9.11
FAC-7588,2026-06-07,Vendedor_A,PROD004,1,18.32,13.33
FAC-7589,2026-06-07,Vendedor_B,PROD003,5,19.45,14.6
FAC-7590,2026-06-07,Vendedor_B,PROD013,2,7.18,4.96
FAC-7591,2026-06-07,Vendedor_B,PROD006,2,30.95,22.41
FAC-7592,2026-06-07,Vendedor_B,PROD004,4,17.79,13.33
FAC-7593,2026-06-07,Vendedor_B,PROD025,4,126.01,87.71
FAC-7594,2026-06-07,Vendedor_B,PROD010,3,9.19,6.74
FAC-7595,2026-06-07,Vendedor_C,PROD004,3,17.86,13.33
FAC-7596,2026-06-07,Vendedor_A,PROD020,19,68.6,55.83
FAC-7597,2026-06-07,Vendedor_B,PROD002,5,18.2,21.06
FAC-7598,2026-06-07,Vendedor_A,PROD001,5,19.6,16.33
FAC-7599,2026-06-07,Vendedor_A,PROD002,1,18.2,21.06
FAC-7600,2026-06-08,Vendedor_A,PROD021,18,62.38,47.97
FAC-7601,2026-06-08,Vendedor_B,PROD015,8,6.71,4.96
FAC-7602,2026-06-08,Vendedor_B,PROD010,3,8.79,6.74
FAC-7603,2026-06-08,Vendedor_B,PROD002,4,18.2,21.06
FAC-7604,2026-06-08,Vendedor_C,PROD016,11,6.72,9.59
FAC-7605,2026-06-08,Vendedor_A,PROD013,16,6.67,4.96
FAC-7606,2026-06-08,Vendedor_B,PROD023,5,105.18,75.17
FAC-7607,2026-06-08,Vendedor_A,PROD020,4,68.6,55.83
FAC-7608,2026-06-08,Vendedor_C,PROD022,20,70.81,52.28
FAC-7609,2026-06-08,Vendedor_C,PROD007,4,25.9,36.28
FAC-7610,2026-06-08,Vendedor_A,PROD018,1,33.6,24.69
FAC-7611,2026-06-08,Vendedor_A,PROD016,13,6.72,9.59
FAC-7612,2026-06-08,Vendedor_B,PROD006,5,30.13,22.41
FAC-7613,2026-06-08,Vendedor_A,PROD013,22,6.66,4.96
FAC-7614,2026-06-08,Vendedor_A,PROD004,4,17.42,13.33
FAC-7615,2026-06-08,Vendedor_B,PROD008,4,12.26,9.11
FAC-7616,2026-06-08,Vendedor_A,PROD003,5,20.38,14.6
FAC-7617,2026-06-08,Vendedor_B,PROD021,10,67.05,47.97
FAC-7618,2026-06-08,Vendedor_B,PROD007,2,25.9,36.28
FAC-7619,2026-06-08,Vendedor_A,PROD014,2,7.43,5.45
FAC-7620,2026-06-08,Vendedor_B,PROD012,21,7.77,5.8
FAC-7621,2026-06-08,Vendedor_A,PROD006,3,31.9,22.41
FAC-7622,2026-06-08,Vendedor_C,PROD014,15,7.61,5.45
FAC-7623,2026-06-08,Vendedor_B,PROD015,12,7.19,4.96
FAC-7624,2026-06-08,Vendedor_A,PROD012,12,7.56,5.8
FAC-7625,2026-06-08,Vendedor_B,PROD017,3,41.41,30.33
FAC-7626,2026-06-08,Vendedor_A,PROD003,3,20.87,14.6
FAC-7627,2026-06-08,Vendedor_C,PROD021,21,62.79,47.97
FAC-7628,2026-06-08,Vendedor_A,PROD015,19,6.99,4.96
FAC-7629,2026-06-08,Vendedor_C,PROD023,5,97.73,75.17
FAC-7630,2026-06-08,Vendedor_A,PROD005,3,43.17,31.53
FAC-7631,2026-06-08,Vendedor_A,PROD010,4,9.72,6.74
FAC-7632,2026-06-08,Vendedor_B,PROD025,18,129.74,97.09
FAC-7633,2026-06-08,Vendedor_A,PROD021,4,66.49,47.97
FAC-7634,2026-06-08,Vendedor_A,PROD023,19,105.6,75.17
FAC-7635,2026-06-08,Vendedor_B,PROD017,5,43.26,30.33
FAC-7636,2026-06-08,Vendedor_A,PROD013,18,6.79,4.96
FAC-7637,2026-06-08,Vendedor_A,PROD017,3,40.76,30.33
FAC-7638,2026-06-08,Vendedor_A,PROD007,3,25.9,36.28
FAC-7639,2026-06-08,Vendedor_A,PROD017,3,43.46,30.33
FAC-7640,2026-06-08,Vendedor_A,PROD015,10,7.02,4.96
FAC-7641,2026-06-08,Vendedor_B,PROD005,4,41.41,31.53
FAC-7642,2026-06-08,Vendedor_C,PROD005,4,41.5,31.53
FAC-7643,2026-06-08,Vendedor_B,PROD017,4,41.01,30.33
FAC-7644,2026-06-08,Vendedor_B,PROD017,1,43.67,30.33
FAC-7645,2026-06-08,Vendedor_A,PROD024,18,72.38,55.29
FAC-7646,2026-06-08,Vendedor_A,PROD008,2,12.65,9.11
FAC-7647,2026-06-08,Vendedor_A,PROD018,5,34.43,24.69
FAC-7648,2026-06-08,Vendedor_B,PROD017,4,41.92,30.33
FAC-7649,2026-06-09,Vendedor_B,PROD002,5,18.2,22.81
FAC-7650,2026-06-09,Vendedor_B,PROD019,1,38.89,27.13
FAC-7651,2026-06-09,Vendedor_A,PROD025,14,128.29,97.09
FAC-7652,2026-06-09,Vendedor_B,PROD019,1,39.29,27.13
FAC-7653,2026-06-09,Vendedor_A,PROD021,4,64.28,47.97
FAC-7654,2026-06-09,Vendedor_C,PROD007,4,25.9,36.28
FAC-7655,2026-06-09,Vendedor_A,PROD001,4,19.6,16.33
FAC-7656,2026-06-09,Vendedor_A,PROD011,1,19.53,13.59
FAC-7657,2026-06-09,Vendedor_A,PROD003,4,20.43,14.6
FAC-7658,2026-06-09,Vendedor_A,PROD003,2,20.82,14.6
FAC-7659,2026-06-09,Vendedor_A,PROD021,6,67.97,47.97
FAC-7660,2026-06-09,Vendedor_B,PROD025,20,137.78,97.09
FAC-7661,2026-06-09,Vendedor_B,PROD019,4,38.96,27.13
FAC-7662,2026-06-09,Vendedor_A,PROD011,4,18.34,13.59
FAC-7663,2026-06-09,Vendedor_B,PROD015,17,6.73,4.96
FAC-7664,2026-06-09,Vendedor_A,PROD016,12,6.72,9.59
FAC-7665,2026-06-09,Vendedor_A,PROD017,1,43.8,30.33
FAC-7666,2026-06-09,Vendedor_A,PROD006,1,31.83,22.41
FAC-7667,2026-06-09,Vendedor_B,PROD003,1,20.14,14.6
FAC-7668,2026-06-09,Vendedor_B,PROD012,6,7.59,5.8
FAC-7669,2026-06-09,Vendedor_B,PROD017,5,43.72,30.33
FAC-7670,2026-06-09,Vendedor_B,PROD015,3,6.73,4.96
FAC-7671,2026-06-09,Vendedor_A,PROD019,1,38.18,27.13
FAC-7672,2026-06-09,Vendedor_A,PROD012,12,7.67,5.8
FAC-7673,2026-06-09,Vendedor_A,PROD002,2,18.2,22.81
FAC-7674,2026-06-09,Vendedor_A,PROD004,3,18.48,13.84
FAC-7675,2026-06-09,Vendedor_B,PROD007,2,25.9,36.28
FAC-7676,2026-06-09,Vendedor_B,PROD025,6,132.67,97.09
FAC-7677,2026-06-09,Vendedor_A,PROD013,16,7.12,4.96
FAC-7678,2026-06-09,Vendedor_A,PROD007,5,25.9,36.28
FAC-7679,2026-06-09,Vendedor_C,PROD002,5,18.2,22.81
FAC-7680,2026-06-09,Vendedor_A,PROD023,17,105.86,75.17
FAC-7681,2026-06-09,Vendedor_C,PROD019,2,36.51,27.13
FAC-7682,2026-06-09,Vendedor_A,PROD017,3,42.7,30.33
FAC-7683,2026-06-09,Vendedor_C,PROD021,10,65.57,47.97
FAC-7684,2026-06-09,Vendedor_B,PROD010,2,9.66,6.74
FAC-7685,2026-06-09,Vendedor_A,PROD017,3,40.91,30.33
FAC-7686,2026-06-09,Vendedor_A,PROD001,1,19.6,16.33
FAC-7687,2026-06-09,Vendedor_A,PROD001,2,19.6,16.33
FAC-7688,2026-06-09,Vendedor_A,PROD016,10,6.72,9.59
FAC-7689,2026-06-09,Vendedor_B,PROD006,1,32.03,22.41
FAC-7690,2026-06-10,Vendedor_A,PROD019,4,38.19,27.13
FAC-7691,2026-06-10,Vendedor_A,PROD022,16,74.32,52.28
FAC-7692,2026-06-10,Vendedor_A,PROD011,3,17.83,13.59
FAC-7693,2026-06-10,Vendedor_B,PROD003,5,20.12,14.6
FAC-7694,2026-06-10,Vendedor_C,PROD010,4,9.14,6.74
FAC-7695,2026-06-10,Vendedor_A,PROD016,4,6.72,9.59
FAC-7696,2026-06-10,Vendedor_A,PROD018,4,35.42,24.69
FAC-7697,2026-06-10,Vendedor_C,PROD017,1,43.12,30.33
FAC-7698,2026-06-10,Vendedor_B,PROD001,1,19.6,16.33
FAC-7699,2026-06-10,Vendedor_A,PROD014,21,7.15,5.45
FAC-7700,2026-06-10,Vendedor_A,PROD015,23,6.82,4.96
FAC-7701,2026-06-10,Vendedor_A,PROD014,4,7.43,5.45
FAC-7702,2026-06-10,Vendedor_A,PROD018,2,33.24,24.69
FAC-7703,2026-06-10,Vendedor_B,PROD023,9,97.84,75.17
FAC-7704,2026-06-10,Vendedor_A,PROD018,1,32.56,24.69
FAC-7705,2026-06-10,Vendedor_B,PROD007,2,25.9,36.28
FAC-7706,2026-06-10,Vendedor_A,PROD006,4,31.0,22.41
FAC-7707,2026-06-10,Vendedor_C,PROD024,2,77.25,55.29
FAC-7708,2026-06-10,Vendedor_C,PROD020,4,68.6,55.83
FAC-7709,2026-06-10,Vendedor_A,PROD021,4,66.48,47.97
FAC-7710,2026-06-10,Vendedor_A,PROD023,22,102.18,75.17
FAC-7711,2026-06-10,Vendedor_A,PROD012,20,7.86,5.8
FAC-7712,2026-06-10,Vendedor_C,PROD013,16,6.8,4.96
FAC-7713,2026-06-10,Vendedor_C,PROD021,20,66.11,47.97
FAC-7714,2026-06-10,Vendedor_A,PROD017,2,40.33,30.33
FAC-7715,2026-06-10,Vendedor_A,PROD012,2,7.96,5.8
FAC-7716,2026-06-10,Vendedor_A,PROD001,5,19.6,16.33
FAC-7717,2026-06-10,Vendedor_C,PROD015,22,6.71,4.96
FAC-7718,2026-06-10,Vendedor_A,PROD009,5,10.33,7.62
FAC-7719,2026-06-10,Vendedor_A,PROD010,5,9.56,6.74
FAC-7720,2026-06-10,Vendedor_A,PROD024,11,73.79,55.29
FAC-7721,2026-06-10,Vendedor_A,PROD009,4,10.66,7.62
FAC-7722,2026-06-10,Vendedor_C,PROD017,3,41.44,30.33
FAC-7723,2026-06-10,Vendedor_B,PROD005,2,41.09,31.53
FAC-7724,2026-06-10,Vendedor_A,PROD009,5,9.98,7.62
FAC-7725,2026-06-10,Vendedor_B,PROD022,17,71.69,52.28
FAC-7726,2026-06-10,Vendedor_A,PROD004,4,19.61,13.84
FAC-7727,2026-06-10,Vendedor_A,PROD025,3,139.71,97.09
FAC-7728,2026-06-10,Vendedor_A,PROD011,1,19.6,13.59
FAC-7729,2026-06-10,Vendedor_B,PROD025,13,131.33,97.09
FAC-7730,2026-06-10,Vendedor_A,PROD006,3,30.52,22.41
FAC-7731,2026-06-10,Vendedor_C,PROD023,16,99.79,75.17
FAC-7732,2026-06-10,Vendedor_C,PROD021,18,66.94,47.97
FAC-7733,2026-06-10,Vendedor_A,PROD025,19,137.77,97.09
FAC-7734,2026-06-10,Vendedor_C,PROD010,1,9.04,6.74
FAC-7735,2026-06-10,Vendedor_B,PROD014,21,7.83,5.45
FAC-7736,2026-06-10,Vendedor_A,PROD014,4,7.79,5.45
FAC-7737,2026-06-11,Vendedor_A,PROD001,1,19.6,16.33
FAC-7738,2026-06-11,Vendedor_A,PROD013,13,6.53,4.96
FAC-7739,2026-06-11,Vendedor_A,PROD002,1,18.2,22.81
FAC-7740,2026-06-11,Vendedor_B,PROD005,5,45.01,31.53
FAC-7741,2026-06-11,Vendedor_C,PROD011,1,18.76,13.59
FAC-7742,2026-06-11,Vendedor_C,PROD025,19,87.38,97.09
FAC-7743,2026-06-11,Vendedor_C,PROD013,14,7.13,4.96
FAC-7744,2026-06-11,Vendedor_B,PROD012,15,8.35,5.8
FAC-7745,2026-06-11,Vendedor_C,PROD001,5,14.7,16.33
FAC-7746,2026-06-11,Vendedor_A,PROD014,2,7.68,5.45
FAC-7747,2026-06-11,Vendedor_C,PROD022,15,74.42,52.28
FAC-7748,2026-06-11,Vendedor_B,PROD020,11,68.6,55.83
FAC-7749,2026-06-11,Vendedor_A,PROD013,20,6.74,4.96
FAC-7750,2026-06-11,Vendedor_B,PROD022,17,75.14,52.28
FAC-7751,2026-06-11,Vendedor_B,PROD019,2,36.59,27.13
FAC-7752,2026-06-11,Vendedor_A,PROD017,3,43.28,30.33
FAC-7753,2026-06-11,Vendedor_B,PROD006,4,30.78,22.41
FAC-7754,2026-06-11,Vendedor_C,PROD011,1,18.15,13.59
FAC-7755,2026-06-11,Vendedor_A,PROD016,16,6.72,9.59
FAC-7756,2026-06-11,Vendedor_A,PROD021,22,67.84,47.97
FAC-7757,2026-06-11,Vendedor_C,PROD001,2,19.6,16.33
FAC-7758,2026-06-11,Vendedor_B,PROD021,12,65.49,47.97
FAC-7759,2026-06-11,Vendedor_C,PROD018,4,33.84,24.69
FAC-7760,2026-06-11,Vendedor_B,PROD003,5,20.37,14.6
FAC-7761,2026-06-11,Vendedor_A,PROD011,3,18.69,13.59
FAC-7762,2026-06-11,Vendedor_A,PROD006,5,31.91,22.41
FAC-7763,2026-06-11,Vendedor_C,PROD010,2,9.54,6.74
FAC-7764,2026-06-11,Vendedor_A,PROD024,19,79.34,55.29
FAC-7765,2026-06-11,Vendedor_A,PROD024,15,79.16,55.29
FAC-7766,2026-06-11,Vendedor_B,PROD005,1,43.16,31.53
FAC-7767,2026-06-11,Vendedor_C,PROD022,4,68.44,52.28
FAC-7768,2026-06-11,Vendedor_C,PROD022,10,69.21,52.28
FAC-7769,2026-06-11,Vendedor_C,PROD013,22,6.52,4.96
FAC-7770,2026-06-11,Vendedor_A,PROD017,2,42.24,30.33
FAC-7771,2026-06-11,Vendedor_A,PROD021,2,69.47,47.97
FAC-7772,2026-06-11,Vendedor_C,PROD009,1,10.8,7.62
FAC-7773,2026-06-11,Vendedor_B,PROD022,10,71.62,52.28
FAC-7774,2026-06-11,Vendedor_A,PROD007,1,25.9,36.28
FAC-7775,2026-06-11,Vendedor_A,PROD009,2,10.23,7.62
FAC-7776,2026-06-11,Vendedor_C,PROD014,5,7.79,5.45
FAC-7777,2026-06-11,Vendedor_C,PROD019,4,38.83,27.13
FAC-7778,2026-06-11,Vendedor_C,PROD015,6,6.58,4.96
FAC-7779,2026-06-11,Vendedor_A,PROD024,2,75.09,55.29
FAC-7780,2026-06-11,Vendedor_A,PROD003,1,20.6,14.6
FAC-7781,2026-06-11,Vendedor_A,PROD015,20,6.6,4.96
FAC-7782,2026-06-11,Vendedor_A,PROD014,2,7.24,5.45
FAC-7783,2026-06-11,Vendedor_B,PROD010,3,9.75,6.74
FAC-7784,2026-06-12,Vendedor_A,PROD008,5,13.27,9.23
FAC-7785,2026-06-12,Vendedor_B,PROD019,2,38.26,27.13
FAC-7786,2026-06-12,Vendedor_B,PROD025,19,126.43,97.09
FAC-7787,2026-06-12,Vendedor_B,PROD010,3,9.67,6.74
FAC-7788,2026-06-12,Vendedor_C,PROD022,5,73.19,52.28
FAC-7789,2026-06-12,Vendedor_A,PROD019,2,37.37,27.13
FAC-7790,2026-06-12,Vendedor_B,PROD009,5,11.04,7.62
FAC-7791,2026-06-12,Vendedor_C,PROD009,3,10.68,7.62
FAC-7792,2026-06-12,Vendedor_B,PROD010,1,9.3,6.74
FAC-7793,2026-06-12,Vendedor_C,PROD012,10,7.59,5.8
FAC-7794,2026-06-12,Vendedor_A,PROD017,4,43.96,30.33
FAC-7795,2026-06-12,Vendedor_A,PROD006,1,31.16,22.41
FAC-7796,2026-06-12,Vendedor_B,PROD001,3,19.6,16.33
FAC-7797,2026-06-12,Vendedor_A,PROD024,17,76.6,55.29
FAC-7798,2026-06-12,Vendedor_B,PROD002,4,18.2,22.81
FAC-7799,2026-06-12,Vendedor_C,PROD023,16,107.76,75.17
FAC-7800,2026-06-12,Vendedor_B,PROD014,12,7.4,5.45
FAC-7801,2026-06-12,Vendedor_A,PROD008,4,12.11,9.23
FAC-7802,2026-06-12,Vendedor_C,PROD017,4,43.17,30.33
FAC-7803,2026-06-12,Vendedor_C,PROD020,9,68.6,55.83
FAC-7804,2026-06-12,Vendedor_C,PROD018,2,34.94,24.69
FAC-7805,2026-06-12,Vendedor_A,PROD015,22,6.88,4.96
FAC-7806,2026-06-12,Vendedor_C,PROD009,4,11.02,7.62
FAC-7807,2026-06-12,Vendedor_B,PROD020,4,68.6,55.83
FAC-7808,2026-06-12,Vendedor_A,PROD019,5,37.62,27.13
FAC-7809,2026-06-12,Vendedor_B,PROD006,3,31.54,22.41
FAC-7810,2026-06-12,Vendedor_C,PROD025,8,135.37,97.09
FAC-7811,2026-06-12,Vendedor_B,PROD003,5,20.99,14.6
FAC-7812,2026-06-12,Vendedor_B,PROD014,8,7.29,5.45
FAC-7813,2026-06-12,Vendedor_C,PROD005,4,45.09,31.53
FAC-7814,2026-06-12,Vendedor_A,PROD014,2,7.35,5.45
FAC-7815,2026-06-12,Vendedor_A,PROD013,10,7.0,4.96
FAC-7816,2026-06-12,Vendedor_A,PROD023,11,106.54,75.17
FAC-7817,2026-06-12,Vendedor_A,PROD017,2,43.23,30.33
FAC-7818,2026-06-12,Vendedor_B,PROD024,8,73.79,55.29
FAC-7819,2026-06-12,Vendedor_B,PROD002,2,18.2,22.81
FAC-7820,2026-06-12,Vendedor_A,PROD013,14,7.04,4.96
FAC-7821,2026-06-12,Vendedor_A,PROD014,2,7.21,5.45
FAC-7822,2026-06-12,Vendedor_B,PROD005,3,43.65,31.53
FAC-7823,2026-06-12,Vendedor_B,PROD018,4,34.36,24.69
FAC-7824,2026-06-12,Vendedor_A,PROD009,1,11.04,7.62
FAC-7825,2026-06-12,Vendedor_B,PROD017,4,43.15,30.33
FAC-7826,2026-06-12,Vendedor_A,PROD012,16,7.88,5.8
FAC-7827,2026-06-13,Vendedor_C,PROD008,3,12.75,9.23
FAC-7828,2026-06-13,Vendedor_B,PROD003,4,19.02,14.6
FAC-7829,2026-06-13,Vendedor_C,PROD012,7,7.94,5.8
FAC-7830,2026-06-13,Vendedor_B,PROD004,5,19.83,13.84
FAC-7831,2026-06-13,Vendedor_A,PROD022,21,73.88,52.28
FAC-7832,2026-06-13,Vendedor_A,PROD004,4,18.9,13.84
FAC-7833,2026-06-13,Vendedor_A,PROD019,4,36.79,27.13
FAC-7834,2026-06-13,Vendedor_B,PROD003,3,19.71,14.6
FAC-7835,2026-06-13,Vendedor_B,PROD015,21,6.89,4.96
FAC-7836,2026-06-13,Vendedor_B,PROD012,15,8.22,5.8
FAC-7837,2026-06-13,Vendedor_A,PROD024,23,74.59,55.29
FAC-7838,2026-06-13,Vendedor_C,PROD020,16,68.6,55.83
FAC-7839,2026-06-13,Vendedor_A,PROD006,1,30.78,22.41
FAC-7840,2026-06-13,Vendedor_C,PROD010,2,8.87,6.74
FAC-7841,2026-06-13,Vendedor_C,PROD008,4,12.8,9.23
FAC-7842,2026-06-13,Vendedor_A,PROD005,5,41.35,31.53
FAC-7843,2026-06-13,Vendedor_A,PROD017,4,41.67,30.33
FAC-7844,2026-06-13,Vendedor_B,PROD025,11,133.55,97.09
FAC-7845,2026-06-13,Vendedor_A,PROD005,1,43.67,31.53
FAC-7846,2026-06-13,Vendedor_B,PROD015,5,6.56,4.96
FAC-7847,2026-06-13,Vendedor_A,PROD019,3,36.89,27.13
FAC-7848,2026-06-13,Vendedor_A,PROD008,1,12.89,9.23
FAC-7849,2026-06-13,Vendedor_A,PROD001,3,19.6,16.33
FAC-7850,2026-06-13,Vendedor_C,PROD010,4,9.59,6.74
FAC-7851,2026-06-13,Vendedor_B,PROD011,5,18.48,13.59
FAC-7852,2026-06-13,Vendedor_A,PROD010,3,8.88,6.74
FAC-7853,2026-06-13,Vendedor_B,PROD013,16,6.84,4.96
FAC-7854,2026-06-13,Vendedor_B,PROD001,5,19.6,16.33
FAC-7855,2026-06-13,Vendedor_C,PROD010,1,9.76,6.74
FAC-7856,2026-06-13,Vendedor_A,PROD010,4,9.65,6.74
FAC-7857,2026-06-13,Vendedor_C,PROD003,1,19.49,14.6
FAC-7858,2026-06-13,Vendedor_A,PROD016,22,6.72,9.59
FAC-7859,2026-06-13,Vendedor_C,PROD016,4,6.72,9.59
FAC-7860,2026-06-13,Vendedor_C,PROD003,2,20.48,14.6
FAC-7861,2026-06-13,Vendedor_C,PROD002,3,18.2,22.81
FAC-7862,2026-06-13,Vendedor_C,PROD021,4,64.86,47.97
FAC-7863,2026-06-14,Vendedor_A,PROD014,9,7.49,5.45
FAC-7864,2026-06-14,Vendedor_A,PROD019,3,38.39,27.13
FAC-7865,2026-06-14,Vendedor_C,PROD017,3,42.97,30.33
FAC-7866,2026-06-14,Vendedor_B,PROD021,8,68.52,47.97
FAC-7867,2026-06-14,Vendedor_A,PROD018,2,33.78,24.69
FAC-7868,2026-06-14,Vendedor_C,PROD013,12,6.85,4.96
FAC-7869,2026-06-14,Vendedor_A,PROD007,5,25.9,36.28
FAC-7870,2026-06-14,Vendedor_B,PROD016,17,6.72,9.59
FAC-7871,2026-06-14,Vendedor_A,PROD015,10,7.13,4.96
FAC-7872,2026-06-14,Vendedor_B,PROD011,3,18.4,13.59
FAC-7873,2026-06-14,Vendedor_B,PROD016,13,6.72,9.59
FAC-7874,2026-06-14,Vendedor_A,PROD023,23,99.93,75.17
FAC-7875,2026-06-14,Vendedor_B,PROD016,23,6.72,9.59
FAC-7876,2026-06-14,Vendedor_B,PROD024,18,72.2,55.29
FAC-7877,2026-06-14,Vendedor_A,PROD015,18,7.15,4.96
FAC-7878,2026-06-14,Vendedor_C,PROD004,3,18.12,13.84
FAC-7879,2026-06-14,Vendedor_A,PROD004,2,18.3,13.84
FAC-7880,2026-06-14,Vendedor_B,PROD006,3,30.18,22.41
FAC-7881,2026-06-14,Vendedor_B,PROD023,5,105.9,75.17
FAC-7882,2026-06-14,Vendedor_B,PROD013,9,6.88,4.96
FAC-7883,2026-06-14,Vendedor_B,PROD008,5,12.25,9.23
FAC-7884,2026-06-14,Vendedor_B,PROD013,18,7.17,4.96
FAC-7885,2026-06-14,Vendedor_A,PROD012,6,7.83,5.8
FAC-7886,2026-06-14,Vendedor_A,PROD025,4,129.79,97.09
FAC-7887,2026-06-14,Vendedor_C,PROD023,13,108.05,75.17
FAC-7888,2026-06-14,Vendedor_B,PROD007,1,25.9,36.28
FAC-7889,2026-06-14,Vendedor_A,PROD005,3,45.49,31.53
FAC-7890,2026-06-14,Vendedor_C,PROD013,11,7.11,4.96
FAC-7891,2026-06-14,Vendedor_A,PROD005,2,43.53,31.53
FAC-7892,2026-06-14,Vendedor_C,PROD021,15,69.28,47.97
FAC-7893,2026-06-14,Vendedor_A,PROD005,2,41.1,31.53
FAC-7894,2026-06-14,Vendedor_B,PROD022,11,70.43,52.28
FAC-7895,2026-06-14,Vendedor_C,PROD019,4,36.26,27.13
FAC-7896,2026-06-14,Vendedor_A,PROD022,9,71.16,52.28
FAC-7897,2026-06-14,Vendedor_B,PROD016,17,6.72,9.59
FAC-7898,2026-06-15,Vendedor_A,PROD017,2,42.81,30.33
FAC-7899,2026-06-15,Vendedor_C,PROD017,3,42.6,30.33
FAC-7900,2026-06-15,Vendedor_A,PROD017,3,42.25,30.33
FAC-7901,2026-06-15,Vendedor_A,PROD011,4,19.25,13.59
FAC-7902,2026-06-15,Vendedor_B,PROD013,18,6.88,4.96
FAC-7903,2026-06-15,Vendedor_B,PROD008,4,12.23,9.23
FAC-7904,2026-06-15,Vendedor_A,PROD015,8,6.78,4.96
FAC-7905,2026-06-15,Vendedor_A,PROD011,5,18.63,13.59
FAC-7906,2026-06-15,Vendedor_A,PROD008,1,12.65,9.23
FAC-7907,2026-06-15,Vendedor_A,PROD011,5,19.52,13.59
FAC-7908,2026-06-15,Vendedor_A,PROD024,2,74.33,55.29
FAC-7909,2026-06-15,Vendedor_A,PROD017,1,43.94,30.33
FAC-7910,2026-06-15,Vendedor_A,PROD025,17,137.59,97.09
FAC-7911,2026-06-15,Vendedor_B,PROD016,23,6.72,9.59
FAC-7912,2026-06-15,Vendedor_A,PROD021,22,67.65,47.97
FAC-7913,2026-06-15,Vendedor_A,PROD004,3,19.37,13.84
FAC-7914,2026-06-15,Vendedor_C,PROD016,19,6.72,9.59
FAC-7915,2026-06-15,Vendedor_C,PROD010,3,9.59,6.74
FAC-7916,2026-06-15,Vendedor_A,PROD008,5,12.65,9.23
FAC-7917,2026-06-15,Vendedor_A,PROD020,17,68.6,55.83
FAC-7918,2026-06-15,Vendedor_A,PROD018,2,35.08,24.69
FAC-7919,2026-06-15,Vendedor_B,PROD021,12,66.07,47.97
FAC-7920,2026-06-15,Vendedor_A,PROD015,16,6.64,4.96
FAC-7921,2026-06-15,Vendedor_B,PROD009,4,9.95,7.62
FAC-7922,2026-06-15,Vendedor_A,PROD023,4,104.87,75.17
FAC-7923,2026-06-15,Vendedor_B,PROD021,13,65.5,47.97
FAC-7924,2026-06-15,Vendedor_B,PROD012,11,8.15,5.8
FAC-7925,2026-06-15,Vendedor_A,PROD023,15,97.85,75.17
FAC-7926,2026-06-15,Vendedor_B,PROD016,3,6.72,9.59
FAC-7927,2026-06-15,Vendedor_C,PROD006,1,30.86,22.41
FAC-7928,2026-06-15,Vendedor_B,PROD014,12,7.72,5.45
FAC-7929,2026-06-15,Vendedor_C,PROD018,2,32.5,24.69
FAC-7930,2026-06-15,Vendedor_A,PROD013,20,6.93,4.96
FAC-7931,2026-06-15,Vendedor_B,PROD024,6,72.87,55.29
FAC-7932,2026-06-15,Vendedor_B,PROD019,1,39.32,27.13
FAC-7933,2026-06-15,Vendedor_A,PROD007,1,25.9,36.28
FAC-7934,2026-06-15,Vendedor_C,PROD006,5,30.32,22.41
FAC-7935,2026-06-15,Vendedor_A,PROD012,19,7.6,5.8
FAC-7936,2026-06-15,Vendedor_C,PROD004,1,19.38,13.84
FAC-7937,2026-06-15,Vendedor_A,PROD020,6,68.6,55.83
